CREATE TABLE Language (
silCode TEXT PRIMARY KEY NOT NULL,
langCode TEXT NOT NULL,
direction TEXT NOT NULL CHECK(direction IN('ltr', 'rtl')),
englishName TEXT NOT NULL,
localLanguageName TEXT NOT NULL
);
INSERT INTO Language VALUES('awa','awa','ltr','Awadhi','Awadhi');
INSERT INTO Language VALUES('ben','bn','ltr','Bengali','বাঙালি');
INSERT INTO Language VALUES('bul','bg','ltr','Bulgarian','български език');
INSERT INTO Language VALUES('cmn','zh','ltr','Chinese','汉语, 漢語');
INSERT INTO Language VALUES('eng','en','ltr','English','English');
INSERT INTO Language VALUES('hin','hi','ltr','Hindi','हिंदी');
INSERT INTO Language VALUES('hrv','hr','ltr','Croatian','hrvatski');
INSERT INTO Language VALUES('hun','hu','ltr','Hungarian','Magyar');
INSERT INTO Language VALUES('ind','id','ltr','Indonesian','Bahasa Indonesia');
INSERT INTO Language VALUES('kan','kn','ltr','Kannada','ಕನ್ನಡ');
INSERT INTO Language VALUES('mar','mr','ltr','Marathi','मराठी');
INSERT INTO Language VALUES('nep','ne','ltr','Nepali','नेपाली');
INSERT INTO Language VALUES('ori','or','ltr','Oriya','Oriya');
INSERT INTO Language VALUES('pan','pa','ltr','Punjabi','ਪੰਜਾਬੀ ਦੇ');
INSERT INTO Language VALUES('por','pt','ltr','Portuguese','Português');
INSERT INTO Language VALUES('rus','ru','ltr','Russian','русский');
INSERT INTO Language VALUES('srp','sr','ltr','Serbian','Српски');
INSERT INTO Language VALUES('spa','es','ltr','Spanish','Español');
INSERT INTO Language VALUES('tam','ta','ltr','Tamil','தமிழ் மொழி');
INSERT INTO Language VALUES('tha','th','ltr','Thai','ภาษาไทย');
INSERT INTO Language VALUES('ukr','uk','ltr','Ukrainian','українська мова');
INSERT INTO Language VALUES('vie','vi','ltr','Vietnamese','Tiếng Việt');
INSERT INTO Language VALUES('arb','ar','rtl','Arabic','العربية');
INSERT INTO Language VALUES('pes','fa','rtl','Persian','فارسی');
INSERT INTO Language VALUES('urd','ur','rtl','Urdu','اردو زبان');
CREATE TABLE AWSRegion(
awsRegion TEXT NOT NULL PRIMARY KEY,
s3TextBucket TEXT NULL,
regionName TEXT NOT NULL	
);
INSERT INTO AWSRegion VALUES('us-east-1','shortsands-na-va','US East (N. Virginia)');
INSERT INTO AWSRegion VALUES('us-east-2',NULL,'US East (Ohio)');
INSERT INTO AWSRegion VALUES('us-west-1',NULL,'US West (N. California)');
INSERT INTO AWSRegion VALUES('us-west-2',NULL,'US West (Oregon)');
INSERT INTO AWSRegion VALUES('ca-central-1',NULL,'Canada (Central)');
INSERT INTO AWSRegion VALUES('eu-west-1','shortsands-eu-ie','EU (Ireland)');
INSERT INTO AWSRegion VALUES('eu-central-1',NULL,'EU (Frankfurt)');
INSERT INTO AWSRegion VALUES('eu-west-2',NULL,'EU (London)');
INSERT INTO AWSRegion VALUES('ap-northeast-1','shortsands-as-jp','Asia Pacific (Tokyo)');
INSERT INTO AWSRegion VALUES('ap-northeast-2',NULL,'Asia Pacific (Seoul)');
INSERT INTO AWSRegion VALUES('ap-southeast-1','shortsands-as-sg','Asia Pacific (Singapore)');
INSERT INTO AWSRegion VALUES('ap-southeast-2','shortsands-oc-au','Asia Pacific (Sydney)');
INSERT INTO AWSRegion VALUES('ap-south-1',NULL,'Asia Pacific (Mumbai)');
INSERT INTO AWSRegion VALUES('sa-east-1',NULL,'South America (São Paulo)');
CREATE TABLE Region (
countryCode TEXT NOT NULL PRIMARY KEY,
continentCode TEXT NOT NULL CHECK (continentCode IN('AF','EU','AS','NA','SA','OC','AN')),
geoschemeCode TEXT NOT NULL CHECK (geoschemeCode IN(
		'AF-EAS','AF-MID','AF-NOR','AF-SOU','AF-WES',
		'SA-CAR','SA-CEN','SA-SOU','NA-NOR',
		'AS-CEN','AS-EAS','AS-SOU','AS-SEA','AS-WES',
		'EU-EAS','EU-NOR','EU-SOU','EU-WES',
		'OC-AUS','OC-MEL','OC-MIC','OC-POL','AN-ANT')),
awsRegion TEXT NOT NULL REFERENCES AWSRegion(awsRegion),
countryName TEXT NOT NULL	
);
CREATE INDEX Region_awsRegion_index ON Region(awsRegion);
INSERT INTO Region VALUES('AF','AS','AS-SOU','ap-southeast-1','Afghanistan');
INSERT INTO Region VALUES('AX','EU','EU-NOR','eu-west-1','Åland Islands');
INSERT INTO Region VALUES('AL','EU','EU-SOU','eu-west-1','Albania');
INSERT INTO Region VALUES('DZ','AF','AF-NOR','eu-west-1','Algeria');
INSERT INTO Region VALUES('AS','OC','OC-POL','ap-southeast-2','American Samoa');
INSERT INTO Region VALUES('AD','EU','EU-SOU','eu-west-1','Andorra');
INSERT INTO Region VALUES('AO','AF','AF-MID','eu-west-1','Angola');
INSERT INTO Region VALUES('AI','SA','SA-CAR','us-east-1','Anguilla');
INSERT INTO Region VALUES('AQ','AN','AN-ANT','ap-southeast-2','Antarctica');
INSERT INTO Region VALUES('AG','SA','SA-CAR','us-east-1','Antigua and Barbuda');
INSERT INTO Region VALUES('AR','SA','SA-SOU','us-east-1','Argentina');
INSERT INTO Region VALUES('AM','AS','AS-WES','eu-west-1','Armenia');
INSERT INTO Region VALUES('AW','SA','SA-CAR','us-east-1','Aruba');
INSERT INTO Region VALUES('AU','OC','OC-AUS','ap-southeast-2','Australia');
INSERT INTO Region VALUES('AT','EU','EU-WES','eu-west-1','Austria');
INSERT INTO Region VALUES('AZ','AS','AS-WES','eu-west-1','Azerbaijan');
INSERT INTO Region VALUES('BS','SA','SA-CAR','us-east-1','Bahamas');
INSERT INTO Region VALUES('BH','AS','AS-WES','eu-west-1','Bahrain');
INSERT INTO Region VALUES('BD','AS','AS-SOU','ap-southeast-1','Bangladesh');
INSERT INTO Region VALUES('BB','SA','SA-CAR','us-east-1','Barbados');
INSERT INTO Region VALUES('BY','EU','EU-EAS','eu-west-1','Belarus');
INSERT INTO Region VALUES('BZ','SA','SA-CEN','us-east-1','Belize');
INSERT INTO Region VALUES('BE','EU','EU-WES','eu-west-1','Belgium');
INSERT INTO Region VALUES('BJ','AF','AF-WES','eu-west-1','Benin');
INSERT INTO Region VALUES('BM','NA','NA-NOR','us-east-1','Bermuda');
INSERT INTO Region VALUES('BT','AS','AS-SOU','ap-southeast-1','Bhutan');
INSERT INTO Region VALUES('BO','SA','SA-SOU','us-east-1','Bolivia');
INSERT INTO Region VALUES('BQ','SA','SA-CAR','us-east-1','Bonaire');
INSERT INTO Region VALUES('BA','EU','EU-SOU','eu-west-1','Bosnia and Herzegovina');
INSERT INTO Region VALUES('BW','AF','AF-SOU','eu-west-1','Botswana');
INSERT INTO Region VALUES('BV','AN','AN-ANT','ap-southeast-2','Bouvet Island');
INSERT INTO Region VALUES('BR','SA','SA-SOU','us-east-1','Brazil');
INSERT INTO Region VALUES('IO','EU','EU-WES','eu-west-1','British Indian Ocean Territory');
INSERT INTO Region VALUES('BN','AS','AS-SEA','ap-southeast-1','Brunei Darussalam');
INSERT INTO Region VALUES('BG','EU','EU-EAS','eu-west-1','Bulgaria');
INSERT INTO Region VALUES('BF','AF','AF-WES','eu-west-1','Burkina Faso');
INSERT INTO Region VALUES('BI','AF','AF-EAS','eu-west-1','Burundi');
INSERT INTO Region VALUES('CV','AF','AF-WES','eu-west-1','Cabo Verde');
INSERT INTO Region VALUES('KH','AS','AS-SEA','ap-southeast-1','Cambodia');
INSERT INTO Region VALUES('CM','AF','AF-MID','eu-west-1','Cameroon');
INSERT INTO Region VALUES('CA','NA','NA-NOR','us-east-1','Canada');
INSERT INTO Region VALUES('KY','SA','SA-CAR','us-east-1','Cayman Islands');
INSERT INTO Region VALUES('CF','AF','AF-MID','eu-west-1','Central African Republic');
INSERT INTO Region VALUES('TD','AF','AF-MID','eu-west-1','Chad');
INSERT INTO Region VALUES('CL','SA','SA-SOU','us-east-1','Chile');
INSERT INTO Region VALUES('CN','AS','AS-EAS','ap-northeast-1','China');
INSERT INTO Region VALUES('CX','OC','OC-AUS','ap-southeast-2','Christmas Island');
INSERT INTO Region VALUES('CC','OC','OC-AUS','ap-southeast-2','Cocos Islands');
INSERT INTO Region VALUES('CO','SA','SA-SOU','us-east-1','Colombia');
INSERT INTO Region VALUES('KM','AF','AF-EAS','eu-west-1','Comoros');
INSERT INTO Region VALUES('CG','AF','AF-MID','eu-west-1','Congo');
INSERT INTO Region VALUES('CD','AF','AF-MID','eu-west-1','Congo Democratic Republic');
INSERT INTO Region VALUES('CK','OC','OC-POL','ap-southeast-2','Cook Islands');
INSERT INTO Region VALUES('CR','SA','SA-CEN','us-east-1','Costa Rica');
INSERT INTO Region VALUES('CI','AF','AF-WES','eu-west-1','Côte d''Ivoire');
INSERT INTO Region VALUES('HR','EU','EU-SOU','eu-west-1','Croatia');
INSERT INTO Region VALUES('CU','SA','SA-CAR','us-east-1','Cuba');
INSERT INTO Region VALUES('CW','SA','SA-CAR','us-east-1','Curaçao');
INSERT INTO Region VALUES('CY','EU','AS-WES','eu-west-1','Cyprus');
INSERT INTO Region VALUES('CZ','EU','EU-EAS','eu-west-1','Czechia');
INSERT INTO Region VALUES('DK','EU','EU-NOR','eu-west-1','Denmark');
INSERT INTO Region VALUES('DJ','AF','AF-EAS','eu-west-1','Djibouti');
INSERT INTO Region VALUES('DM','SA','SA-CAR','us-east-1','Dominica');
INSERT INTO Region VALUES('DO','SA','SA-CAR','us-east-1','Dominican Republic');
INSERT INTO Region VALUES('EC','SA','SA-SOU','us-east-1','Ecuador');
INSERT INTO Region VALUES('EG','AF','AF-NOR','eu-west-1','Egypt');
INSERT INTO Region VALUES('SV','SA','SA-CEN','us-east-1','El Salvador');
INSERT INTO Region VALUES('GQ','AF','AF-MID','eu-west-1','Equatorial Guinea');
INSERT INTO Region VALUES('ER','AF','AF-EAS','eu-west-1','Eritrea');
INSERT INTO Region VALUES('EE','EU','EU-NOR','eu-west-1','Estonia');
INSERT INTO Region VALUES('ET','AF','AF-EAS','eu-west-1','Ethiopia');
INSERT INTO Region VALUES('FK','SA','SA-SOU','us-east-1','Falkland Islands');
INSERT INTO Region VALUES('FO','EU','EU-NOR','eu-west-1','Faroe Islands');
INSERT INTO Region VALUES('FJ','OC','OC-MEL','ap-southeast-2','Fiji');
INSERT INTO Region VALUES('FI','EU','EU-NOR','eu-west-1','Finland');
INSERT INTO Region VALUES('FR','EU','EU-WES','eu-west-1','France');
INSERT INTO Region VALUES('GF','SA','SA-SOU','us-east-1','French Guiana');
INSERT INTO Region VALUES('PF','OC','OC-POL','ap-southeast-2','French Polynesia');
INSERT INTO Region VALUES('TF','AN','AN-ANT','ap-southeast-2','French Southern Territories');
INSERT INTO Region VALUES('GA','AF','AF-MID','eu-west-1','Gabon');
INSERT INTO Region VALUES('GM','AF','AF-WES','eu-west-1','Gambia');
INSERT INTO Region VALUES('GE','AS','AS-WES','eu-west-1','Georgia');
INSERT INTO Region VALUES('DE','EU','EU-WES','eu-west-1','Germany');
INSERT INTO Region VALUES('GH','AF','AF-WES','eu-west-1','Ghana');
INSERT INTO Region VALUES('GI','EU','EU-SOU','eu-west-1','Gibraltar');
INSERT INTO Region VALUES('GR','EU','EU-SOU','eu-west-1','Greece');
INSERT INTO Region VALUES('GL','NA','NA-NOR','us-east-1','Greenland');
INSERT INTO Region VALUES('GD','SA','SA-CAR','us-east-1','Grenada');
INSERT INTO Region VALUES('GP','SA','SA-CAR','us-east-1','Guadeloupe');
INSERT INTO Region VALUES('GU','OC','OC-MIC','ap-southeast-2','Guam');
INSERT INTO Region VALUES('GT','SA','SA-CEN','us-east-1','Guatemala');
INSERT INTO Region VALUES('GG','EU','EU-NOR','eu-west-1','Guernsey');
INSERT INTO Region VALUES('GN','AF','AF-WES','eu-west-1','Guinea');
INSERT INTO Region VALUES('GW','AF','AF-WES','eu-west-1','Guinea-Bissau');
INSERT INTO Region VALUES('GY','SA','SA-SOU','us-east-1','Guyana');
INSERT INTO Region VALUES('HT','SA','SA-CAR','us-east-1','Haiti');
INSERT INTO Region VALUES('HM','AN','AN-ANT','ap-southeast-2','Heard Island and McDonald Islands');
INSERT INTO Region VALUES('VA','EU','EU-SOU','eu-west-1','Holy See');
INSERT INTO Region VALUES('HN','SA','SA-CEN','us-east-1','Honduras');
INSERT INTO Region VALUES('HK','AS','AS-EAS','ap-northeast-1','Hong Kong');
INSERT INTO Region VALUES('HU','EU','EU-EAS','eu-west-1','Hungary');
INSERT INTO Region VALUES('IS','EU','EU-NOR','eu-west-1','Iceland');
INSERT INTO Region VALUES('IN','AS','AS-SOU','ap-southeast-1','India');
INSERT INTO Region VALUES('ID','AS','AS-SEA','ap-southeast-1','Indonesia');
INSERT INTO Region VALUES('IR','AS','AS-SOU','ap-southeast-1','Iran');
INSERT INTO Region VALUES('IQ','AS','AS-WES','eu-west-1','Iraq');
INSERT INTO Region VALUES('IE','EU','EU-NOR','eu-west-1','Ireland');
INSERT INTO Region VALUES('IM','EU','EU-NOR','eu-west-1','Isle of Man');
INSERT INTO Region VALUES('IL','AS','AS-WES','eu-west-1','Israel');
INSERT INTO Region VALUES('IT','EU','EU-SOU','eu-west-1','Italy');
INSERT INTO Region VALUES('JM','SA','SA-CAR','us-east-1','Jamaica');
INSERT INTO Region VALUES('JP','AS','AS-EAS','ap-northeast-1','Japan');
INSERT INTO Region VALUES('JE','EU','EU-NOR','eu-west-1','Jersey');
INSERT INTO Region VALUES('JO','AS','AS-WES','eu-west-1','Jordan');
INSERT INTO Region VALUES('KZ','AS','AS-CEN','ap-northeast-1','Kazakhstan');
INSERT INTO Region VALUES('KE','AF','AF-EAS','eu-west-1','Kenya');
INSERT INTO Region VALUES('KI','OC','OC-MIC','ap-southeast-2','Kiribati');
INSERT INTO Region VALUES('KP','AS','AS-EAS','ap-northeast-1','North Korea');
INSERT INTO Region VALUES('KR','AS','AS-EAS','ap-northeast-1','South Korea');
INSERT INTO Region VALUES('KW','AS','AS-WES','eu-west-1','Kuwait');
INSERT INTO Region VALUES('KG','AS','AS-CEN','ap-northeast-1','Kyrgyzstan');
INSERT INTO Region VALUES('LA','AS','AS-SEA','ap-southeast-1','Lao');
INSERT INTO Region VALUES('LV','EU','EU-NOR','eu-west-1','Latvia');
INSERT INTO Region VALUES('LB','AS','AS-WES','eu-west-1','Lebanon');
INSERT INTO Region VALUES('LS','AF','AF-SOU','eu-west-1','Lesotho');
INSERT INTO Region VALUES('LR','AF','AF-WES','eu-west-1','Liberia');
INSERT INTO Region VALUES('LY','AF','AF-NOR','eu-west-1','Libya');
INSERT INTO Region VALUES('LI','EU','EU-WES','eu-west-1','Liechtenstein');
INSERT INTO Region VALUES('LT','EU','EU-NOR','eu-west-1','Lithuania');
INSERT INTO Region VALUES('LU','EU','EU-WES','eu-west-1','Luxembourg');
INSERT INTO Region VALUES('MO','AS','AS-EAS','ap-northeast-1','Macao');
INSERT INTO Region VALUES('MK','EU','EU-SOU','eu-west-1','Macedonia');
INSERT INTO Region VALUES('MG','AF','AF-EAS','eu-west-1','Madagascar');
INSERT INTO Region VALUES('MW','AF','AF-EAS','eu-west-1','Malawi');
INSERT INTO Region VALUES('MY','AS','AS-SEA','ap-southeast-1','Malaysia');
INSERT INTO Region VALUES('MV','AS','AS-SOU','ap-southeast-1','Maldives');
INSERT INTO Region VALUES('ML','AF','AF-WES','eu-west-1','Mali');
INSERT INTO Region VALUES('MT','EU','EU-SOU','eu-west-1','Malta');
INSERT INTO Region VALUES('MH','OC','OC-MIC','ap-southeast-2','Marshall Islands');
INSERT INTO Region VALUES('MQ','SA','SA-CAR','us-east-1','Martinique');
INSERT INTO Region VALUES('MR','AF','AF-WES','eu-west-1','Mauritania');
INSERT INTO Region VALUES('MU','AF','AF-EAS','eu-west-1','Mauritius');
INSERT INTO Region VALUES('YT','AF','AF-EAS','eu-west-1','Mayotte');
INSERT INTO Region VALUES('MX','NA','SA-CEN','us-east-1','Mexico');
INSERT INTO Region VALUES('FM','OC','OC-MIC','ap-southeast-2','Micronesia');
INSERT INTO Region VALUES('MD','EU','EU-EAS','eu-west-1','Moldova');
INSERT INTO Region VALUES('MC','EU','EU-WES','eu-west-1','Monaco');
INSERT INTO Region VALUES('MN','AS','AS-EAS','ap-northeast-1','Mongolia');
INSERT INTO Region VALUES('ME','EU','EU-SOU','eu-west-1','Montenegro');
INSERT INTO Region VALUES('MS','SA','SA-CAR','us-east-1','Montserrat');
INSERT INTO Region VALUES('MA','AF','AF-NOR','eu-west-1','Morocco');
INSERT INTO Region VALUES('MZ','AF','AF-EAS','eu-west-1','Mozambique');
INSERT INTO Region VALUES('MM','AS','AS-SEA','ap-southeast-1','Myanmar');
INSERT INTO Region VALUES('NA','AF','AF-SOU','eu-west-1','Namibia');
INSERT INTO Region VALUES('NR','OC','OC-MIC','ap-southeast-2','Nauru');
INSERT INTO Region VALUES('NP','AS','AS-SOU','ap-southeast-1','Nepal');
INSERT INTO Region VALUES('NL','EU','EU-WES','eu-west-1','Netherlands');
INSERT INTO Region VALUES('NC','OC','OC-MEL','ap-southeast-2','New Caledonia');
INSERT INTO Region VALUES('NZ','OC','OC-AUS','ap-southeast-2','New Zealand');
INSERT INTO Region VALUES('NI','SA','SA-CEN','us-east-1','Nicaragua');
INSERT INTO Region VALUES('NE','AF','AF-WES','eu-west-1','Niger');
INSERT INTO Region VALUES('NG','AF','AF-WES','eu-west-1','Nigeria');
INSERT INTO Region VALUES('NU','OC','OC-POL','ap-southeast-2','Niue');
INSERT INTO Region VALUES('NF','OC','OC-AUS','ap-southeast-2','Norfolk Island');
INSERT INTO Region VALUES('MP','OC','OC-MIC','ap-southeast-2','Northern Mariana Islands');
INSERT INTO Region VALUES('NO','EU','EU-NOR','eu-west-1','Norway');
INSERT INTO Region VALUES('OM','AS','AS-WES','eu-west-1','Oman');
INSERT INTO Region VALUES('PK','AS','AS-SOU','ap-southeast-1','Pakistan');
INSERT INTO Region VALUES('PW','OC','OC-MIC','ap-southeast-2','Palau');
INSERT INTO Region VALUES('PS','AS','AS-WES','eu-west-1','Palestine');
INSERT INTO Region VALUES('PA','SA','SA-CEN','us-east-1','Panama');
INSERT INTO Region VALUES('PG','OC','OC-MEL','ap-southeast-2','Papua New Guinea');
INSERT INTO Region VALUES('PY','SA','SA-SOU','us-east-1','Paraguay');
INSERT INTO Region VALUES('PE','SA','SA-SOU','us-east-1','Peru');
INSERT INTO Region VALUES('PH','AS','AS-SEA','ap-southeast-1','Philippines');
INSERT INTO Region VALUES('PN','OC','OC-POL','ap-southeast-2','Pitcairn');
INSERT INTO Region VALUES('PL','EU','EU-EAS','eu-west-1','Poland');
INSERT INTO Region VALUES('PT','EU','EU-SOU','eu-west-1','Portugal');
INSERT INTO Region VALUES('PR','SA','SA-CAR','us-east-1','Puerto Rico');
INSERT INTO Region VALUES('QA','AS','AS-WES','eu-west-1','Qatar');
INSERT INTO Region VALUES('RE','AF','AF-EAS','eu-west-1','Réunion');
INSERT INTO Region VALUES('RO','EU','EU-EAS','eu-west-1','Romania');
INSERT INTO Region VALUES('RU','EU','EU-EAS','eu-west-1','Russian Federation');
INSERT INTO Region VALUES('RW','AF','AF-EAS','eu-west-1','Rwanda');
INSERT INTO Region VALUES('BL','SA','SA-CAR','us-east-1','Saint Barthélemy');
INSERT INTO Region VALUES('SH','AF','AF-WES','eu-west-1','Saint Helena');
INSERT INTO Region VALUES('KN','SA','SA-CAR','us-east-1','Saint Kitts and Nevis');
INSERT INTO Region VALUES('LC','SA','SA-CAR','us-east-1','Saint Lucia');
INSERT INTO Region VALUES('MF','SA','SA-CAR','us-east-1','Saint Martin');
INSERT INTO Region VALUES('PM','NA','NA-NOR','us-east-1','Saint Pierre and Miquelon');
INSERT INTO Region VALUES('VC','SA','SA-CAR','us-east-1','Saint Vincent and the Grenadines');
INSERT INTO Region VALUES('WS','OC','OC-POL','ap-southeast-2','Samoa');
INSERT INTO Region VALUES('SM','EU','EU-SOU','eu-west-1','San Marino');
INSERT INTO Region VALUES('ST','AF','AF-MID','eu-west-1','Sao Tome and Principe');
INSERT INTO Region VALUES('SA','AS','AS-WES','eu-west-1','Saudi Arabia');
INSERT INTO Region VALUES('SN','AF','AF-WES','eu-west-1','Senegal');
INSERT INTO Region VALUES('RS','EU','EU-SOU','eu-west-1','Serbia');
INSERT INTO Region VALUES('SC','AF','AF-EAS','eu-west-1','Seychelles');
INSERT INTO Region VALUES('SL','AF','AF-WES','eu-west-1','Sierra Leone');
INSERT INTO Region VALUES('SG','AS','AS-SEA','ap-southeast-1','Singapore');
INSERT INTO Region VALUES('SX','SA','SA-CAR','us-east-1','Sint Maarten');
INSERT INTO Region VALUES('SK','EU','EU-EAS','eu-west-1','Slovakia');
INSERT INTO Region VALUES('SI','EU','EU-SOU','eu-west-1','Slovenia');
INSERT INTO Region VALUES('SB','OC','OC-MEL','ap-southeast-2','Solomon Islands');
INSERT INTO Region VALUES('SO','AF','AF-EAS','eu-west-1','Somalia');
INSERT INTO Region VALUES('ZA','AF','AF-SOU','eu-west-1','South Africa');
INSERT INTO Region VALUES('GS','AN','AN-ANT','ap-southeast-2','South Georgia');
INSERT INTO Region VALUES('SS','AF','AF-EAS','eu-west-1','South Sudan');
INSERT INTO Region VALUES('ES','EU','EU-SOU','eu-west-1','Spain');
INSERT INTO Region VALUES('LK','AS','AS-SOU','ap-southeast-1','Sri Lanka');
INSERT INTO Region VALUES('SD','AF','AF-NOR','eu-west-1','Sudan');
INSERT INTO Region VALUES('SR','SA','SA-SOU','us-east-1','Suriname');
INSERT INTO Region VALUES('SJ','EU','EU-NOR','eu-west-1','Svalbard and Jan Mayen');
INSERT INTO Region VALUES('SZ','AF','AF-SOU','eu-west-1','Swaziland');
INSERT INTO Region VALUES('SE','EU','EU-NOR','eu-west-1','Sweden');
INSERT INTO Region VALUES('CH','EU','EU-WES','eu-west-1','Switzerland');
INSERT INTO Region VALUES('SY','AS','AS-WES','eu-west-1','Syrian Arab Republic');
INSERT INTO Region VALUES('TW','AS','AS-EAS','ap-northeast-1','Taiwan');
INSERT INTO Region VALUES('TJ','AS','AS-CEN','ap-northeast-1','Tajikistan');
INSERT INTO Region VALUES('TZ','AF','AF-EAS','eu-west-1','Tanzania');
INSERT INTO Region VALUES('TH','AS','AS-SEA','ap-southeast-1','Thailand');
INSERT INTO Region VALUES('TL','AS','AS-SEA','ap-southeast-1','Timor-Leste');
INSERT INTO Region VALUES('TG','AF','AF-WES','eu-west-1','Togo');
INSERT INTO Region VALUES('TK','OC','OC-POL','ap-southeast-2','Tokelau');
INSERT INTO Region VALUES('TO','OC','OC-POL','ap-southeast-2','Tonga');
INSERT INTO Region VALUES('TT','SA','SA-CAR','us-east-1','Trinidad and Tobago');
INSERT INTO Region VALUES('TN','AF','AF-NOR','eu-west-1','Tunisia');
INSERT INTO Region VALUES('TR','AS','AS-WES','eu-west-1','Turkey');
INSERT INTO Region VALUES('TM','AS','AS-CEN','ap-northeast-1','Turkmenistan');
INSERT INTO Region VALUES('TC','SA','SA-CAR','us-east-1','Turks and Caicos Islands');
INSERT INTO Region VALUES('TV','OC','OC-POL','ap-southeast-2','Tuvalu');
INSERT INTO Region VALUES('UG','AF','AF-EAS','eu-west-1','Uganda');
INSERT INTO Region VALUES('UA','EU','EU-EAS','eu-west-1','Ukraine');
INSERT INTO Region VALUES('AE','AS','AS-WES','eu-west-1','United Arab Emirates');
INSERT INTO Region VALUES('GB','EU','EU-NOR','eu-west-1','United Kingdom');
INSERT INTO Region VALUES('UM','NA','NA-NOR','us-east-1','US Minor Outlying Islands');
INSERT INTO Region VALUES('US','NA','NA-NOR','us-east-1','United States');
INSERT INTO Region VALUES('UY','SA','SA-SOU','us-east-1','Uruguay');
INSERT INTO Region VALUES('UZ','AS','AS-CEN','ap-northeast-1','Uzbekistan');
INSERT INTO Region VALUES('VU','OC','OC-MEL','ap-southeast-2','Vanuatu');
INSERT INTO Region VALUES('VE','SA','SA-SOU','us-east-1','Venezuela');
INSERT INTO Region VALUES('VN','AS','AS-SEA','ap-southeast-1','Viet Nam');
INSERT INTO Region VALUES('VG','SA','SA-CAR','us-east-1','British Virgin Islands');
INSERT INTO Region VALUES('VI','SA','SA-CAR','us-east-1','US Virgin Islands');
INSERT INTO Region VALUES('WF','OC','OC-POL','ap-southeast-2','Wallis and Futuna');
INSERT INTO Region VALUES('EH','AF','AF-NOR','eu-west-1','Western Sahara');
INSERT INTO Region VALUES('YE','AS','AS-WES','eu-west-1','Yemen');
INSERT INTO Region VALUES('ZM','AF','AF-EAS','eu-west-1','Zambia');
INSERT INTO Region VALUES('ZW','AF','AF-EAS','eu-west-1','Zimbabwe');
