PRAGMA foreign_keys=OFF;
BEGIN TRANSACTION;
CREATE TABLE Country (
countryCode TEXT NOT NULL PRIMARY KEY,
primLanguage TEXT NOT NULL,
englishName TEXT NOT NULL,
localCountryName TEXT NOT NULL
);
INSERT INTO "Country" VALUES('WORLD','en','World','World');
CREATE TABLE Language (
silCode TEXT PRIMARY KEY NOT NULL,
langCode TEXT NOT NULL,
direction TEXT NOT NULL CHECK(direction IN('ltr', 'rtl')),
englishName TEXT NOT NULL,
localLanguageName TEXT NOT NULL
);
INSERT INTO "Language" VALUES('awa','awa','ltr','Awadhi','Awadhi');
INSERT INTO "Language" VALUES('ben','bn','ltr','Bengali','বাঙালি');
INSERT INTO "Language" VALUES('bul','bg','ltr','Bulgarian','български език');
INSERT INTO "Language" VALUES('cmn','zh','ltr','Chinese','汉语, 漢語');
INSERT INTO "Language" VALUES('eng','en','ltr','English','English');
INSERT INTO "Language" VALUES('hin','hi','ltr','Hindi','हिंदी');
INSERT INTO "Language" VALUES('hrv','hr','ltr','Croatian','hrvatski');
INSERT INTO "Language" VALUES('hun','hu','ltr','Hungarian','Magyar');
INSERT INTO "Language" VALUES('ind','id','ltr','Indonesian','Bahasa Indonesia');
INSERT INTO "Language" VALUES('kan','kn','ltr','Kannada','ಕನ್ನಡ');
INSERT INTO "Language" VALUES('mar','mr','ltr','Marathi','मराठी');
INSERT INTO "Language" VALUES('nep','ne','ltr','Nepali','नेपाली');
INSERT INTO "Language" VALUES('ori','or','ltr','Oriya','Oriya');
INSERT INTO "Language" VALUES('pan','pa','ltr','Punjabi','ਪੰਜਾਬੀ ਦੇ');
INSERT INTO "Language" VALUES('por','pt','ltr','Portuguese','Português');
INSERT INTO "Language" VALUES('rus','ru','ltr','Russian','русский');
INSERT INTO "Language" VALUES('srp','sr','ltr','Serbian','Српски');
INSERT INTO "Language" VALUES('spa','es','ltr','Spanish','Español');
INSERT INTO "Language" VALUES('tam','ta','ltr','Tamil','தமிழ் மொழி');
INSERT INTO "Language" VALUES('tha','th','ltr','Thai','ภาษาไทย');
INSERT INTO "Language" VALUES('ukr','uk','ltr','Ukrainian','українська мова');
INSERT INTO "Language" VALUES('vie','vi','ltr','Vietnamese','Tiếng Việt');
INSERT INTO "Language" VALUES('arb','ar','rtl','Arabic','العربية');
INSERT INTO "Language" VALUES('pes','fa','rtl','Persian','فارسی');
INSERT INTO "Language" VALUES('urd','ur','rtl','Urdu','اردو زبان');
CREATE TABLE Owner (
ownerCode TEXT PRIMARY KEY NOT NULL,
englishName TEXT NOT NULL,
localOwnerName TEXT NOT NULL,
ownerURL TEXT NOT NULL
);
INSERT INTO "Owner" VALUES('BLI','Bible League International','Bible League International','www.bibleleague.org');
INSERT INTO "Owner" VALUES('CRSWY','Crossway','Crossway','www.crossway.org');
INSERT INTO "Owner" VALUES('EBIBLE','eBible.org','eBible.org','www.ebible.org');
INSERT INTO "Owner" VALUES('ELAM','Elam Ministries','Elam Ministries','www.kalameh.com/shop');
INSERT INTO "Owner" VALUES('SPN','Bible Society of Spain','Sociedad Bíblica de España','www.unitedbiblesocieties.org/society/bible-society-of-spain/');
INSERT INTO "Owner" VALUES('WBT','Wycliffe Bible Translators','Wycliffe Bible Translators','www.wycliffe.org');
CREATE TABLE Version (
versionCode TEXT NOT NULL PRIMARY KEY,
silCode TEXT NOT NULL REFERENCES Language(silCode),
ownerCode TEXT NOT NULL REFERENCES Owner(ownerCode),
versionAbbr TEXT NOT NULL,
localVersionName TEXT NOT NULL,
scope TEXT NOT NULL CHECK (scope IN('BIBLE','BIBLE_NT','BIBLE_PNT')),
filename TEXT UNIQUE,
hasHistory TEXT CHECK (hasHistory IN('T','F')),
isQaActive TEXT CHECK (isQaActive IN('T','F')),
versionDate TEXT NOT NULL,
copyright TEXT NULL,
introduction TEXT NULL
);
INSERT INTO "Version" VALUES('ERV-ENG','eng','BLI','ERV-ENG','Holy Bible: Easy-to-Read Version (ERV), International Edition','BIBLE','ERV-ENG.db','T','F','2016-10-01','Holy Bible: Easy-to-Read Version (ERV), International Edition © 2013, 2016 Bible League International','  <p class="m">
    <span class="bd">Holy Bible: Easy-to-Read Version (ERV), International Edition</span></p>
  <p class="m">© 2013, 2016 Bible League International</p>
  <p class="m">Maps, Illustrations © 2012-2013 Bible League International</p>
  <p class="m">Additional materials © Bible League International</p>
  <p class="b" />
  <p class="m">All rights reserved. Except as stated below, no part of this publication may be reproduced, stored in a retrieval system, or transmitted in any form or by any means—electronic, mechanical, photocopy, recording or any other—without prior written permission of Bible League International.</p>
  <p class="b" />
  <p class="m">This copyrighted material may be quoted up to 1000 verses without written permission. However, the extent of quotation must not comprise a complete book nor should it amount to more than 50% of the work in which it is quoted. This copyright notice must appear on the title or copyright page:</p>
  <p class="b" />
  <p class="mi">Taken from the Holy Bible: Easy-to-Read Version (ERV), International Edition</p>
  <p class="mi">© 2013, 2016 by Bible League International and used by permission.</p>
  <p class="b" />
  <p class="m">When quotations from the ERV are used in non-saleable media, such as church bulletins, orders of service, posters, transparencies or similar media, a complete copyright notice is not required, but the initials (ERV) must appear at the end of each quotation. Requests for permission to use quotations or reprints in excess of 1000 verses or more than 50% of the work in which they are quoted, or other permission requests, must be directed to and approved in writing by Bible League International.</p>
  <p class="b" />
  <p class="m">Bible League International</p>
  <p class="m">1 Bible League Plaza</p>
  <p class="m">Crete, IL 60417, USA</p>
  <p class="m">
    <span class="it">Phone:</span> 866-825-4636</p>
  <p class="m">
    <span class="it">Email:</span> permissions@bibleleague.org</p>
  <p class="m">
    <span class="it">Web:</span> www.bibleleague.org</p>
  <p class="b" />
  <p class="b" />
  <p class="m">
    <span class="it">Bible League International serves the under-resourced Church globally through the provision of Bibles, biblical resources and training to transform lives worldwide through God’s Word.</span></p>');
INSERT INTO "Version" VALUES('ERV-POR','por','BLI','ERV-POR','Novo Testamento: Versão Fácil de Ler','BIBLE_NT','ERV-POR.db','T','F','2016-10-10','Novo Testamento: Versão Fácil de Ler (VFL) © 1999, 2014 Bible League International','  <p class="m">
    <span class="bd">Novo Testamento: Versão Fácil de Ler (VFL)</span></p>
  <p class="m">© 1999, 2014 Bible League International</p>
  <p class="m">Mapas, Ilustrações © 2012-2013 Bible League International</p>
  <p class="m">Materiais adicionais © Bible League International</p>
  <p class="b" />
  <p class="m">Todos os direitos reservados. É permitido citar até mil (1.000) versículos sem permissão por escrito, desde que não formem um livro completo nem totalizem cinquenta por cento da obra que os esteja citando. A seguinte informação, entretanto, deverá ser incluída na página do título ou na do copirraite:</p>
  <p class="b" />
  <p class="mi">Tirada do Novo Testamento: Versão Fácil de Ler (VFL) © 1999, 2014 Bible League International.</p>
  <p class="b" />
  <p class="m">Quando as citações da VFL forem feitas em meios informativos sem fins lucrativos, como boletins de igrejas, programações dos cultos, cartazes, transparências, ou meios semelhantes, não se faz necessário o reconhecimento completo dos direitos de copirraite, mas as iniciais (VFL) deverão ser incluídas ao final de cada citação. A permissão para citar ou reimprimir textos que excedam mil (1.000) versículos ou mais de cinquenta por cento da obra que os esteja citando, ou qualquer outro tipo de permissão, deve ser solicitada à Liga Bíblica Internacional e aprovada por escrito pela mesma.</p>
  <p class="b" />
  <p class="m">Bible League International</p>
  <p class="m">1 Bible League Plaza</p>
  <p class="m">Crete, IL 60417, USA</p>
  <p class="m">
    <span class="it">Tel:</span> 866-825-4636</p>
  <p class="m">
    <span class="it">E-mail:</span> permissions@bibleleague.org</p>
  <p class="m">www.bibleleague.org</p>
  <p class="b" />
  <p class="b" />
  <p class="m">
    <span class="it">A Liga Bíblica Internacional serve à igreja fornecendo Bíblias, materiais bíblicos e treinamento para transformar vidas pelo mundo todo através da Palavra de Deus.</span></p>
');
INSERT INTO "Version" VALUES('ERV-SPA','spa','BLI','ERV-SPA','La Biblia: La Palabra de Dios para todos','BIBLE','ERV-SPA.db','T','F','2016-10-08','La Biblia: La Palabra de Dios para todos (PDT) © 2005, 2015 Bible League International','  <p class="m">
    <span class="bd">La Biblia: La Palabra de Dios para todos (PDT)</span></p>
  <p class="m">© 2005, 2015 Bible League International.</p>
  <p class="m">Mapas, Ilustraciones © 2012-2013 Bible League International.</p>
  <p class="m">Material adicional © Bible League International.</p>
  <p class="b" />
  <p class="m">Todos los derechos reservados. Ninguna parte de esta publicación puede ser reproducida, almacenada en algún sistema de recuperación de datos, o transmitida de ninguna manera o por ningún medio—electrónico, mecánico, fotocopia, grabación u otro—sin el previo permiso escrito de la Liga Bíblica Internacional.</p>
  <p class="b" />
  <p class="m">Para fines no comerciales, pueden citarse o reimprimirse hasta 1000 versículos sin permiso escrito de la Liga Bíblica Internacional. Sin embargo, la extensión de la cita no debe constar de un libro completo ni abarcar más del 50% de la obra en que es citada. Se debe mencionar la propiedad literaria así:</p>
  <p class="b" />
  <p class="mi">Texto tomado de La Biblia, La Palabra de Dios para todos (PDT)</p>
  <p class="mi">© 2005, 2015 Bible League International.</p>
  <p class="b" />
  <p class="m">Cuando se citen textos de esta versión en publicaciones de distribución gratuita tales como boletines de iglesias, órdenes de presentación de servicios, afiches, transparencias y otros medios audiovisuales, las iniciales PDT de esta versión deben aparecer al final de cada cita. Autorización para citar o reimprimir textos con fines comerciales que excedan de 1000 versículos, o cualquier otra autorización, debe solicitarse por escrito a la Liga Bíblica Internacional.</p>
  <p class="b" />
  <p class="m">Liga Bíblica Internacional</p>
  <p class="m">1 Bible League Plaza</p>
  <p class="m">Crete, IL 60417, EE.UU.</p>
  <p class="m">
    <span class="it">Teléfono:</span> 866-825-4636</p>
  <p class="m">
    <span class="it">E-mail:</span> permissions@bibleleague.org</p>
  <p class="m">
    <span class="it">Internet:</span> www.laligabiblica.org</p>
  <p class="m">
    <span class="it">Internet:</span> www.bibleleague.org</p>
  <p class="b" />
  <p class="b" />
  <p class="m">
    <span class="it">Liga Bíblica Internacional sirve globalmente a la iglesia de escasos recursos suministrándole Biblias, recursos bíblicos y entrenamiento para transformar vidas en todo el mundo a través de la Palabra de Dios.</span></p>
');
INSERT INTO "Version" VALUES('ESV','eng','CRSWY','ESV','English Standard Version','BIBLE','ESV.db','T','F','2020-01-01','English Standard Version®, copyright © 2001 by Crossway Bibles, a publishing ministry of Good News Publishers. Used by permission. All rights reserved.','<h1>English Standard Version</h1> 
<h3>Version Information</h3>
<p class="ip">Published in 2001, the English Standard Version stands firmly in the King James tradition and is based directly on the 1971 Revised Standard Version (RSV).</p>');
INSERT INTO "Version" VALUES('KJVPD','eng','EBIBLE','KJV','King James Version','BIBLE','KJVPD.db','T','F','2016-09-06','King James Version 1611 (KJV), Public Domain, eBible.org.',NULL);
INSERT INTO "Version" VALUES('WEB','eng','EBIBLE','WEB','World English Bible','BIBLE','WEB.db','T','F','2016-09-06','World English Bible (WEB), Public Domain, eBible.org.','<p class="ip">The Holy Bible is a collection of books and letters written by many people who were inspired by the Holy Spirit of God. These books tell us how we can be saved from the evil of this world and gain eternal life that is truly worth living. Although the Holy Bible contains rules of conduct, it is not just a rule book. It reveals God’s heart—a Father’s heart, full of love and compassion. The Holy Bible tells you what you need to know and believe to be saved from sin and evil and how to live a life that is truly worth living, no matter what your current circumstances may be.</p>
<p class="ip">The Holy Bible consists of two main sections: the Old Testament (including Psalms and Proverbs) and the New Testament (Matthew through Revelation). The Old Testament records God’s interaction with mankind before He sent His son to redeem us, while recording prophesy predicting that coming. The New Testament tells us of God’s Son and Anointed One, Jesus, and the wonderful salvation that He purchased for us.</p>
<p class="ip">The same Holy Spirit who inspired the Holy Bible is living among us today, and He is happy to help you understand what He intended as you study His Word. Just ask Him, and He is more than happy to help you apply His message to your life.</p>
<p class="ip">The Old Testament was originally written mostly in Hebrew. The New Testament was originally written mostly in the common street Greek (not the formal Greek used for official legal matters). The Holy Bible is translated into many languages, and being translated into many more, so that everyone may have an opportunity to hear the Good News about Jesus Christ.</p>');
INSERT INTO "Version" VALUES('WEB_SHORT','eng','EBIBLE','WEB','WEB Genesis and Titus for testing','BIBLE_PNT','WEB_SHORT.db','T','F','2016-09-06','',NULL);
INSERT INTO "Version" VALUES('ERV-CMN','cmn','BLI','ERV-CMN','圣经–普通话本','BIBLE','ERV-CMN.db','T','F','2016-10-12','圣经–普通话本（普通话）© 1999，2015 Bible League International','  <p class="m">
    <span class="bd">圣–普话（普话</span></p>
  <p class="m">© 1999，2015 Bible League International</p>
  <p class="m">地，插版所 © 2012-2013 Bible League International</p>
  <p class="m">补资 © Bible League International</p>
  <p class="b" />
  <p class="m">版所。未国圣同书许，不将出物任部，以子机方转、存、影、录或何式输</p>
  <p class="b" />
  <p class="m">未书许，本权料多被用000节但，被内不构一完的，被用内也可到作的0%。版通必出在权面标位:</p>
  <p class="b" />
  <p class="mi">摘《圣》普话权有© 1999，2015 Bible League International</p>
  <p class="b" />
  <p class="m">引的通本内用非售介如会报服订、海、幻片类媒时不要整版通，但每引部的尾须注通本引或印内超1000节其品引的超50%时或其的可求必直得国圣联会面可</p>
  <p class="b" />
  <p class="m">Bible League International</p>
  <p class="m">1 Bible League Plaza</p>
  <p class="m">Crete, IL 60417, USA</p>
  <p class="m">
    <span class="it">电:</span> 866-825-4636</p>
  <p class="m">
    <span class="it">电邮地:</span> permissions@bibleleague.org</p>
  <p class="m">
    <span class="it">网:</span> www.bibleleague.org</p>
  <p class="b" />
  <p class="b" />
  <p class="m">
    <span class="it">国圣同服各缺资的会藉供经读材及练以的去化命</span></p>
');
INSERT INTO "Version" VALUES('ERV-IND','ind','BLI','ERV-IND','Perjanjian Baru: Versi Mudah Dibaca','BIBLE_NT','ERV-IND.db','T','F','2016-10-12','Perjanjian Baru: Versi Mudah Dibaca (VMD) © 2003 Bible League International','  <p class="periph">CPYBODY - Copyright - Body</p>
  <p class="m">
    <span class="bd">Perjanjian Baru: Versi Mudah Dibaca (VMD)</span></p>
  <p class="m">© 2003 Bible League International</p>
  <p class="b" />
  <p class="m">Bahan yang memiliki Hak Cipta ini boleh dikutip hingga 1.000 ayat tanpa izin tertulis. Namun, batas kutipan tidak terdiri dari sebuah buku yang komplit atau tidak lebih daripada 50% isi karangan yang di dalamnya kutipan itu terdapat. Catatan Hak Cipta harus tampak pada judul atau halaman Hak Cipta:</p>
  <p class="b" />
  <p class="mi">“Dikutip dari PERJANJIAN BARU: VERSI MUDAH DIBACA</p>
  <p class="mi">© 2003 oleh Bible League International dan dipakai dengan izin.”</p>
  <p class="b" />
  <p class="m">Bila kutipan dari Versi Mudah Dibaca dipergunakan dalam media yang tidak diperdagangkan, seperti buletin gerejawi, tata ibadat, plakat, klise film atau sejenisnya, tidak diperlukan catatan Hak Cipta, tetapi singkatan VMD harus tampak pada akhir setiap kutipan.</p>
  <p class="b" />
  <p class="m">Kutipan/cetak ulang yang lebih dari 1.000 ayat atau lebih 50% dari karangan yang di dalamnya kutipan itu terdapat, atau dibutuhkan izin lainnya, harus ditujukan kepada dan disahkan secara tertulis oleh Bible League International.</p>
  <p class="b" />
  <p class="m">Bible League International</p>
  <p class="m">1 Bible League Plaza</p>
  <p class="m">Crete, IL 60417, USA</p>
  <p class="m">
    <span class="it">Phone:</span> 866-825-4636</p>
  <p class="m">
    <span class="it">Email:</span> permissions@bibleleague.org</p>
  <p class="m">
    <span class="it">Web:</span> www.bibleleague.org</p>
  <p class="b" />
  <p class="b" />
  <p class="m">
    <span class="it">Bible League International melayani gereja-gereja yang membutuhkan lebih banyak lagi sumber-sumber melalui ketersediaan Alkitab, berbagai sumber Alkitabiah dan pelatihan yang mentransformasi jiwa-jiwa di seluruh dunia melalui Firman Tuhan.</span></p>
');
INSERT INTO "Version" VALUES('ERV-NEP','nep','BLI','ERV-NEP','Nepali Holy Bible: Easy-to-Read Version','BIBLE','ERV-NEP.db','T','F','2016-10-17','Nepali Holy Bible: Easy-to-Read Version (ERV) © 2004 Bible League International','  <p class="m">
    <span class="bd">Nepali Holy Bible: Easy-to-Read Version (ERV)</span></p>
  <p class="m">© 2004 Bible League International</p>
  <p class="m">Maps, Illustrations © 2012-2013 Bible League International</p>
  <p class="m">Additional materials © Bible League International</p>
  <p class="b" />
  <p class="m">All rights reserved. Except as stated below, no part of this publication may be reproduced, stored in a retrieval system, or transmitted in any form or by any means—electronic, mechanical, photocopy, recording, or any other—without prior written permission of Bible League International.</p>
  <p class="b" />
  <p class="m">This copyrighted material may be quoted up to 1000 verses without written permission. However, the extent of quotation must not comprise a complete book nor should it amount to more than 50% of the work in which it is quoted. This copyright notice must appear on the title or copyright page:</p>
  <p class="b" />
  <p class="mi">Taken from the Nepali Holy Bible: Easy-to-Read Version</p>
  <p class="mi">© 2004 by Bible League International and used by permission.</p>
  <p class="b" />
  <p class="m">When quotations from the ERV are used in non-saleable media, such as church bulletins, orders of service, posters, transparencies or similar media, a complete copyright notice is not required, but the initials (ERV) must appear at the end of each quotation. Requests for permission to use quotations or reprints in excess of 1000 verses or more than 50% of the work in which they are quoted, or other permission requests, must be directed to and approved in writing by Bible League International.</p>
  <p class="b" />
  <p class="m">Bible League International</p>
  <p class="m">1 Bible League Plaza</p>
  <p class="m">Crete, IL 60417, USA</p>
  <p class="m">
    <span class="it">Phone:</span> 866-825-4636</p>
  <p class="m">
    <span class="it">Email:</span> permissions@bibleleague.org</p>
  <p class="m">
    <span class="it">Web:</span> www.bibleleague.org</p>
  <p class="b" />
  <p class="b" />
  <p class="m">
    <span class="it">Bible League International serves the under-resourced Church globally through the provision of Bibles, biblical resources, and training to transform lives worldwide through God’s Word.</span></p>');
INSERT INTO "Version" VALUES('ERV-THA','tha','BLI','ERV-THA','พระ​คริสต​ธรรม​คัมภีร์ ฉบับ​อ่าน​เข้า​ใจ​ง่าย','BIBLE','ERV-THA.db','T','F','2016-10-12','พระคริสต​ธรรม​คัมภีร์: ฉบับ​อ่าน​เข้า​ใจ​ง่าย (ขจง) © 2015 Bible League International','  <p class="m">
    <span class="bd">พระคริสต​ธรรม​คัมภีร์: ฉบับ​อ่าน​เข้า​ใจ​ง่าย (ขจง)</span></p>
  <p class="m">© 2015 Bible League International</p>
  <p class="m">แผนที่, รูปภาพ © 2012-2013 Bible League International</p>
  <p class="m">ข้อมูลอื่นๆ ที่เพิ่มเติม © Bible League International</p>
  <p class="m">สงวนลิขสิทธิ์</p>
  <p class="b" />
  <p class="m">การ​อ้างอิง​เนื้อความ​ใน​พระคัมภีร์​ฉบับนี้​สามารถ​กระทำ​ได้​ใน​จำนวน​ไม่เกิน​กว่า 1,000 ข้อ โดย​ไม่​จำเป็น​ต้อง​ขอ​อนุญาต​เป็น​ลายลักษณ์​อักษร อย่างไร​ก็​ตาม การ​อ้างอิง​ต้อง​ไม่เป็น​การ​อ้าง​หนังสือ​ทั้งเล่ม หรือ​อ้าง​เนื้อหา​เกิน​กว่า​ครึ่งหนึ่ง​ของ เนื้อความ​ทั้งเล่ม และ​ต้อง​มี​การ​แสดง​ข้อความ​กำกับ​ใน​หน้า​แรก​หรือ​หน้า​แสดง​ลิขสิทธิ์​ดังนี้​ว่า</p>
  <p class="b" />
  <p class="mi">นำ​มา​จาก​พระคัมภีร์ ฉบับ​อ่าน​เข้า​ใจ​ง่าย (ขจง)</p>
  <p class="mi">© 2001, 2015 Bible League International ได้รับ​อนุญาต​แล้ว</p>
  <p class="b" />
  <p class="m">เมื่อ​มี​การ​ใช้​ข้อ​พระคัมภีร์ จาก​หนังสือ​พระคัมภีร์ ฉบับ​ขจง​ไป​อ้างอิง​ใน​สื่อ​ชนิด​ต่างๆ เช่น กระดาน​ติด​ประกาศ สูจิบัตร​ใน​กิจกรรม​ต่างๆ แผ่นป้าย​ปิด​ประกาศ การ​จัด​นิทรรศการ หรือ สื่อ​อื่น​ที่​มี​ลักษณะ​คล้ายๆ​กัน ไม่​จำเป็น​ต้อง​ยื่น​จดหมาย​ขอ​อนุญาต​อย่าง​เป็น​ทางการ แต่​ให้​เขียน​ตัวย่อ ขจง.​กำกับ​ท้าย​ข้อ​พระคัมภีร์​ด้วย หาก​ต้องการ​พิมพ์​ซ้ำ หรือ​ลอก​ข้อความ​มากกว่า 1000 ข้อ หรือ​ใช้​ข้อ​พระคัมภีร์​ขจง.​มากกว่า​50%​ของ​หนังสือ​ที่​เขียน​หรือ​กระทำ​การใดๆ​ที่​มี​ลักษณะ​คล้ายกัน ต้อง​ขอ​อนุญาต​โดยตรง​จาก ศูนย์​พระคัมภีร์​นานาชาติ (ไบเบิล​ลีค​นานาชาติ)</p>
  <p class="b" />
  <p class="m">Bible League International</p>
  <p class="m">1 Bible League Plaza</p>
  <p class="m">Crete, IL 60417, USA</p>
  <p class="m">
    <span class="it">เบอร์​โทรศัพท์:</span> 866-825-4636</p>
  <p class="m">
    <span class="it">อีเมล:</span> permissions@bibleleague.org</p>
  <p class="m">
    <span class="it">เว็บไซต์:</span> www.bibleleague.org</p>
  <p class="m">
    <span class="it">เว็บไซต์:</span> www.thebibleleaguethailand.org</p>
  <p class="b" />
  <p class="b" />
  <p class="m">
    <span class="it">Bible League International (ศูนย์​พระคัมภีร์​นานาชาติ)  รับใช้​คริสตจักร​ทั่วโลก​โดย​ใช้​พระคัมภีร์​และ​คู่มือ​ใน​การอบรม​เและ​เปลี่ยนแปลง​ชีวิต​ของ​ผู้ที่​เชื่อ​ผ่าน​พระคำ​ของ​พระเจ้า</span></p>
');
INSERT INTO "Version" VALUES('ERV-VIE','vie','BLI','ERV-VIE','Thánh Kinh: Bản Phổ thông','BIBLE','ERV-VIE.db','T','F','2016-10-12','Thánh Kinh: Bản Phổ thông (BPT) © 2010 Bible League International','  <p class="m">
    <span class="bd">Thánh Kinh: Bản Phổ thông (BPT)</span></p>
  <p class="m">© 2010 Bible League International</p>
  <p class="m">Bản đồ, Hình ảnh © 2012-2013 Bible League International</p>
  <p class="m">Tài liệu khác cũng do © Bible League International</p>
  <p class="b" />
  <p class="m">Giữ bản quyền. Văn kiện mang tác quyền nầy có thể được trích dùng đến 1.000 câu mà không cần xin phép. Tuy nhiên phần trích không được gồm nguyên một sách hay quá 50% của phần văn kiện được trích. Khi trích dùng xin nhớ ghi câu sau đây nơi tựa hay trang dành cho tác quyền:</p>
  <p class="b" />
  <p class="mi">Thánh Kinh: Bản Phổ thông (BPT)</p>
  <p class="mi">© 2010 Bible League International giữ bản quyền</p>
  <p class="mi">Sử dụng do phép của Cơ Quan nói trên</p>
  <p class="b" />
  <p class="m">Khi trích Bản Phổ thông vào các mục đích không có tính cách thương mại như chương trình trong nhà thờ, bích chương, bản phim để chiếu lên màn ảnh hay các phương tiện tương tự thì không cần phải ghi toàn thể phần ghi chú tác quyền nhưng phải ghi chữ tắt (BPT) ở cuối mỗi câu trích.</p>
  <p class="b" />
  <p class="m">Nếu các câu trích hay các trang in lại nhiều hơn 1.000 câu hay hơn 50% của sách được trích, hoặc nếu cần xin phép khác phải liên lạc với Cơ Quan Phiên Dịch Kinh Thánh Thế Giới để được chấp thuận bằng văn thư chính thức của Cơ Quan.</p>
  <p class="b" />
  <p class="m">Bible League International</p>
  <p class="m">1 Bible League Plaza</p>
  <p class="m">Crete, IL 60417, USA</p>
  <p class="m">
    <span class="it">Điện thoại:</span> 866-825-4636</p>
  <p class="m">
    <span class="it">Điện thư:</span> permissions@bibleleague.org</p>
  <p class="m">
    <span class="it">Mạng lưới:</span> www.bibleleague.org</p>
  <p class="b" />
  <p class="b" />
  <p class="m">
    <span class="it">Hiệp hội Thánh Kinh Quốc Tế phục vụ các hội thánh thiếu tài nguyên trên toàn thề giới qua việc cung cấp Thánh Kinh, các tài liệu dựa trên Thánh Kinh cùng các chương trình huấn luyện để thay đổi nếp sống con người trên khắp thế giới qua Lời Chúa.</span></p>
');
INSERT INTO "Version" VALUES('ARBVDPD','arb','EBIBLE','ARBVD','الكتاب المقدس ترجمة فان دايك','BIBLE','ARBVDPD.db','F','F','2016-09-06','Arabic Bible: Van Dyck Translation (ARBVD), Public Domain, eBible.org',NULL);
INSERT INTO "Version" VALUES('ERV-ARB','arb','BLI','ERV-ARB','بِعَهْدَيْهِ القَدِيمِ وَالجَدِيد الكِتَابُ المُقَدَّسُ','BIBLE','ERV-ARB.db','T','F','2016-10','الكِتاب المُقَدَّس: التَّرْجَمَةُ العَرَبِيَّةُ المُبَسَّطَةُ (ت ع م) © 2009, 2016 رَابِطَةُ الكِتَابِ المُقَدَّسِ الدَّوْلِيَّة (Bible League International)','  <p class="m">
    <span class="bd">الكِتاب المُقَدَّس: التَّرْجَمَةُ العَرَبِيَّةُ المُبَسَّطَةُ (ت ع م)</span></p>
  <p class="m">© 2009, 2016 رَابِطَةُ الكِتَابِ المُقَدَّسِ الدَّوْلِيَّة (Bible League International)</p>
  <p class="m">خرائط توضيحية © 2012-2013 رَابِطَةُ الكِتَابِ المُقَدَّسِ الدَّوْلِيَّة (Bible League International)</p>
  <p class="m">جميع حقوق أية مواد مضافة للنص محفوظة © رَابِطَةُ الكِتَابِ المُقَدَّسِ الدَّوْلِيَّة (Bible League International)</p>
  <p class="b" />
  <p class="m">جميع الحقوق محفوظة. لا تجوز إعادة إنتاج أي جزء من هذه المادة، أو تخزينه في نظام قابل للاسترجاع، أو نقلة إلى أي شكل وبأي وسيلة كانت؛ إلكترونية، ميكانيكية، تصوير، تسجيل، أو غير ذلك من الوسائل من دون إذن مسبق من رابطة الكتاب المقدس الدولية (Bible League International).</p>
  <p class="b" />
  <p class="m">يُسمَح باقتباس ما لا يزيد عن ألف عدد من هذه المادة محفوظة الحقوق من دون الحصول على إذنٍ خَطّيٍّ على أن لا يشمل الاقتباس النَّص الكامل لأي سفرٍ بذاته، ولا أن يشكِّل الاقتباس أكثر من 50% من العمل المُقتبس فيه. مع إظهار الملاحظة التالية على صفحة العنوان أو صفحة حقوق الطبع:</p>
  <p class="b" />
  <p class="mi">من الكِتاب المُقَدَّس: التَّرْجَمَةُ العَرَبِيَّةُ المُبَسَّطَةُ © 2009, 2016 بإذن من رَابِطَةِ الكِتَابِ المُقَدَّسِ الدَّوْلِيَّة (Bible League International).</p>
  <p class="b" />
  <p class="m">عند الاقتباس من التَّرجمة العربيَّة المُبسَّطة للاستخدام في الميديا والنشرات الكنسية، أو في الإعلانات الروحية، لا داعي لكتابة إذن الاقتباس أعلاه، بل الاكتفاء بكتابة حروف المرجع في نهاية كل نص مقتبس هكذا ( ت ع م). أمَّا اقتباس أو نسخ ما يزيد عن الألف عدد، أو ما يزيد على 50% من العمل المُقتبس فيه، أو أية طلبات لم يتم تحديدها، فيُقدَّم طلب بذلك إلى رَابِطَةِ الكِتَابِ المُقَدَّسِ الدَّوْلِيَّةِ (Bible League International) للحصول على إذن خطيٍّ.</p>
  <p class="b" />
  <p class="m">Bible League International</p>
  <p class="m">1 Bible League Plaza</p>
  <p class="m">Crete, IL 60417, USA</p>
  <p class="m">
    <span class="it">Phone:</span> 866-825-4636</p>
  <p class="m">
    <span class="it">Email:</span> permissions@bibleleague.org</p>
  <p class="m">
    <span class="it">Web:</span> www.bibleleague.org</p>
  <p class="b" />
  <p class="b" />
  <p class="periph">CPYAU - Copyright - About Us</p>
  <p class="m">تهدف رابطة الكتاب المقدَّس الدولية (Bible League International) إلى خدمة الكنائس حول العالم من خلال توفير الكتب المقدَّسة والموارد والتدريبات المتعلِّقة بالكتاب المقدَّس من أجل تغيير حياة النَّاس في كلِّ المسكونة بكلمة الله.</p>');
INSERT INTO "Version" VALUES('NMV','pes','ELAM','NMV','ترجمۀ هزارۀ نو','BIBLE','NMV.db','F','F','2016-09-06','The Persian New Millennium Version © 2014, is a production of Elam Ministries. All rights reserved','<div style="direction: ltr">

<p class="ip">This publication contains New Millennium Version © 2014 by Elam Ministries. Unauthorized reproduction of this publication is prohibited.</p>

<p class="ip">The New Millennium Version, NMV, and the NMV logo are registered trademarks of Elam Ministries.</p>

<p class="ip">Notice of copyright must appear as follows on the title page or copyright page of printed works quoting from the NMV, or in a corresponding location when the NMV is quoted in other media:

<br/>“Scripture quotations are from The New Millennium Version, copyright © 2014 by Elam Ministries. Used by permission. All rights reserved.”</p>

<p class="ip">When more than one translation is quoted in printed works or other media, the foregoing notice of copyright should begin as follows:

<br/>“Unless otherwise indicated, all Scripture quotations are from . . . [etc.]”; or,

<br/>“Scripture quotations marked (NMV) are from . . . [etc.].”</p>

<p class="ip">The “NMV” and “The New Millennium Version” are registered trademarks of Elam Ministries. Use of either trademark requires the written permission of Elam Ministries.</p>

<p class="ip">When quotations from the NMV text are used in non-saleable media, such as church bulletins, orders of service, posters, transparencies, or similar media, a complete copyright notice is not required, but the initials (NMV) must appear at the end of the quotation.</p>

<p class="ip">Publication of any commentary or other Bible reference work produced for commercial sale that uses the New Millennium Version must include written permission for use of the NMV text.</p>

<p class="ip">Permission requests that exceed the above guidelines must be directed to Elam Ministries, Attn: Bible Rights, Elam Ministries P. O. Box 75, Godalming, Surrey, GU8 6YP, UK.</p>

<p class="ip">Elam Ministries is a non-profit organization whose mission is to strengthen and expand the church in the Iran region and beyond.</p>

</div>

');
INSERT INTO "Version" VALUES('ERV-AWA','awa','BLI','ERV-AWA','पवित्तर बाइबिल, Easy-to-Read Version','BIBLE','ERV-AWA.db','T','F','2016-10-17','Awadhi Holy Bible: Easy-to-Read Version (ERV) © 2005 Bible League International','  <p class="m">
    <span class="bd">Awadhi Holy Bible: Easy-to-Read Version (ERV)</span></p>
  <p class="m">© 2005 Bible League International</p>
  <p class="m">Maps, Illustrations © 2012-2013 Bible League International</p>
  <p class="m">Additional materials © Bible League International</p>
  <p class="b" />
  <p class="m">All rights reserved. Except as stated below, no part of this publication may be reproduced, stored in a retrieval system, or transmitted in any form or by any means—electronic, mechanical, photocopy, recording, or any other—without prior written permission of Bible League International.</p>
  <p class="b" />
  <p class="m">This copyrighted material may be quoted up to 1000 verses without written permission. However, the extent of quotation must not comprise a complete book nor should it amount to more than 50% of the work in which it is quoted. This copyright notice must appear on the title or copyright page:</p>
  <p class="b" />
  <p class="mi">Taken from the Awadhi Holy Bible: Easy-to-Read Version</p>
  <p class="mi">© 2005 by Bible League International and used by permission.</p>
  <p class="b" />
  <p class="m">When quotations from the ERV are used in non-saleable media, such as church bulletins, orders of service, posters, transparencies or similar media, a complete copyright notice is not required, but the initials (ERV) must appear at the end of each quotation. Requests for permission to use quotations or reprints in excess of 1000 verses or more than 50% of the work in which they are quoted, or other permission requests, must be directed to and approved in writing by Bible League International.</p>
  <p class="b" />
  <p class="m">Bible League International</p>
  <p class="m">1 Bible League Plaza</p>
  <p class="m">Crete, IL 60417, USA</p>
  <p class="m">
    <span class="it">Phone:</span> 866-825-4636</p>
  <p class="m">
    <span class="it">Email:</span> permissions@bibleleague.org</p>
  <p class="m">
    <span class="it">Web:</span> www.bibleleague.org</p>
  <p class="b" />
  <p class="b" />
  <p class="m">
    <span class="it">Bible League International serves the under-resourced Church globally through the provision of Bibles, biblical resources, and training to transform lives worldwide through God’s Word.</span></p>');
INSERT INTO "Version" VALUES('ERV-BEN','ben','BLI','ERV-BEN','পবিত্র বাইবেল, Easy-to-Read Version','BIBLE','ERV-BEN.db','T','F','2016-10-17','Bengali Holy Bible: Easy-to-Read Version (ERV) © 2001, 2016 Bible League International','  <p class="m">
    <span class="bd">Bengali Holy Bible: Easy-to-Read Version (ERV)</span></p>
  <p class="m">© 2001, 2016 Bible League International</p>
  <p class="m">Maps © 2012-2013 Bible League International</p>
  <p class="m">Additional materials © Bible League International</p>
  <p class="b" />
  <p class="m">All rights reserved. No part of this publication may be reproduced, stored in a retrieval system, or transmitted in any form or by any means—electronic, mechanical, photocopy, recording, or any other—without prior written permission of Bible League International.</p>
  <p class="b" />
  <p class="m">This copyrighted material may be quoted up to 1000 verses without written permission. However, the extent of quotation must not comprise a complete book nor should it amount to more than 50% of the work in which it is quoted. This copyright notice must appear on the title or copyright page:</p>
  <p class="b" />
  <p class="mi">Taken from the Bengali Holy Bible: Easy-to-Read Version (ERV)</p>
  <p class="mi">© 2001, 2016 by Bible League International and used by permission.</p>
  <p class="b" />
  <p class="m">When quotations from the ERV are used in non-saleable media, such as church bulletins, orders of service, posters, transparencies or similar media, a complete copyright notice is not required, but the initials (ERV) must appear at the end of each quotation. Requests for permission to use quotations or reprints in excess of 1000 verses or more than 50% of the work in which they are quoted, or other permission requests, must be directed to and approved in writing by Bible League International.</p>
  <p class="b" />
  <p class="m">Bible League International</p>
  <p class="m">1 Bible League Plaza</p>
  <p class="m">Crete, IL 60417, USA</p>
  <p class="m">
    <span class="it">Phone:</span> 866-825-4636</p>
  <p class="m">
    <span class="it">Email:</span> permissions@bibleleague.org</p>
  <p class="m">
    <span class="it">Web:</span> www.bibleleague.org</p>
  <p class="b" />
  <p class="b" />
  <p class="m">
    <span class="it">Bible League International serves the under-resourced Church globally through the provision of Bibles, biblical resources, and training to transform lives worldwide through God’s Word.</span></p>');
INSERT INTO "Version" VALUES('ERV-HIN','hin','BLI','ERV-HIN','पवित्र बाइबल, Easy-to-Read Version','BIBLE','ERV-HIN.db','T','F','2016-10-17','Hindi Holy Bible: Easy-to-Read Version (ERV) © 1995 Bible League International','  <p class="m">
    <span class="bd">Hindi Holy Bible: Easy-to-Read Version (ERV)</span></p>
  <p class="m">© 1995 Bible League International</p>
  <p class="m">Maps, Illustrations © 2012-2013 Bible League International</p>
  <p class="m">Additional materials © Bible League International</p>
  <p class="b" />
  <p class="m">All rights reserved. Except as stated below, no part of this publication may be reproduced, stored in a retrieval system, or transmitted in any form or by any means—electronic, mechanical, photocopy, recording, or any other—without prior written permission of Bible League International.</p>
  <p class="b" />
  <p class="m">This copyrighted material may be quoted up to 1000 verses without written permission. However, the extent of quotation must not comprise a complete book nor should it amount to more than 50% of the work in which it is quoted. This copyright notice must appear on the title or copyright page:</p>
  <p class="b" />
  <p class="mi">Taken from the Hindi Holy Bible: Easy-to-Read Version (ERV)</p>
  <p class="mi">© 1995 by Bible League International and used by permission.</p>
  <p class="b" />
  <p class="m">When quotations from the ERV are used in non-saleable media, such as church bulletins, orders of service, posters, transparencies or similar media, a complete copyright notice is not required, but the initials (ERV) must appear at the end of each quotation. Requests for permission to use quotations or reprints in excess of 1000 verses or more than 50% of the work in which they are quoted, or other permission requests, must be directed to and approved in writing by Bible League International.</p>
  <p class="b" />
  <p class="m">Bible League International</p>
  <p class="m">1 Bible League Plaza</p>
  <p class="m">Crete, IL 60417, USA</p>
  <p class="m">
    <span class="it">Phone:</span> 866-825-4636</p>
  <p class="m">
    <span class="it">Email:</span> permissions@bibleleague.org</p>
  <p class="m">
    <span class="it">Web:</span> www.bibleleague.org</p>
  <p class="b" />
  <p class="b" />
  <p class="m">
    <span class="it">Bible League International serves the under-resourced Church globally through the provision of Bibles, biblical resources, and training to transform lives worldwide through God’s Word.</span></p>');
INSERT INTO "Version" VALUES('ERV-KAN','kan','BLI','ERV-KAN','Kannada: Easy-to-Read Version','BIBLE','ERV-KAN.db','T','F','2016-10-17','Kannada: Easy-to-Read Version (ERV). © 1997 Bible League International.',NULL);
INSERT INTO "Version" VALUES('ERV-MAR','mar','BLI','ERV-MAR','Marathi: Easy-to-Read Version','BIBLE','ERV-MAR.db','T','F','2016-10-17','Marathi: Easy-to-Read Version (ERV). © 1998 Bible League International.',NULL);
INSERT INTO "Version" VALUES('ERV-ORI','ori','BLI','ERV-ORI','ପବିତ୍ର ବାଇବଲ, Easy-to-Read Version','BIBLE','ERV-ORI.db','F','F','2016-10-17','Oriya Holy Bible: Easy-to-Read Version (ERV) © 2004 Bible League International','  <p class="m">
    <span class="bd">Oriya Holy Bible: Easy-to-Read Version (ERV)</span></p>
  <p class="m">© 2004 Bible League International</p>
  <p class="m">Maps, Illustrations © 2012-2013 Bible League International</p>
  <p class="m">Additional materials © Bible League International</p>
  <p class="b" />
  <p class="m">All rights reserved. Except as stated below, no part of this publication may be reproduced, stored in a retrieval system, or transmitted in any form or by any means—electronic, mechanical, photocopy, recording, or any other—without prior written permission of Bible League International.</p>
  <p class="b" />
  <p class="m">This copyrighted material may be quoted up to 1000 verses without written permission. However, the extent of quotation must not comprise a complete book nor should it amount to more than 50% of the work in which it is quoted. This copyright notice must appear on the title or copyright page:</p>
  <p class="b" />
  <p class="mi">Taken from the Oriya Holy Bible: Easy-to-Read Version</p>
  <p class="mi">© 2004 by Bible League International and used by permission.</p>
  <p class="b" />
  <p class="m">When quotations from the ERV are used in non-saleable media, such as church bulletins, orders of service, posters, transparencies or similar media, a complete copyright notice is not required, but the initials (ERV) must appear at the end of each quotation. Requests for permission to use quotations or reprints in excess of 1000 verses or more than 50% of the work in which they are quoted, or other permission requests, must be directed to and approved in writing by Bible League International.</p>
  <p class="b" />
  <p class="m">Bible League International</p>
  <p class="m">1 Bible League Plaza</p>
  <p class="m">Crete, IL 60417, USA</p>
  <p class="m">
    <span class="it">Phone:</span> 866-825-4636</p>
  <p class="m">
    <span class="it">Email:</span> permissions@bibleleague.org</p>
  <p class="m">
    <span class="it">Web:</span> www.bibleleague.org</p>
  <p class="b" />
  <p class="b" />
  <p class="m">
    <span class="it">Bible League International serves the under-resourced Church globally through the provision of Bibles, biblical resources, and training to transform lives worldwide through God’s Word.</span></p>');
INSERT INTO "Version" VALUES('ERV-PAN','pan','BLI','ERV-PAN','Punjabi: Easy-to-Read Version','BIBLE','ERV-PAN.db','F','F','2016-10-17','Punjabi: Easy-to-Read Version (ERV). © 2002 Bible League International.',NULL);
INSERT INTO "Version" VALUES('ERV-TAM','tam','BLI','ERV-TAM','பரிசுத்த பைபிள், Easy-to-Read Version','BIBLE','ERV-TAM.db','T','F','2016-10-17','Tamil Holy Bible: Easy-to-Read Version (ERV) © 1998 Bible League International','  <p class="m">
    <span class="bd">Tamil Holy Bible: Easy-to-Read Version (ERV)</span></p>
  <p class="m">© 1998 Bible League International</p>
  <p class="m">Maps, Illustrations © 2012-2013 Bible League International</p>
  <p class="m">Additional materials © Bible League International</p>
  <p class="b" />
  <p class="m">All rights reserved. Except as stated below, no part of this publication may be reproduced, stored in a retrieval system, or transmitted in any form or by any means—electronic, mechanical, photocopy, recording, or any other—without prior written permission of Bible League International.</p>
  <p class="b" />
  <p class="m">This copyrighted material may be quoted up to 1000 verses without written permission. However, the extent of quotation must not comprise a complete book nor should it amount to more than 50% of the work in which it is quoted. This copyright notice must appear on the title or copyright page:</p>
  <p class="b" />
  <p class="mi">Taken from the Tamil Holy Bible: Easy-to-Read Version</p>
  <p class="mi">© 1998 by Bible League International and used by permission.</p>
  <p class="b" />
  <p class="m">When quotations from the ERV are used in non-saleable media, such as church bulletins, orders of service, posters, transparencies or similar media, a complete copyright notice is not required, but the initials (ERV) must appear at the end of each quotation. Requests for permission to use quotations or reprints in excess of 1000 verses or more than 50% of the work in which they are quoted, or other permission requests, must be directed to and approved in writing by Bible League International.</p>
  <p class="b" />
  <p class="m">Bible League International</p>
  <p class="m">1 Bible League Plaza</p>
  <p class="m">Crete, IL 60417, USA</p>
  <p class="m">
    <span class="it">Phone:</span> 866-825-4636</p>
  <p class="m">
    <span class="it">Email:</span> permissions@bibleleague.org</p>
  <p class="m">
    <span class="it">Web:</span> www.bibleleague.org</p>
  <p class="b" />
  <p class="b" />
  <p class="m">
    <span class="it">Bible League International serves the under-resourced Church globally through the provision of Bibles, biblical resources, and training to transform lives worldwide through God’s Word.</span></p>');
INSERT INTO "Version" VALUES('ERV-URD','urd','BLI','ERV-URD','Urdu: Easy-to-Read Version','BIBLE','ERV-URD.db','T','F','2016-10-17','Urdu: Easy-to-Read Version (ERV). © 2003 Bible League International.','');
INSERT INTO "Version" VALUES('ERV-BUL','bul','BLI','ERV-BUL','Новият завет, съвременен превод','BIBLE_NT','ERV-BUL.db','T','F','2016-10-17','Новият завет: съвременен превод (СПБ) © 2000 Bible League International','  <p class="m">
    <span class="bd">Новият завет: съвременен превод (СПБ)</span></p>
  <p class="m">© 2000 Bible League International</p>
  <p class="b" />
  <p class="m">Всички права запазени. Може да се цитира и/или препечатва с нетърговски цели в размер на не повече от 1000 стиха без писменото разрешение на Bible League International, при условие, че заедно с цитирания материал се изпише следното:</p>
  <p class="b" />
  <p class="mi">Взето от НОВИЯТ ЗАВЕТ: СЪВРЕМЕНЕН ПРЕВОД (СПБ)</p>
  <p class="mi">© 2000 Bible League International и използвано с разрешение.</p>
  <p class="b" />
  <p class="m">В случай на цитиране и/или препечатки с търговски цели и при надвишаване на 1000 стиха е нужно писменото разрешение на Bible League International.</p>
  <p class="b" />
  <p class="m">Bible League International</p>
  <p class="m">1 Bible League Plaza</p>
  <p class="m">Crete, IL 60417, USA</p>
  <p class="m">866-825-4636</p>
  <p class="m">permissions@bibleleague.org</p>
  <p class="m">www.bibleleague.org</p>');
INSERT INTO "Version" VALUES('ERV-HRV','hrv','BLI','ERV-HRV','Novi zavjet, Suvremeni prijevod','BIBLE_NT','ERV-HRV.db','T','F','2016-10-17','Novi zavjet: Suvremeni prijevod (SHP) © 2002 Bible League International','  <p class="m">
    <span class="bd">Novi zavjet: Suvremeni prijevod (SHP)</span></p>
  <p class="m">© 2002 Bible League International</p>
  <p class="m">Ilustracije © 2012 Bible League International</p>
  <p class="b" />
  <p class="m">Sva prava pridržana. Nijedan dio ove publikacije ne smije se umnažati, pohranjivati ili dijeliti, ni u kojem obliku, ni na koji način (elektronički, mehanički, fotokopiranjem, snimanjem ili dr.), bez prethodnog dopuštenja.</p>
  <p class="b" />
  <p class="m">Ovaj zaštićeni tekst može se citirati do tisuću redaka bez pisanog odobrenja. Nadalje, količina citiranih dijelova ne smije obuhvaćati cijelu knjigu i ne smije biti veća od polovine djela u kojem se navodi. Sljedeća obavijest mora se nalaziti na naslovnoj stranici ili na stranici autorskog prava:</p>
  <p class="b" />
  <p class="mi">Preuzeto iz: Novi zavjet - suvremeni prijevod (SHP)</p>
  <p class="mi">© 2002 Bible League International. Korišteno s dopuštenjem.</p>
  <p class="b" />
  <p class="m">Kada se citati iz SHP koriste u medijima koji nisu za prodaju, kao što su crkveni bilteni, rasporedi, plakati, folije, slajdovi i slično, nije potrebna cijela bilješka o autorskom pravu, već samo inicijali (SHP) na kraju svakog citata. Zahtjevi za odobrenje za citiranje ili umnožavanje, kada citat prelazi tisuću redaka ili čini više od polovine nekog djela, ili drugi zahtjevi za odobrenje, moraju biti pisano odobreni od Međunarodne biblijske lige. Zahtjeve šaljite na adresu:</p>
  <p class="b" />
  <p class="m">Bible League International</p>
  <p class="m">1 Bible League Plaza</p>
  <p class="m">Crete, IL 60417, USA</p>
  <p class="m">
    <span class="it">Telefon:</span> 866-825-4636</p>
  <p class="m">
    <span class="it">E-pošta:</span> permissions@bibleleague.org</p>
  <p class="m">
    <span class="it">Mrežna stranica:</span> www.bibleleague.org</p>
  <p class="b" />
  <p class="b" />
  <p class="m">
    <span class="it">Međunarodna biblijska liga služi crkvama po cijelom svijetu koje nemaju dovoljno sredstava tako što im omogućava Biblije, biblijske materijale i obuku koja mijenja živote kroz Božju riječ.</span></p>');
INSERT INTO "Version" VALUES('ERV-HUN','hun','BLI','ERV-HUN','Biblia Egyszerű fordítás','BIBLE','ERV-HUN.db','T','F','2016-10-17','BIBLIA: Egyszerű fordítás (EFO) © 2012 Bible League International','  <p class="m">
    <span class="bd">BIBLIA: Egyszerű fordítás (EFO)</span></p>
  <p class="m">© 2012 Bible League International</p>
  <p class="m">Térképek, Illusztrációk (képek) © 2012-2013 Bible League International</p>
  <p class="m">Egyéb anyagok © Bible League International</p>
  <p class="b" />
  <p class="m">Minden jog fenntartva. Ezt a fordítást a szerzői jog védi, ezért a Kiadó írásbeli engedélye nélkül csak a következő feltételekkel lehet idézni belőle: az idézet, illetve másolat terjedelme legfeljebb ezer (1 000) bibliai vers lehet, az idézetek nem alkothatnak önálló kiadványt, sem nem haladhatják meg a kiadványteljes terjedelmének 50 %-át, a következő hivatkozást közölni kell a kiadvány copyright oldalán:</p>
  <p class="b" />
  <p class="mi">„Az idézeteket az alábbi Kiadó engedélyével a következő kiadványból vettük át: BIBLIA — Egyszerű Fordítás (EFO) © 2012 Bible League International.”</p>
  <p class="b" />
  <p class="m">Amennyiben az EFO-ból vett idézeteket olyan hordozókon használják, amelyek nem kerülnek kereskedelmi forgalomba, mint pl. gyülekezeti belső kiadványok, poszterek, szöveg-kivetítésre használt átlátszó fólia, és ehhez hasonlók, a fenti teljes copyright hivatkozás nem szükséges, de az EFO jelzésnek ekkor is meg kell jelennie minden egyes idézet végén. Amennyiben a felhasználni kívánt idézet és/vagy másolás terjedelme meghaladja az ezer (1 000) bibliai verset, vagy a kiadvány teljes terjedelmének 50 %-át, írásbeli engedélyt kell kérni a Bible League International kiadótól. Ezt és minden egyéb engedély iránti kérelmet szíveskedjenek a Bible League International alábbi címére küldeni. A kérelem jóváhagyása csak írásban érvényes.</p>
  <p class="b" />
  <p class="m">Bible League International</p>
  <p class="m">1 Bible League Plaza</p>
  <p class="m">Crete, IL 60417, USA</p>
  <p class="m">
    <span class="it">Phone:</span> 866-825-4636</p>
  <p class="m">
    <span class="it">Email:</span> permissions@bibleleague.org</p>
  <p class="m">
    <span class="it">Web:</span> www.bibleleague.org</p>
  <p class="b" />
  <p class="b" />
  <p class="m">
    <span class="it">A Nemzetközi Biblia Liga szervezet világszerte szolgálja a különböző keresztény egyházakat és gyülekezeteket a Biblia és a tanulmányozásához szükséges segédkönyvek kiadásával és terjesztésével, valamint oktatással és képzéssel. Mindezt abból a célból teszi, hogy Isten Igéje átformálja az emberek életét.</span></p>');
INSERT INTO "Version" VALUES('ERV-RUS','rus','BLI','ERV-RUS','Святая Библия Современный перевод','BIBLE','ERV-RUS.db','T','F','2016-10-17','Библия: Современный перевод (РСП) © Bible League International, 1993, 2014','  <p class="m">
    <span class="bd">Библия: Современный перевод (РСП)</span></p>
  <p class="m">© Bible League International, 1993, 2014</p>
  <p class="m">© Bible League International, карты, иллюстрации, 2012-2013</p>
  <p class="m">© Bible League International, дополнительные материалы</p>
  <p class="b" />
  <p class="m">В случае использования до 1 000 стихов письменного разрешения не требуется. Если совокупность цитат составляет более половины печатного издания, то ссылка на правообладателя обязательна.</p>
  <p class="b" />
  <p class="m">В случае использования цитат из «Современного перевода» в некоммерческих изданиях, таких как церковные бюллетени, объявления, плакаты, и т. д., указание правообладателя не обязательно. В конце каждой цитаты должна следовать ссылка на первоисточник:</p>
  <p class="b" />
  <p class="mi">Святая Библия: Современный перевод (РСП)</p>
  <p class="mi">© Bible League International, 1993, 2014</p>
  <p class="b" />
  <p class="m">«Современный перевод». За письменным разрешением на перепечатку более 1 000 стихов или при использовании текста в размере, составляющем более половины печатного издания, а также по всем вопросам, касающимся тиражирования, распространения, размножения, перенос на бумажные и электронные носители и т. д., необходимо обращаться в Международную библейскую лигу.</p>
  <p class="b" />
  <p class="m">Публикация комментариев или перепечатка цитат в коммерческих целях из Нового Завета в «Современном переводе» допускается только с письменного разрешения. Права на перепечатку текстовых материалов можно получить по адресу permissions@bibleleague.org.</p>
  <p class="b" />
  <p class="m">Bible League International</p>
  <p class="m">1 Bible League Plaza</p>
  <p class="m">Crete, IL 60417, USA</p>
  <p class="m">
    <span class="it">Телефон:</span> 866-825-4636</p>
  <p class="m">
    <span class="it">Электронный адрес:</span> permissions@bibleleague.org</p>
  <p class="m">
    <span class="it">Интернет-страница:</span> www.bibleleague.org</p>
  <p class="b" />
  <p class="b" />
  <p class="m">
    <span class="it">Международная библейская лига служит церквям по всему миру посредством предоставления Библий, библейских ресурсов и обучения с целью изменить жизни людей через Слово Божье.</span></p>');
INSERT INTO "Version" VALUES('ERV-SRP','srp','BLI','ERV-SRP','Библија Савремени српски превод','BIBLE','ERV-SRP.db','T','F','2016-10-17','Библија: Савремени српски превод (ССП) © 2015 Bible League International','  <p class="m">
    <span class="bd">Библија: Савремени српски превод (ССП)</span></p>
  <p class="m">© 2015 Bible League International</p>
  <p class="m">Мапе, Илустрације © 2012-2013 Bible League International</p>
  <p class="m">Додаци © Bible League International</p>
  <p class="b" />
  <p class="m">Сва права задржана. Овај копирајтом заштићени материјал сме се дословно наводити без писменог одобрења у обиму од највише 1.000 стихова. Међутим, обим наведених стихова не сме да обухвати ниједну књигу у целости нити сме да премаши 50% обима дела у ком се стихови наводе. Следеће обавештење о копирајту мора да стоји на насловној или копирајт-страници дела:</p>
  <p class="b" />
  <p class="mi">Преузето из Библија: Савремени српски превод (ССП) © 2015 Bible League International. Преузето са одобрењем.</p>
  <p class="b" />
  <p class="m">Када се наводи из ССП-а користе на подлогама које нису намењене за продају, као што су црквени билтени, обавештења о богослужењу, плакати, графоскопске фолије и слично, није потребно наводити цео текст обавештења о копирајту, него само скраћеницу (ССП), која мора да стоји на крају сваког навода. Захтеви за одобрење коришћења навода или репродуковања текста у обиму који премашује 1.000 стихова или 50% обима дела у ком се стихови наводе, као и други захтеви везани за добијање одобрења, морају се у писаној форми упутити Bible League International-у.</p>
  <p class="b" />
  <p class="m">Bible League International</p>
  <p class="m">1 Bible League Plaza</p>
  <p class="m">Crete, IL 60417, USA</p>
  <p class="m">
    <span class="it">Телефон:</span> 866-825-4636</p>
  <p class="m">
    <span class="it">Email:</span> permissions@bibleleague.org</p>
  <p class="m">
    <span class="it">Web:</span> www.bibleleague.org</p>
  <p class="b" />
  <p class="b" />
  <p class="m">
    <span class="it">Bible League International служи црквама широм света тако што им обезбеђује примерке Библије, материјале и обуку везане за Библију у настојању да се живот људи преобрази посредством Божије речи.</span></p>');
INSERT INTO "Version" VALUES('ERV-UKR','ukr','BLI','ERV-UKR','Новий Заповіт Сучасною Мовою','BIBLE_NT','ERV-UKR.db','T','F','2016-10-17','Новий Заповіт: Сучасною мовою (УСП) © Bible League International, 1996','  <p class="m">
    <span class="bd">Новий Заповіт: Сучасною мовою (УСП)</span></p>
  <p class="m">© Bible League International, 1996</p>
  <p class="m">© Bible League International, карти, ілюстрації, 2012-2013</p>
  <p class="m">© Bible League International, додаткові матеріали</p>
  <p class="b" />
  <p class="m">У випадку використання до 1 000 віршів письмовий дозвіл не потрібен, але сукупність цитат не може складати повного об’єму або перевищувати половини друкованого видання. Нижченаведена інформація повинна надаватися на титульній або авторській сторінці:</p>
  <p class="b" />
  <p class="mi">Цитата приведена з Нового Заповiту Сучасною мовою (УСП)</p>
  <p class="mi">Перевидання цитат з Нового Заповіту Сучасною мовою (УСП) зроблено з дозволу Bible League International, 1996</p>
  <p class="b" />
  <p class="m">У випадку використання цитат з Нового Заповіту «Сучасною Мовою» в некомерційний виданнях, а саме: церковних бюлетенях, об’явах, плакатах тощо, повне пояснення авторського права непотрібно, проте наприкінці кожної цитати має бути посилання на «УСП». За письмовим дозволом на перевидання більше 1 000 віршів або використання цитат, які у сукупності складають більше половини друкованого видання, або будь-якими проханнями про використання тексту необхідно звертатися до Міжнародної біблійної ліги.</p>
  <p class="b" />
  <p class="m">Публікація коментарів або перевидання цитат у комерційних цілях з Нового Заповіту «Сучасною мовою» потребує письмового дозволу від Міжнародної біблійної ліги. За дозволом необхідно звертатися за адресою: permissions@bibleleague.org.</p>
  <p class="b" />
  <p class="m">Bible League International</p>
  <p class="m">1 Bible League Plaza</p>
  <p class="m">Crete, IL 60417, USA</p>
  <p class="m">
    <span class="it">Телефон:</span> 866-825-4636</p>
  <p class="m">
    <span class="it">Електронна пошта:</span> permissions@bibleleague.org</p>
  <p class="m">
    <span class="it">Веб-адреса:</span> bibleleague.org</p>
  <p class="b" />
  <p class="b" />
  <p class="m">
    <span class="it">Міжнародна біблійна ліга служить церквам по всьому світу шляхом забезпечення їх Бібліями, біблійними ресурсами і навчанням, щоб перетворити життя людей через Слово Боже.</span></p>');
CREATE TABLE AWSRegion(
awsRegion TEXT NOT NULL PRIMARY KEY,
s3TextBucket TEXT NULL,
regionName TEXT NOT NULL	
);
INSERT INTO "AWSRegion" VALUES('us-east-1','shortsands-na-va','US East (N. Virginia)');
INSERT INTO "AWSRegion" VALUES('us-east-2',NULL,'US East (Ohio)');
INSERT INTO "AWSRegion" VALUES('us-west-1',NULL,'US West (N. California)');
INSERT INTO "AWSRegion" VALUES('us-west-2',NULL,'US West (Oregon)');
INSERT INTO "AWSRegion" VALUES('ca-central-1',NULL,'Canada (Central)');
INSERT INTO "AWSRegion" VALUES('eu-west-1','shortsands-eu-ie','EU (Ireland)');
INSERT INTO "AWSRegion" VALUES('eu-central-1',NULL,'EU (Frankfurt)');
INSERT INTO "AWSRegion" VALUES('eu-west-2',NULL,'EU (London)');
INSERT INTO "AWSRegion" VALUES('ap-northeast-1','shortsands-as-jp','Asia Pacific (Tokyo)');
INSERT INTO "AWSRegion" VALUES('ap-northeast-2',NULL,'Asia Pacific (Seoul)');
INSERT INTO "AWSRegion" VALUES('ap-southeast-1','shortsands-as-sg','Asia Pacific (Singapore)');
INSERT INTO "AWSRegion" VALUES('ap-southeast-2','shortsands-oc-au','Asia Pacific (Sydney)');
INSERT INTO "AWSRegion" VALUES('ap-south-1',NULL,'Asia Pacific (Mumbai)');
INSERT INTO "AWSRegion" VALUES('sa-east-1',NULL,'South America (São Paulo)');
CREATE TABLE Region (
countryCode TEXT NOT NULL PRIMARY KEY,
continentCode TEXT NOT NULL CHECK (continentCode IN('AF','EU','AS','NA','SA','OC','AN')),
geoschemeCode TEXT NOT NULL CHECK (geoschemeCode IN(
		'AF-EAS','AF-MID','AF-NOR','AF-SOU','AF-WES',
		'SA-CAR','SA-CEN','SA-SOU','NA-NOR',
		'AS-CEN','AS-EAS','AS-SOU','AS-SEA','AS-WES',
		'EU-EAS','EU-NOR','EU-SOU','EU-WES',
		'OC-AUS','OC-MEL','OC-MIC','OC-POL','AN-ANT')),
awsRegion TEXT NOT NULL REFERENCES AWSRegion(awsRegion),
countryName TEXT NOT NULL	
);
INSERT INTO "Region" VALUES('AF','AS','AS-SOU','ap-southeast-1','Afghanistan');
INSERT INTO "Region" VALUES('AX','EU','EU-NOR','eu-west-1','Åland Islands');
INSERT INTO "Region" VALUES('AL','EU','EU-SOU','eu-west-1','Albania');
INSERT INTO "Region" VALUES('DZ','AF','AF-NOR','eu-west-1','Algeria');
INSERT INTO "Region" VALUES('AS','OC','OC-POL','ap-southeast-2','American Samoa');
INSERT INTO "Region" VALUES('AD','EU','EU-SOU','eu-west-1','Andorra');
INSERT INTO "Region" VALUES('AO','AF','AF-MID','eu-west-1','Angola');
INSERT INTO "Region" VALUES('AI','SA','SA-CAR','us-east-1','Anguilla');
INSERT INTO "Region" VALUES('AQ','AN','AN-ANT','ap-southeast-2','Antarctica');
INSERT INTO "Region" VALUES('AG','SA','SA-CAR','us-east-1','Antigua and Barbuda');
INSERT INTO "Region" VALUES('AR','SA','SA-SOU','us-east-1','Argentina');
INSERT INTO "Region" VALUES('AM','AS','AS-WES','eu-west-1','Armenia');
INSERT INTO "Region" VALUES('AW','SA','SA-CAR','us-east-1','Aruba');
INSERT INTO "Region" VALUES('AU','OC','OC-AUS','ap-southeast-2','Australia');
INSERT INTO "Region" VALUES('AT','EU','EU-WES','eu-west-1','Austria');
INSERT INTO "Region" VALUES('AZ','AS','AS-WES','eu-west-1','Azerbaijan');
INSERT INTO "Region" VALUES('BS','SA','SA-CAR','us-east-1','Bahamas');
INSERT INTO "Region" VALUES('BH','AS','AS-WES','eu-west-1','Bahrain');
INSERT INTO "Region" VALUES('BD','AS','AS-SOU','ap-southeast-1','Bangladesh');
INSERT INTO "Region" VALUES('BB','SA','SA-CAR','us-east-1','Barbados');
INSERT INTO "Region" VALUES('BY','EU','EU-EAS','eu-west-1','Belarus');
INSERT INTO "Region" VALUES('BZ','SA','SA-CEN','us-east-1','Belize');
INSERT INTO "Region" VALUES('BE','EU','EU-WES','eu-west-1','Belgium');
INSERT INTO "Region" VALUES('BJ','AF','AF-WES','eu-west-1','Benin');
INSERT INTO "Region" VALUES('BM','NA','NA-NOR','us-east-1','Bermuda');
INSERT INTO "Region" VALUES('BT','AS','AS-SOU','ap-southeast-1','Bhutan');
INSERT INTO "Region" VALUES('BO','SA','SA-SOU','us-east-1','Bolivia');
INSERT INTO "Region" VALUES('BQ','SA','SA-CAR','us-east-1','Bonaire');
INSERT INTO "Region" VALUES('BA','EU','EU-SOU','eu-west-1','Bosnia and Herzegovina');
INSERT INTO "Region" VALUES('BW','AF','AF-SOU','eu-west-1','Botswana');
INSERT INTO "Region" VALUES('BV','AN','AN-ANT','ap-southeast-2','Bouvet Island');
INSERT INTO "Region" VALUES('BR','SA','SA-SOU','us-east-1','Brazil');
INSERT INTO "Region" VALUES('IO','EU','EU-WES','eu-west-1','British Indian Ocean Territory');
INSERT INTO "Region" VALUES('BN','AS','AS-SEA','ap-southeast-1','Brunei Darussalam');
INSERT INTO "Region" VALUES('BG','EU','EU-EAS','eu-west-1','Bulgaria');
INSERT INTO "Region" VALUES('BF','AF','AF-WES','eu-west-1','Burkina Faso');
INSERT INTO "Region" VALUES('BI','AF','AF-EAS','eu-west-1','Burundi');
INSERT INTO "Region" VALUES('CV','AF','AF-WES','eu-west-1','Cabo Verde');
INSERT INTO "Region" VALUES('KH','AS','AS-SEA','ap-southeast-1','Cambodia');
INSERT INTO "Region" VALUES('CM','AF','AF-MID','eu-west-1','Cameroon');
INSERT INTO "Region" VALUES('CA','NA','NA-NOR','us-east-1','Canada');
INSERT INTO "Region" VALUES('KY','SA','SA-CAR','us-east-1','Cayman Islands');
INSERT INTO "Region" VALUES('CF','AF','AF-MID','eu-west-1','Central African Republic');
INSERT INTO "Region" VALUES('TD','AF','AF-MID','eu-west-1','Chad');
INSERT INTO "Region" VALUES('CL','SA','SA-SOU','us-east-1','Chile');
INSERT INTO "Region" VALUES('CN','AS','AS-EAS','ap-northeast-1','China');
INSERT INTO "Region" VALUES('CX','OC','OC-AUS','ap-southeast-2','Christmas Island');
INSERT INTO "Region" VALUES('CC','OC','OC-AUS','ap-southeast-2','Cocos Islands');
INSERT INTO "Region" VALUES('CO','SA','SA-SOU','us-east-1','Colombia');
INSERT INTO "Region" VALUES('KM','AF','AF-EAS','eu-west-1','Comoros');
INSERT INTO "Region" VALUES('CG','AF','AF-MID','eu-west-1','Congo');
INSERT INTO "Region" VALUES('CD','AF','AF-MID','eu-west-1','Congo Democratic Republic');
INSERT INTO "Region" VALUES('CK','OC','OC-POL','ap-southeast-2','Cook Islands');
INSERT INTO "Region" VALUES('CR','SA','SA-CEN','us-east-1','Costa Rica');
INSERT INTO "Region" VALUES('CI','AF','AF-WES','eu-west-1','Côte d''Ivoire');
INSERT INTO "Region" VALUES('HR','EU','EU-SOU','eu-west-1','Croatia');
INSERT INTO "Region" VALUES('CU','SA','SA-CAR','us-east-1','Cuba');
INSERT INTO "Region" VALUES('CW','SA','SA-CAR','us-east-1','Curaçao');
INSERT INTO "Region" VALUES('CY','EU','AS-WES','eu-west-1','Cyprus');
INSERT INTO "Region" VALUES('CZ','EU','EU-EAS','eu-west-1','Czechia');
INSERT INTO "Region" VALUES('DK','EU','EU-NOR','eu-west-1','Denmark');
INSERT INTO "Region" VALUES('DJ','AF','AF-EAS','eu-west-1','Djibouti');
INSERT INTO "Region" VALUES('DM','SA','SA-CAR','us-east-1','Dominica');
INSERT INTO "Region" VALUES('DO','SA','SA-CAR','us-east-1','Dominican Republic');
INSERT INTO "Region" VALUES('EC','SA','SA-SOU','us-east-1','Ecuador');
INSERT INTO "Region" VALUES('EG','AF','AF-NOR','eu-west-1','Egypt');
INSERT INTO "Region" VALUES('SV','SA','SA-CEN','us-east-1','El Salvador');
INSERT INTO "Region" VALUES('GQ','AF','AF-MID','eu-west-1','Equatorial Guinea');
INSERT INTO "Region" VALUES('ER','AF','AF-EAS','eu-west-1','Eritrea');
INSERT INTO "Region" VALUES('EE','EU','EU-NOR','eu-west-1','Estonia');
INSERT INTO "Region" VALUES('ET','AF','AF-EAS','eu-west-1','Ethiopia');
INSERT INTO "Region" VALUES('FK','SA','SA-SOU','us-east-1','Falkland Islands');
INSERT INTO "Region" VALUES('FO','EU','EU-NOR','eu-west-1','Faroe Islands');
INSERT INTO "Region" VALUES('FJ','OC','OC-MEL','ap-southeast-2','Fiji');
INSERT INTO "Region" VALUES('FI','EU','EU-NOR','eu-west-1','Finland');
INSERT INTO "Region" VALUES('FR','EU','EU-WES','eu-west-1','France');
INSERT INTO "Region" VALUES('GF','SA','SA-SOU','us-east-1','French Guiana');
INSERT INTO "Region" VALUES('PF','OC','OC-POL','ap-southeast-2','French Polynesia');
INSERT INTO "Region" VALUES('TF','AN','AN-ANT','ap-southeast-2','French Southern Territories');
INSERT INTO "Region" VALUES('GA','AF','AF-MID','eu-west-1','Gabon');
INSERT INTO "Region" VALUES('GM','AF','AF-WES','eu-west-1','Gambia');
INSERT INTO "Region" VALUES('GE','AS','AS-WES','eu-west-1','Georgia');
INSERT INTO "Region" VALUES('DE','EU','EU-WES','eu-west-1','Germany');
INSERT INTO "Region" VALUES('GH','AF','AF-WES','eu-west-1','Ghana');
INSERT INTO "Region" VALUES('GI','EU','EU-SOU','eu-west-1','Gibraltar');
INSERT INTO "Region" VALUES('GR','EU','EU-SOU','eu-west-1','Greece');
INSERT INTO "Region" VALUES('GL','NA','NA-NOR','us-east-1','Greenland');
INSERT INTO "Region" VALUES('GD','SA','SA-CAR','us-east-1','Grenada');
INSERT INTO "Region" VALUES('GP','SA','SA-CAR','us-east-1','Guadeloupe');
INSERT INTO "Region" VALUES('GU','OC','OC-MIC','ap-southeast-2','Guam');
INSERT INTO "Region" VALUES('GT','SA','SA-CEN','us-east-1','Guatemala');
INSERT INTO "Region" VALUES('GG','EU','EU-NOR','eu-west-1','Guernsey');
INSERT INTO "Region" VALUES('GN','AF','AF-WES','eu-west-1','Guinea');
INSERT INTO "Region" VALUES('GW','AF','AF-WES','eu-west-1','Guinea-Bissau');
INSERT INTO "Region" VALUES('GY','SA','SA-SOU','us-east-1','Guyana');
INSERT INTO "Region" VALUES('HT','SA','SA-CAR','us-east-1','Haiti');
INSERT INTO "Region" VALUES('HM','AN','AN-ANT','ap-southeast-2','Heard Island and McDonald Islands');
INSERT INTO "Region" VALUES('VA','EU','EU-SOU','eu-west-1','Holy See');
INSERT INTO "Region" VALUES('HN','SA','SA-CEN','us-east-1','Honduras');
INSERT INTO "Region" VALUES('HK','AS','AS-EAS','ap-northeast-1','Hong Kong');
INSERT INTO "Region" VALUES('HU','EU','EU-EAS','eu-west-1','Hungary');
INSERT INTO "Region" VALUES('IS','EU','EU-NOR','eu-west-1','Iceland');
INSERT INTO "Region" VALUES('IN','AS','AS-SOU','ap-southeast-1','India');
INSERT INTO "Region" VALUES('ID','AS','AS-SEA','ap-southeast-1','Indonesia');
INSERT INTO "Region" VALUES('IR','AS','AS-SOU','ap-southeast-1','Iran');
INSERT INTO "Region" VALUES('IQ','AS','AS-WES','eu-west-1','Iraq');
INSERT INTO "Region" VALUES('IE','EU','EU-NOR','eu-west-1','Ireland');
INSERT INTO "Region" VALUES('IM','EU','EU-NOR','eu-west-1','Isle of Man');
INSERT INTO "Region" VALUES('IL','AS','AS-WES','eu-west-1','Israel');
INSERT INTO "Region" VALUES('IT','EU','EU-SOU','eu-west-1','Italy');
INSERT INTO "Region" VALUES('JM','SA','SA-CAR','us-east-1','Jamaica');
INSERT INTO "Region" VALUES('JP','AS','AS-EAS','ap-northeast-1','Japan');
INSERT INTO "Region" VALUES('JE','EU','EU-NOR','eu-west-1','Jersey');
INSERT INTO "Region" VALUES('JO','AS','AS-WES','eu-west-1','Jordan');
INSERT INTO "Region" VALUES('KZ','AS','AS-CEN','ap-northeast-1','Kazakhstan');
INSERT INTO "Region" VALUES('KE','AF','AF-EAS','eu-west-1','Kenya');
INSERT INTO "Region" VALUES('KI','OC','OC-MIC','ap-southeast-2','Kiribati');
INSERT INTO "Region" VALUES('KP','AS','AS-EAS','ap-northeast-1','North Korea');
INSERT INTO "Region" VALUES('KR','AS','AS-EAS','ap-northeast-1','South Korea');
INSERT INTO "Region" VALUES('KW','AS','AS-WES','eu-west-1','Kuwait');
INSERT INTO "Region" VALUES('KG','AS','AS-CEN','ap-northeast-1','Kyrgyzstan');
INSERT INTO "Region" VALUES('LA','AS','AS-SEA','ap-southeast-1','Lao');
INSERT INTO "Region" VALUES('LV','EU','EU-NOR','eu-west-1','Latvia');
INSERT INTO "Region" VALUES('LB','AS','AS-WES','eu-west-1','Lebanon');
INSERT INTO "Region" VALUES('LS','AF','AF-SOU','eu-west-1','Lesotho');
INSERT INTO "Region" VALUES('LR','AF','AF-WES','eu-west-1','Liberia');
INSERT INTO "Region" VALUES('LY','AF','AF-NOR','eu-west-1','Libya');
INSERT INTO "Region" VALUES('LI','EU','EU-WES','eu-west-1','Liechtenstein');
INSERT INTO "Region" VALUES('LT','EU','EU-NOR','eu-west-1','Lithuania');
INSERT INTO "Region" VALUES('LU','EU','EU-WES','eu-west-1','Luxembourg');
INSERT INTO "Region" VALUES('MO','AS','AS-EAS','ap-northeast-1','Macao');
INSERT INTO "Region" VALUES('MK','EU','EU-SOU','eu-west-1','Macedonia');
INSERT INTO "Region" VALUES('MG','AF','AF-EAS','eu-west-1','Madagascar');
INSERT INTO "Region" VALUES('MW','AF','AF-EAS','eu-west-1','Malawi');
INSERT INTO "Region" VALUES('MY','AS','AS-SEA','ap-southeast-1','Malaysia');
INSERT INTO "Region" VALUES('MV','AS','AS-SOU','ap-southeast-1','Maldives');
INSERT INTO "Region" VALUES('ML','AF','AF-WES','eu-west-1','Mali');
INSERT INTO "Region" VALUES('MT','EU','EU-SOU','eu-west-1','Malta');
INSERT INTO "Region" VALUES('MH','OC','OC-MIC','ap-southeast-2','Marshall Islands');
INSERT INTO "Region" VALUES('MQ','SA','SA-CAR','us-east-1','Martinique');
INSERT INTO "Region" VALUES('MR','AF','AF-WES','eu-west-1','Mauritania');
INSERT INTO "Region" VALUES('MU','AF','AF-EAS','eu-west-1','Mauritius');
INSERT INTO "Region" VALUES('YT','AF','AF-EAS','eu-west-1','Mayotte');
INSERT INTO "Region" VALUES('MX','NA','SA-CEN','us-east-1','Mexico');
INSERT INTO "Region" VALUES('FM','OC','OC-MIC','ap-southeast-2','Micronesia');
INSERT INTO "Region" VALUES('MD','EU','EU-EAS','eu-west-1','Moldova');
INSERT INTO "Region" VALUES('MC','EU','EU-WES','eu-west-1','Monaco');
INSERT INTO "Region" VALUES('MN','AS','AS-EAS','ap-northeast-1','Mongolia');
INSERT INTO "Region" VALUES('ME','EU','EU-SOU','eu-west-1','Montenegro');
INSERT INTO "Region" VALUES('MS','SA','SA-CAR','us-east-1','Montserrat');
INSERT INTO "Region" VALUES('MA','AF','AF-NOR','eu-west-1','Morocco');
INSERT INTO "Region" VALUES('MZ','AF','AF-EAS','eu-west-1','Mozambique');
INSERT INTO "Region" VALUES('MM','AS','AS-SEA','ap-southeast-1','Myanmar');
INSERT INTO "Region" VALUES('NA','AF','AF-SOU','eu-west-1','Namibia');
INSERT INTO "Region" VALUES('NR','OC','OC-MIC','ap-southeast-2','Nauru');
INSERT INTO "Region" VALUES('NP','AS','AS-SOU','ap-southeast-1','Nepal');
INSERT INTO "Region" VALUES('NL','EU','EU-WES','eu-west-1','Netherlands');
INSERT INTO "Region" VALUES('NC','OC','OC-MEL','ap-southeast-2','New Caledonia');
INSERT INTO "Region" VALUES('NZ','OC','OC-AUS','ap-southeast-2','New Zealand');
INSERT INTO "Region" VALUES('NI','SA','SA-CEN','us-east-1','Nicaragua');
INSERT INTO "Region" VALUES('NE','AF','AF-WES','eu-west-1','Niger');
INSERT INTO "Region" VALUES('NG','AF','AF-WES','eu-west-1','Nigeria');
INSERT INTO "Region" VALUES('NU','OC','OC-POL','ap-southeast-2','Niue');
INSERT INTO "Region" VALUES('NF','OC','OC-AUS','ap-southeast-2','Norfolk Island');
INSERT INTO "Region" VALUES('MP','OC','OC-MIC','ap-southeast-2','Northern Mariana Islands');
INSERT INTO "Region" VALUES('NO','EU','EU-NOR','eu-west-1','Norway');
INSERT INTO "Region" VALUES('OM','AS','AS-WES','eu-west-1','Oman');
INSERT INTO "Region" VALUES('PK','AS','AS-SOU','ap-southeast-1','Pakistan');
INSERT INTO "Region" VALUES('PW','OC','OC-MIC','ap-southeast-2','Palau');
INSERT INTO "Region" VALUES('PS','AS','AS-WES','eu-west-1','Palestine');
INSERT INTO "Region" VALUES('PA','SA','SA-CEN','us-east-1','Panama');
INSERT INTO "Region" VALUES('PG','OC','OC-MEL','ap-southeast-2','Papua New Guinea');
INSERT INTO "Region" VALUES('PY','SA','SA-SOU','us-east-1','Paraguay');
INSERT INTO "Region" VALUES('PE','SA','SA-SOU','us-east-1','Peru');
INSERT INTO "Region" VALUES('PH','AS','AS-SEA','ap-southeast-1','Philippines');
INSERT INTO "Region" VALUES('PN','OC','OC-POL','ap-southeast-2','Pitcairn');
INSERT INTO "Region" VALUES('PL','EU','EU-EAS','eu-west-1','Poland');
INSERT INTO "Region" VALUES('PT','EU','EU-SOU','eu-west-1','Portugal');
INSERT INTO "Region" VALUES('PR','SA','SA-CAR','us-east-1','Puerto Rico');
INSERT INTO "Region" VALUES('QA','AS','AS-WES','eu-west-1','Qatar');
INSERT INTO "Region" VALUES('RE','AF','AF-EAS','eu-west-1','Réunion');
INSERT INTO "Region" VALUES('RO','EU','EU-EAS','eu-west-1','Romania');
INSERT INTO "Region" VALUES('RU','EU','EU-EAS','eu-west-1','Russian Federation');
INSERT INTO "Region" VALUES('RW','AF','AF-EAS','eu-west-1','Rwanda');
INSERT INTO "Region" VALUES('BL','SA','SA-CAR','us-east-1','Saint Barthélemy');
INSERT INTO "Region" VALUES('SH','AF','AF-WES','eu-west-1','Saint Helena');
INSERT INTO "Region" VALUES('KN','SA','SA-CAR','us-east-1','Saint Kitts and Nevis');
INSERT INTO "Region" VALUES('LC','SA','SA-CAR','us-east-1','Saint Lucia');
INSERT INTO "Region" VALUES('MF','SA','SA-CAR','us-east-1','Saint Martin');
INSERT INTO "Region" VALUES('PM','NA','NA-NOR','us-east-1','Saint Pierre and Miquelon');
INSERT INTO "Region" VALUES('VC','SA','SA-CAR','us-east-1','Saint Vincent and the Grenadines');
INSERT INTO "Region" VALUES('WS','OC','OC-POL','ap-southeast-2','Samoa');
INSERT INTO "Region" VALUES('SM','EU','EU-SOU','eu-west-1','San Marino');
INSERT INTO "Region" VALUES('ST','AF','AF-MID','eu-west-1','Sao Tome and Principe');
INSERT INTO "Region" VALUES('SA','AS','AS-WES','eu-west-1','Saudi Arabia');
INSERT INTO "Region" VALUES('SN','AF','AF-WES','eu-west-1','Senegal');
INSERT INTO "Region" VALUES('RS','EU','EU-SOU','eu-west-1','Serbia');
INSERT INTO "Region" VALUES('SC','AF','AF-EAS','eu-west-1','Seychelles');
INSERT INTO "Region" VALUES('SL','AF','AF-WES','eu-west-1','Sierra Leone');
INSERT INTO "Region" VALUES('SG','AS','AS-SEA','ap-southeast-1','Singapore');
INSERT INTO "Region" VALUES('SX','SA','SA-CAR','us-east-1','Sint Maarten');
INSERT INTO "Region" VALUES('SK','EU','EU-EAS','eu-west-1','Slovakia');
INSERT INTO "Region" VALUES('SI','EU','EU-SOU','eu-west-1','Slovenia');
INSERT INTO "Region" VALUES('SB','OC','OC-MEL','ap-southeast-2','Solomon Islands');
INSERT INTO "Region" VALUES('SO','AF','AF-EAS','eu-west-1','Somalia');
INSERT INTO "Region" VALUES('ZA','AF','AF-SOU','eu-west-1','South Africa');
INSERT INTO "Region" VALUES('GS','AN','AN-ANT','ap-southeast-2','South Georgia');
INSERT INTO "Region" VALUES('SS','AF','AF-EAS','eu-west-1','South Sudan');
INSERT INTO "Region" VALUES('ES','EU','EU-SOU','eu-west-1','Spain');
INSERT INTO "Region" VALUES('LK','AS','AS-SOU','ap-southeast-1','Sri Lanka');
INSERT INTO "Region" VALUES('SD','AF','AF-NOR','eu-west-1','Sudan');
INSERT INTO "Region" VALUES('SR','SA','SA-SOU','us-east-1','Suriname');
INSERT INTO "Region" VALUES('SJ','EU','EU-NOR','eu-west-1','Svalbard and Jan Mayen');
INSERT INTO "Region" VALUES('SZ','AF','AF-SOU','eu-west-1','Swaziland');
INSERT INTO "Region" VALUES('SE','EU','EU-NOR','eu-west-1','Sweden');
INSERT INTO "Region" VALUES('CH','EU','EU-WES','eu-west-1','Switzerland');
INSERT INTO "Region" VALUES('SY','AS','AS-WES','eu-west-1','Syrian Arab Republic');
INSERT INTO "Region" VALUES('TW','AS','AS-EAS','ap-northeast-1','Taiwan');
INSERT INTO "Region" VALUES('TJ','AS','AS-CEN','ap-northeast-1','Tajikistan');
INSERT INTO "Region" VALUES('TZ','AF','AF-EAS','eu-west-1','Tanzania');
INSERT INTO "Region" VALUES('TH','AS','AS-SEA','ap-southeast-1','Thailand');
INSERT INTO "Region" VALUES('TL','AS','AS-SEA','ap-southeast-1','Timor-Leste');
INSERT INTO "Region" VALUES('TG','AF','AF-WES','eu-west-1','Togo');
INSERT INTO "Region" VALUES('TK','OC','OC-POL','ap-southeast-2','Tokelau');
INSERT INTO "Region" VALUES('TO','OC','OC-POL','ap-southeast-2','Tonga');
INSERT INTO "Region" VALUES('TT','SA','SA-CAR','us-east-1','Trinidad and Tobago');
INSERT INTO "Region" VALUES('TN','AF','AF-NOR','eu-west-1','Tunisia');
INSERT INTO "Region" VALUES('TR','AS','AS-WES','eu-west-1','Turkey');
INSERT INTO "Region" VALUES('TM','AS','AS-CEN','ap-northeast-1','Turkmenistan');
INSERT INTO "Region" VALUES('TC','SA','SA-CAR','us-east-1','Turks and Caicos Islands');
INSERT INTO "Region" VALUES('TV','OC','OC-POL','ap-southeast-2','Tuvalu');
INSERT INTO "Region" VALUES('UG','AF','AF-EAS','eu-west-1','Uganda');
INSERT INTO "Region" VALUES('UA','EU','EU-EAS','eu-west-1','Ukraine');
INSERT INTO "Region" VALUES('AE','AS','AS-WES','eu-west-1','United Arab Emirates');
INSERT INTO "Region" VALUES('GB','EU','EU-NOR','eu-west-1','United Kingdom');
INSERT INTO "Region" VALUES('UM','NA','NA-NOR','us-east-1','US Minor Outlying Islands');
INSERT INTO "Region" VALUES('US','NA','NA-NOR','us-east-1','United States');
INSERT INTO "Region" VALUES('UY','SA','SA-SOU','us-east-1','Uruguay');
INSERT INTO "Region" VALUES('UZ','AS','AS-CEN','ap-northeast-1','Uzbekistan');
INSERT INTO "Region" VALUES('VU','OC','OC-MEL','ap-southeast-2','Vanuatu');
INSERT INTO "Region" VALUES('VE','SA','SA-SOU','us-east-1','Venezuela');
INSERT INTO "Region" VALUES('VN','AS','AS-SEA','ap-southeast-1','Viet Nam');
INSERT INTO "Region" VALUES('VG','SA','SA-CAR','us-east-1','British Virgin Islands');
INSERT INTO "Region" VALUES('VI','SA','SA-CAR','us-east-1','US Virgin Islands');
INSERT INTO "Region" VALUES('WF','OC','OC-POL','ap-southeast-2','Wallis and Futuna');
INSERT INTO "Region" VALUES('EH','AF','AF-NOR','eu-west-1','Western Sahara');
INSERT INTO "Region" VALUES('YE','AS','AS-WES','eu-west-1','Yemen');
INSERT INTO "Region" VALUES('ZM','AF','AF-EAS','eu-west-1','Zambia');
INSERT INTO "Region" VALUES('ZW','AF','AF-EAS','eu-west-1','Zimbabwe');
CREATE TABLE DownloadURL(
	filename TEXT NOT NULL,
	awsRegion TEXT NOT NULL REFERENCES AWSRegion(awsRegion),
	signedURL TEXT NOT NULL,
	PRIMARY KEY(filename, awsRegion)
);
INSERT INTO "DownloadURL" VALUES('ERV-ENG.db','us-east-1','https://s3.dualstack.us-east-1.amazonaws.com/shortsands-na-va/ERV-ENG.db.zip?AWSAccessKeyId=AKIAI5BBVXQGO2SHKIRQ&Expires=2135001676&Signature=viZompvgcIPL1I0x4a3oZEBFNA0%3D');
INSERT INTO "DownloadURL" VALUES('ERV-POR.db','us-east-1','https://s3.dualstack.us-east-1.amazonaws.com/shortsands-na-va/ERV-POR.db.zip?AWSAccessKeyId=AKIAI5BBVXQGO2SHKIRQ&Expires=2135001676&Signature=SYsWND%2BJiWG2b5y%2BORxD9gaVik8%3D');
INSERT INTO "DownloadURL" VALUES('ERV-SPA.db','us-east-1','https://s3.dualstack.us-east-1.amazonaws.com/shortsands-na-va/ERV-SPA.db.zip?AWSAccessKeyId=AKIAI5BBVXQGO2SHKIRQ&Expires=2135001676&Signature=jAZEAnBlZSBRbdLcoLJL4abbn%2Fc%3D');
INSERT INTO "DownloadURL" VALUES('ESV.db','us-east-1','https://s3.dualstack.us-east-1.amazonaws.com/shortsands-na-va/ESV.db.zip?AWSAccessKeyId=AKIAI5BBVXQGO2SHKIRQ&Expires=2135001676&Signature=1%2Bw4%2FoKD2eziuZssBO3t%2Fy1iGVA%3D');
INSERT INTO "DownloadURL" VALUES('KJVPD.db','us-east-1','https://s3.dualstack.us-east-1.amazonaws.com/shortsands-na-va/KJVPD.db.zip?AWSAccessKeyId=AKIAI5BBVXQGO2SHKIRQ&Expires=2135001676&Signature=whAg1HEIBBRHtDf%2FInB9MQzu8uk%3D');
INSERT INTO "DownloadURL" VALUES('WEB.db','us-east-1','https://s3.dualstack.us-east-1.amazonaws.com/shortsands-na-va/WEB.db.zip?AWSAccessKeyId=AKIAI5BBVXQGO2SHKIRQ&Expires=2135001676&Signature=JSSOehg1xKXoHB0rYeQhbDG7ZtE%3D');
INSERT INTO "DownloadURL" VALUES('WEB_SHORT.db','us-east-1','https://s3.dualstack.us-east-1.amazonaws.com/shortsands-na-va/WEB_SHORT.db.zip?AWSAccessKeyId=AKIAI5BBVXQGO2SHKIRQ&Expires=2135001676&Signature=FRImAinAEHOStl2R2NUpXuejeMA%3D');
INSERT INTO "DownloadURL" VALUES('ERV-CMN.db','us-east-1','https://s3.dualstack.us-east-1.amazonaws.com/shortsands-na-va/ERV-CMN.db.zip?AWSAccessKeyId=AKIAI5BBVXQGO2SHKIRQ&Expires=2135001676&Signature=YETPoMeue1xrYvbUNIoKHAEqzqI%3D');
INSERT INTO "DownloadURL" VALUES('ERV-IND.db','us-east-1','https://s3.dualstack.us-east-1.amazonaws.com/shortsands-na-va/ERV-IND.db.zip?AWSAccessKeyId=AKIAI5BBVXQGO2SHKIRQ&Expires=2135001676&Signature=y7eMgmY8m2bsq%2FPuy4knel5iIMU%3D');
INSERT INTO "DownloadURL" VALUES('ERV-NEP.db','us-east-1','https://s3.dualstack.us-east-1.amazonaws.com/shortsands-na-va/ERV-NEP.db.zip?AWSAccessKeyId=AKIAI5BBVXQGO2SHKIRQ&Expires=2135001676&Signature=gocZOTjJEL1DBA91S9DhNOTWyYc%3D');
INSERT INTO "DownloadURL" VALUES('ERV-THA.db','us-east-1','https://s3.dualstack.us-east-1.amazonaws.com/shortsands-na-va/ERV-THA.db.zip?AWSAccessKeyId=AKIAI5BBVXQGO2SHKIRQ&Expires=2135001676&Signature=5v0sChrdCaV0QcZyLHBYMBnYUd4%3D');
INSERT INTO "DownloadURL" VALUES('ERV-VIE.db','us-east-1','https://s3.dualstack.us-east-1.amazonaws.com/shortsands-na-va/ERV-VIE.db.zip?AWSAccessKeyId=AKIAI5BBVXQGO2SHKIRQ&Expires=2135001676&Signature=VNTlVaE0xZH%2FEwQOR2mbccKaWcU%3D');
INSERT INTO "DownloadURL" VALUES('ARBVDPD.db','us-east-1','https://s3.dualstack.us-east-1.amazonaws.com/shortsands-na-va/ARBVDPD.db.zip?AWSAccessKeyId=AKIAI5BBVXQGO2SHKIRQ&Expires=2135001676&Signature=8VpWhIuYNdRx%2BS%2FRYW%2B30QpwCgE%3D');
INSERT INTO "DownloadURL" VALUES('ERV-ARB.db','us-east-1','https://s3.dualstack.us-east-1.amazonaws.com/shortsands-na-va/ERV-ARB.db.zip?AWSAccessKeyId=AKIAI5BBVXQGO2SHKIRQ&Expires=2135001676&Signature=zBmOy6Fh3G6IGs3NDRfzggCy8dU%3D');
INSERT INTO "DownloadURL" VALUES('NMV.db','us-east-1','https://s3.dualstack.us-east-1.amazonaws.com/shortsands-na-va/NMV.db.zip?AWSAccessKeyId=AKIAI5BBVXQGO2SHKIRQ&Expires=2135001676&Signature=E0%2B3uvV5jAZE7fVdb%2BEdGwBAVk8%3D');
INSERT INTO "DownloadURL" VALUES('ERV-AWA.db','us-east-1','https://s3.dualstack.us-east-1.amazonaws.com/shortsands-na-va/ERV-AWA.db.zip?AWSAccessKeyId=AKIAI5BBVXQGO2SHKIRQ&Expires=2135001676&Signature=%2F50h7VIpeJuqYMz3UJ6lA5nB8n0%3D');
INSERT INTO "DownloadURL" VALUES('ERV-BEN.db','us-east-1','https://s3.dualstack.us-east-1.amazonaws.com/shortsands-na-va/ERV-BEN.db.zip?AWSAccessKeyId=AKIAI5BBVXQGO2SHKIRQ&Expires=2135001676&Signature=AOSuZtSUb9O%2FwDWKCAe5fC3kYeM%3D');
INSERT INTO "DownloadURL" VALUES('ERV-HIN.db','us-east-1','https://s3.dualstack.us-east-1.amazonaws.com/shortsands-na-va/ERV-HIN.db.zip?AWSAccessKeyId=AKIAI5BBVXQGO2SHKIRQ&Expires=2135001676&Signature=9yjrVk%2F%2F5NZCgpG0gC5MRBKkPKY%3D');
INSERT INTO "DownloadURL" VALUES('ERV-KAN.db','us-east-1','https://s3.dualstack.us-east-1.amazonaws.com/shortsands-na-va/ERV-KAN.db.zip?AWSAccessKeyId=AKIAI5BBVXQGO2SHKIRQ&Expires=2135001676&Signature=%2BO3x8msU%2FS6WS%2F%2BTSepExyWHTpA%3D');
INSERT INTO "DownloadURL" VALUES('ERV-MAR.db','us-east-1','https://s3.dualstack.us-east-1.amazonaws.com/shortsands-na-va/ERV-MAR.db.zip?AWSAccessKeyId=AKIAI5BBVXQGO2SHKIRQ&Expires=2135001676&Signature=iUkifZzS5tC2jluVLMugdco5YIs%3D');
INSERT INTO "DownloadURL" VALUES('ERV-ORI.db','us-east-1','https://s3.dualstack.us-east-1.amazonaws.com/shortsands-na-va/ERV-ORI.db.zip?AWSAccessKeyId=AKIAI5BBVXQGO2SHKIRQ&Expires=2135001676&Signature=IQv36tjZhhUBi6YPRcnH2ngy%2B6I%3D');
INSERT INTO "DownloadURL" VALUES('ERV-PAN.db','us-east-1','https://s3.dualstack.us-east-1.amazonaws.com/shortsands-na-va/ERV-PAN.db.zip?AWSAccessKeyId=AKIAI5BBVXQGO2SHKIRQ&Expires=2135001676&Signature=ZIQP2xdKJ5vuHrorYUiv35ac4V0%3D');
INSERT INTO "DownloadURL" VALUES('ERV-TAM.db','us-east-1','https://s3.dualstack.us-east-1.amazonaws.com/shortsands-na-va/ERV-TAM.db.zip?AWSAccessKeyId=AKIAI5BBVXQGO2SHKIRQ&Expires=2135001676&Signature=m2Y9OuffVzrGyAE9fJHt5sh7400%3D');
INSERT INTO "DownloadURL" VALUES('ERV-URD.db','us-east-1','https://s3.dualstack.us-east-1.amazonaws.com/shortsands-na-va/ERV-URD.db.zip?AWSAccessKeyId=AKIAI5BBVXQGO2SHKIRQ&Expires=2135001676&Signature=1fWYsKOZNFB20DTUuA4Ei%2B9gnGE%3D');
INSERT INTO "DownloadURL" VALUES('ERV-BUL.db','us-east-1','https://s3.dualstack.us-east-1.amazonaws.com/shortsands-na-va/ERV-BUL.db.zip?AWSAccessKeyId=AKIAI5BBVXQGO2SHKIRQ&Expires=2135001676&Signature=ChDJhMfhaRDxN6bCIcydL8W4nbc%3D');
INSERT INTO "DownloadURL" VALUES('ERV-HRV.db','us-east-1','https://s3.dualstack.us-east-1.amazonaws.com/shortsands-na-va/ERV-HRV.db.zip?AWSAccessKeyId=AKIAI5BBVXQGO2SHKIRQ&Expires=2135001676&Signature=rd9nYUjNqYK4kPxl2kCii4OEPwM%3D');
INSERT INTO "DownloadURL" VALUES('ERV-HUN.db','us-east-1','https://s3.dualstack.us-east-1.amazonaws.com/shortsands-na-va/ERV-HUN.db.zip?AWSAccessKeyId=AKIAI5BBVXQGO2SHKIRQ&Expires=2135001676&Signature=7E1H2DzcXQwK%2BTTLZ2TKUCdR35o%3D');
INSERT INTO "DownloadURL" VALUES('ERV-RUS.db','us-east-1','https://s3.dualstack.us-east-1.amazonaws.com/shortsands-na-va/ERV-RUS.db.zip?AWSAccessKeyId=AKIAI5BBVXQGO2SHKIRQ&Expires=2135001676&Signature=uoCPYc4zsBc9%2FgPIRErZw%2FFX%2BM8%3D');
INSERT INTO "DownloadURL" VALUES('ERV-SRP.db','us-east-1','https://s3.dualstack.us-east-1.amazonaws.com/shortsands-na-va/ERV-SRP.db.zip?AWSAccessKeyId=AKIAI5BBVXQGO2SHKIRQ&Expires=2135001676&Signature=wMNstz0S5jMiJOPH6VnXPvSYiSo%3D');
INSERT INTO "DownloadURL" VALUES('ERV-UKR.db','us-east-1','https://s3.dualstack.us-east-1.amazonaws.com/shortsands-na-va/ERV-UKR.db.zip?AWSAccessKeyId=AKIAI5BBVXQGO2SHKIRQ&Expires=2135001676&Signature=hKX96Zpd0lklbT5Kp6uV%2BzR2bzE%3D');
INSERT INTO "DownloadURL" VALUES('ERV-ENG.db','eu-west-1','https://s3.dualstack.eu-west-1.amazonaws.com/shortsands-eu-ie/ERV-ENG.db.zip?AWSAccessKeyId=AKIAI5BBVXQGO2SHKIRQ&Expires=2135001676&Signature=6NoEEcu2qR%2BjvMSOtMdUzsWM%2B5k%3D');
INSERT INTO "DownloadURL" VALUES('ERV-POR.db','eu-west-1','https://s3.dualstack.eu-west-1.amazonaws.com/shortsands-eu-ie/ERV-POR.db.zip?AWSAccessKeyId=AKIAI5BBVXQGO2SHKIRQ&Expires=2135001676&Signature=WEE0x6a3khIxEytiKRuMsW46bxg%3D');
INSERT INTO "DownloadURL" VALUES('ERV-SPA.db','eu-west-1','https://s3.dualstack.eu-west-1.amazonaws.com/shortsands-eu-ie/ERV-SPA.db.zip?AWSAccessKeyId=AKIAI5BBVXQGO2SHKIRQ&Expires=2135001676&Signature=gtJQoV9weeE6Jnst6IR6T3Z%2BNDU%3D');
INSERT INTO "DownloadURL" VALUES('ESV.db','eu-west-1','https://s3.dualstack.eu-west-1.amazonaws.com/shortsands-eu-ie/ESV.db.zip?AWSAccessKeyId=AKIAI5BBVXQGO2SHKIRQ&Expires=2135001676&Signature=lnGDqqda3VasakVvNNIOmeuQhm0%3D');
INSERT INTO "DownloadURL" VALUES('KJVPD.db','eu-west-1','https://s3.dualstack.eu-west-1.amazonaws.com/shortsands-eu-ie/KJVPD.db.zip?AWSAccessKeyId=AKIAI5BBVXQGO2SHKIRQ&Expires=2135001676&Signature=NsUXaYaPEIVeDhsQzCcJQXwVVR4%3D');
INSERT INTO "DownloadURL" VALUES('WEB.db','eu-west-1','https://s3.dualstack.eu-west-1.amazonaws.com/shortsands-eu-ie/WEB.db.zip?AWSAccessKeyId=AKIAI5BBVXQGO2SHKIRQ&Expires=2135001676&Signature=3wEkB6Nh9SmGQTnNAy5wZww6NBs%3D');
INSERT INTO "DownloadURL" VALUES('WEB_SHORT.db','eu-west-1','https://s3.dualstack.eu-west-1.amazonaws.com/shortsands-eu-ie/WEB_SHORT.db.zip?AWSAccessKeyId=AKIAI5BBVXQGO2SHKIRQ&Expires=2135001676&Signature=kUswmjIuV2rsZuDAAQvIPgfm7d8%3D');
INSERT INTO "DownloadURL" VALUES('ERV-CMN.db','eu-west-1','https://s3.dualstack.eu-west-1.amazonaws.com/shortsands-eu-ie/ERV-CMN.db.zip?AWSAccessKeyId=AKIAI5BBVXQGO2SHKIRQ&Expires=2135001676&Signature=qVQeyZ%2BhEws%2B2sL%2BeGXTv%2BIHls4%3D');
INSERT INTO "DownloadURL" VALUES('ERV-IND.db','eu-west-1','https://s3.dualstack.eu-west-1.amazonaws.com/shortsands-eu-ie/ERV-IND.db.zip?AWSAccessKeyId=AKIAI5BBVXQGO2SHKIRQ&Expires=2135001676&Signature=yU1py2gmnicS0O07Scdbi3InJ04%3D');
INSERT INTO "DownloadURL" VALUES('ERV-NEP.db','eu-west-1','https://s3.dualstack.eu-west-1.amazonaws.com/shortsands-eu-ie/ERV-NEP.db.zip?AWSAccessKeyId=AKIAI5BBVXQGO2SHKIRQ&Expires=2135001676&Signature=SR79CxIrXw4ta0%2BZP91Fj4xNxSc%3D');
INSERT INTO "DownloadURL" VALUES('ERV-THA.db','eu-west-1','https://s3.dualstack.eu-west-1.amazonaws.com/shortsands-eu-ie/ERV-THA.db.zip?AWSAccessKeyId=AKIAI5BBVXQGO2SHKIRQ&Expires=2135001676&Signature=kngHx2MjeZgisDHU4ABvx%2BYS7Mo%3D');
INSERT INTO "DownloadURL" VALUES('ERV-VIE.db','eu-west-1','https://s3.dualstack.eu-west-1.amazonaws.com/shortsands-eu-ie/ERV-VIE.db.zip?AWSAccessKeyId=AKIAI5BBVXQGO2SHKIRQ&Expires=2135001676&Signature=7YHmgXuV3pYEK6Lfdh%2FeDCcNpZU%3D');
INSERT INTO "DownloadURL" VALUES('ARBVDPD.db','eu-west-1','https://s3.dualstack.eu-west-1.amazonaws.com/shortsands-eu-ie/ARBVDPD.db.zip?AWSAccessKeyId=AKIAI5BBVXQGO2SHKIRQ&Expires=2135001676&Signature=qy6rxs92496NmbvvY2D2rNms80c%3D');
INSERT INTO "DownloadURL" VALUES('ERV-ARB.db','eu-west-1','https://s3.dualstack.eu-west-1.amazonaws.com/shortsands-eu-ie/ERV-ARB.db.zip?AWSAccessKeyId=AKIAI5BBVXQGO2SHKIRQ&Expires=2135001676&Signature=XAcKr5hlxJVvW6JySepjPWiMq2o%3D');
INSERT INTO "DownloadURL" VALUES('NMV.db','eu-west-1','https://s3.dualstack.eu-west-1.amazonaws.com/shortsands-eu-ie/NMV.db.zip?AWSAccessKeyId=AKIAI5BBVXQGO2SHKIRQ&Expires=2135001676&Signature=mOkfXfyZtANPnEv2P7n2ExeB6Kk%3D');
INSERT INTO "DownloadURL" VALUES('ERV-AWA.db','eu-west-1','https://s3.dualstack.eu-west-1.amazonaws.com/shortsands-eu-ie/ERV-AWA.db.zip?AWSAccessKeyId=AKIAI5BBVXQGO2SHKIRQ&Expires=2135001676&Signature=DH7bhaw8Wpngd4WeLdRDhaO7fNg%3D');
INSERT INTO "DownloadURL" VALUES('ERV-BEN.db','eu-west-1','https://s3.dualstack.eu-west-1.amazonaws.com/shortsands-eu-ie/ERV-BEN.db.zip?AWSAccessKeyId=AKIAI5BBVXQGO2SHKIRQ&Expires=2135001676&Signature=MPKEHZ%2Bil%2BzwVEdqIF%2FfA23pMDc%3D');
INSERT INTO "DownloadURL" VALUES('ERV-HIN.db','eu-west-1','https://s3.dualstack.eu-west-1.amazonaws.com/shortsands-eu-ie/ERV-HIN.db.zip?AWSAccessKeyId=AKIAI5BBVXQGO2SHKIRQ&Expires=2135001676&Signature=0F7uwjolbrYiyiMDkzi9oCvF4%2FI%3D');
INSERT INTO "DownloadURL" VALUES('ERV-KAN.db','eu-west-1','https://s3.dualstack.eu-west-1.amazonaws.com/shortsands-eu-ie/ERV-KAN.db.zip?AWSAccessKeyId=AKIAI5BBVXQGO2SHKIRQ&Expires=2135001676&Signature=5vpO72V%2FYVeEGfwGx04Y03Tvglo%3D');
INSERT INTO "DownloadURL" VALUES('ERV-MAR.db','eu-west-1','https://s3.dualstack.eu-west-1.amazonaws.com/shortsands-eu-ie/ERV-MAR.db.zip?AWSAccessKeyId=AKIAI5BBVXQGO2SHKIRQ&Expires=2135001676&Signature=4p02WWqkYmHmZ5aqKnhdt1o98Wg%3D');
INSERT INTO "DownloadURL" VALUES('ERV-ORI.db','eu-west-1','https://s3.dualstack.eu-west-1.amazonaws.com/shortsands-eu-ie/ERV-ORI.db.zip?AWSAccessKeyId=AKIAI5BBVXQGO2SHKIRQ&Expires=2135001676&Signature=2x2WzYWygstNdV1IAnBQUpTvk3s%3D');
INSERT INTO "DownloadURL" VALUES('ERV-PAN.db','eu-west-1','https://s3.dualstack.eu-west-1.amazonaws.com/shortsands-eu-ie/ERV-PAN.db.zip?AWSAccessKeyId=AKIAI5BBVXQGO2SHKIRQ&Expires=2135001676&Signature=gl8uqqB5A5QAu8Xbdxz1x72TM4Q%3D');
INSERT INTO "DownloadURL" VALUES('ERV-TAM.db','eu-west-1','https://s3.dualstack.eu-west-1.amazonaws.com/shortsands-eu-ie/ERV-TAM.db.zip?AWSAccessKeyId=AKIAI5BBVXQGO2SHKIRQ&Expires=2135001676&Signature=rHyziiLjZcEtTaHPgMyZWYXxwd8%3D');
INSERT INTO "DownloadURL" VALUES('ERV-URD.db','eu-west-1','https://s3.dualstack.eu-west-1.amazonaws.com/shortsands-eu-ie/ERV-URD.db.zip?AWSAccessKeyId=AKIAI5BBVXQGO2SHKIRQ&Expires=2135001676&Signature=LHEQ85r1OXtpleFu6fkTG0jvG%2BQ%3D');
INSERT INTO "DownloadURL" VALUES('ERV-BUL.db','eu-west-1','https://s3.dualstack.eu-west-1.amazonaws.com/shortsands-eu-ie/ERV-BUL.db.zip?AWSAccessKeyId=AKIAI5BBVXQGO2SHKIRQ&Expires=2135001676&Signature=IfqcMVjWFhK8unGdFDPe3efBXeo%3D');
INSERT INTO "DownloadURL" VALUES('ERV-HRV.db','eu-west-1','https://s3.dualstack.eu-west-1.amazonaws.com/shortsands-eu-ie/ERV-HRV.db.zip?AWSAccessKeyId=AKIAI5BBVXQGO2SHKIRQ&Expires=2135001676&Signature=pUnbh8RY31rM6K7hfNmTTULgih8%3D');
INSERT INTO "DownloadURL" VALUES('ERV-HUN.db','eu-west-1','https://s3.dualstack.eu-west-1.amazonaws.com/shortsands-eu-ie/ERV-HUN.db.zip?AWSAccessKeyId=AKIAI5BBVXQGO2SHKIRQ&Expires=2135001676&Signature=WNim2KrkhVk%2FLmlEKqgGW2Eyy6Y%3D');
INSERT INTO "DownloadURL" VALUES('ERV-RUS.db','eu-west-1','https://s3.dualstack.eu-west-1.amazonaws.com/shortsands-eu-ie/ERV-RUS.db.zip?AWSAccessKeyId=AKIAI5BBVXQGO2SHKIRQ&Expires=2135001676&Signature=9kTrrxzRrZFIsXppj4a%2FJOjeS8Q%3D');
INSERT INTO "DownloadURL" VALUES('ERV-SRP.db','eu-west-1','https://s3.dualstack.eu-west-1.amazonaws.com/shortsands-eu-ie/ERV-SRP.db.zip?AWSAccessKeyId=AKIAI5BBVXQGO2SHKIRQ&Expires=2135001676&Signature=%2B03%2BFZkYcT80HN1LQxv5S3Vo1fo%3D');
INSERT INTO "DownloadURL" VALUES('ERV-UKR.db','eu-west-1','https://s3.dualstack.eu-west-1.amazonaws.com/shortsands-eu-ie/ERV-UKR.db.zip?AWSAccessKeyId=AKIAI5BBVXQGO2SHKIRQ&Expires=2135001676&Signature=98MwEAvhAOrXX92fsri2A0I%2BcEU%3D');
INSERT INTO "DownloadURL" VALUES('ERV-ENG.db','ap-northeast-1','https://s3.dualstack.ap-northeast-1.amazonaws.com/shortsands-as-jp/ERV-ENG.db.zip?AWSAccessKeyId=AKIAI5BBVXQGO2SHKIRQ&Expires=2135001676&Signature=uqiPjosTC7d9tdICWiPp9xtYPKw%3D');
INSERT INTO "DownloadURL" VALUES('ERV-POR.db','ap-northeast-1','https://s3.dualstack.ap-northeast-1.amazonaws.com/shortsands-as-jp/ERV-POR.db.zip?AWSAccessKeyId=AKIAI5BBVXQGO2SHKIRQ&Expires=2135001676&Signature=lRUdpNKFNIe%2BzbEglKYfvKcVp0s%3D');
INSERT INTO "DownloadURL" VALUES('ERV-SPA.db','ap-northeast-1','https://s3.dualstack.ap-northeast-1.amazonaws.com/shortsands-as-jp/ERV-SPA.db.zip?AWSAccessKeyId=AKIAI5BBVXQGO2SHKIRQ&Expires=2135001676&Signature=gAM4g0NqJP5cq7PsHsor0glxPio%3D');
INSERT INTO "DownloadURL" VALUES('ESV.db','ap-northeast-1','https://s3.dualstack.ap-northeast-1.amazonaws.com/shortsands-as-jp/ESV.db.zip?AWSAccessKeyId=AKIAI5BBVXQGO2SHKIRQ&Expires=2135001676&Signature=EyU2NHmKEm%2F1NXTl9LiJZMkgEkM%3D');
INSERT INTO "DownloadURL" VALUES('KJVPD.db','ap-northeast-1','https://s3.dualstack.ap-northeast-1.amazonaws.com/shortsands-as-jp/KJVPD.db.zip?AWSAccessKeyId=AKIAI5BBVXQGO2SHKIRQ&Expires=2135001676&Signature=2XOCllfu4UpaND2ZyuOb4oonaSI%3D');
INSERT INTO "DownloadURL" VALUES('WEB.db','ap-northeast-1','https://s3.dualstack.ap-northeast-1.amazonaws.com/shortsands-as-jp/WEB.db.zip?AWSAccessKeyId=AKIAI5BBVXQGO2SHKIRQ&Expires=2135001676&Signature=pv7TJEtYYQ5xSYORuvby4eLtMjY%3D');
INSERT INTO "DownloadURL" VALUES('WEB_SHORT.db','ap-northeast-1','https://s3.dualstack.ap-northeast-1.amazonaws.com/shortsands-as-jp/WEB_SHORT.db.zip?AWSAccessKeyId=AKIAI5BBVXQGO2SHKIRQ&Expires=2135001676&Signature=1Ir4Ep0xDdzMMFi5yAQyMTbj1KA%3D');
INSERT INTO "DownloadURL" VALUES('ERV-CMN.db','ap-northeast-1','https://s3.dualstack.ap-northeast-1.amazonaws.com/shortsands-as-jp/ERV-CMN.db.zip?AWSAccessKeyId=AKIAI5BBVXQGO2SHKIRQ&Expires=2135001676&Signature=ZfBldMObD%2BhDpp1ROzgY4wQzEgw%3D');
INSERT INTO "DownloadURL" VALUES('ERV-IND.db','ap-northeast-1','https://s3.dualstack.ap-northeast-1.amazonaws.com/shortsands-as-jp/ERV-IND.db.zip?AWSAccessKeyId=AKIAI5BBVXQGO2SHKIRQ&Expires=2135001676&Signature=O1DBxREQCCeMrx1gLs3uhNWJf4Y%3D');
INSERT INTO "DownloadURL" VALUES('ERV-NEP.db','ap-northeast-1','https://s3.dualstack.ap-northeast-1.amazonaws.com/shortsands-as-jp/ERV-NEP.db.zip?AWSAccessKeyId=AKIAI5BBVXQGO2SHKIRQ&Expires=2135001676&Signature=5b%2BI2jPqFD26l5HyEERrisd3zj0%3D');
INSERT INTO "DownloadURL" VALUES('ERV-THA.db','ap-northeast-1','https://s3.dualstack.ap-northeast-1.amazonaws.com/shortsands-as-jp/ERV-THA.db.zip?AWSAccessKeyId=AKIAI5BBVXQGO2SHKIRQ&Expires=2135001676&Signature=7vQvghDphtrRbCzIHskZoASbaSI%3D');
INSERT INTO "DownloadURL" VALUES('ERV-VIE.db','ap-northeast-1','https://s3.dualstack.ap-northeast-1.amazonaws.com/shortsands-as-jp/ERV-VIE.db.zip?AWSAccessKeyId=AKIAI5BBVXQGO2SHKIRQ&Expires=2135001676&Signature=4hNX65Vur9yOKKO%2BULeAH77gEX4%3D');
INSERT INTO "DownloadURL" VALUES('ARBVDPD.db','ap-northeast-1','https://s3.dualstack.ap-northeast-1.amazonaws.com/shortsands-as-jp/ARBVDPD.db.zip?AWSAccessKeyId=AKIAI5BBVXQGO2SHKIRQ&Expires=2135001676&Signature=obOTpvpicvyQM0xvWWb9kYNO%2Bo4%3D');
INSERT INTO "DownloadURL" VALUES('ERV-ARB.db','ap-northeast-1','https://s3.dualstack.ap-northeast-1.amazonaws.com/shortsands-as-jp/ERV-ARB.db.zip?AWSAccessKeyId=AKIAI5BBVXQGO2SHKIRQ&Expires=2135001676&Signature=OKPXDjkLktjFHZVR9xtBdOspN1A%3D');
INSERT INTO "DownloadURL" VALUES('NMV.db','ap-northeast-1','https://s3.dualstack.ap-northeast-1.amazonaws.com/shortsands-as-jp/NMV.db.zip?AWSAccessKeyId=AKIAI5BBVXQGO2SHKIRQ&Expires=2135001676&Signature=lsnlUuKl%2FOQOo7GJCz%2FJt0%2FxxoI%3D');
INSERT INTO "DownloadURL" VALUES('ERV-AWA.db','ap-northeast-1','https://s3.dualstack.ap-northeast-1.amazonaws.com/shortsands-as-jp/ERV-AWA.db.zip?AWSAccessKeyId=AKIAI5BBVXQGO2SHKIRQ&Expires=2135001676&Signature=5nDUlIxksCxNTrncyIb%2BcOSCJ00%3D');
INSERT INTO "DownloadURL" VALUES('ERV-BEN.db','ap-northeast-1','https://s3.dualstack.ap-northeast-1.amazonaws.com/shortsands-as-jp/ERV-BEN.db.zip?AWSAccessKeyId=AKIAI5BBVXQGO2SHKIRQ&Expires=2135001676&Signature=4jKQuiV0O4JQmLVxWexE8uBmyig%3D');
INSERT INTO "DownloadURL" VALUES('ERV-HIN.db','ap-northeast-1','https://s3.dualstack.ap-northeast-1.amazonaws.com/shortsands-as-jp/ERV-HIN.db.zip?AWSAccessKeyId=AKIAI5BBVXQGO2SHKIRQ&Expires=2135001676&Signature=yx8qdMvmYRM8iK3eFnJOI5839dE%3D');
INSERT INTO "DownloadURL" VALUES('ERV-KAN.db','ap-northeast-1','https://s3.dualstack.ap-northeast-1.amazonaws.com/shortsands-as-jp/ERV-KAN.db.zip?AWSAccessKeyId=AKIAI5BBVXQGO2SHKIRQ&Expires=2135001676&Signature=cczSWlBijlH6IQ1XQYFi1M4mm94%3D');
INSERT INTO "DownloadURL" VALUES('ERV-MAR.db','ap-northeast-1','https://s3.dualstack.ap-northeast-1.amazonaws.com/shortsands-as-jp/ERV-MAR.db.zip?AWSAccessKeyId=AKIAI5BBVXQGO2SHKIRQ&Expires=2135001676&Signature=oravvly%2BP1FzHddPisFDoaA2r7g%3D');
INSERT INTO "DownloadURL" VALUES('ERV-ORI.db','ap-northeast-1','https://s3.dualstack.ap-northeast-1.amazonaws.com/shortsands-as-jp/ERV-ORI.db.zip?AWSAccessKeyId=AKIAI5BBVXQGO2SHKIRQ&Expires=2135001676&Signature=fi5IIngDWDLZdHtMSM4JfIKGGYE%3D');
INSERT INTO "DownloadURL" VALUES('ERV-PAN.db','ap-northeast-1','https://s3.dualstack.ap-northeast-1.amazonaws.com/shortsands-as-jp/ERV-PAN.db.zip?AWSAccessKeyId=AKIAI5BBVXQGO2SHKIRQ&Expires=2135001676&Signature=uiwkWSNDbV%2FqhFnA1lBaBarHHwE%3D');
INSERT INTO "DownloadURL" VALUES('ERV-TAM.db','ap-northeast-1','https://s3.dualstack.ap-northeast-1.amazonaws.com/shortsands-as-jp/ERV-TAM.db.zip?AWSAccessKeyId=AKIAI5BBVXQGO2SHKIRQ&Expires=2135001676&Signature=sXZJwg%2B%2Bh0An%2BLXSsYALzSUjisI%3D');
INSERT INTO "DownloadURL" VALUES('ERV-URD.db','ap-northeast-1','https://s3.dualstack.ap-northeast-1.amazonaws.com/shortsands-as-jp/ERV-URD.db.zip?AWSAccessKeyId=AKIAI5BBVXQGO2SHKIRQ&Expires=2135001676&Signature=NLm9kh00TLiXKXhdmnDFC6Bqjyg%3D');
INSERT INTO "DownloadURL" VALUES('ERV-BUL.db','ap-northeast-1','https://s3.dualstack.ap-northeast-1.amazonaws.com/shortsands-as-jp/ERV-BUL.db.zip?AWSAccessKeyId=AKIAI5BBVXQGO2SHKIRQ&Expires=2135001676&Signature=BNtcMCegmEDjE8UkbOR1aGiow%2BQ%3D');
INSERT INTO "DownloadURL" VALUES('ERV-HRV.db','ap-northeast-1','https://s3.dualstack.ap-northeast-1.amazonaws.com/shortsands-as-jp/ERV-HRV.db.zip?AWSAccessKeyId=AKIAI5BBVXQGO2SHKIRQ&Expires=2135001676&Signature=ThibiympjV%2FYB3w81BEaBLvGHsg%3D');
INSERT INTO "DownloadURL" VALUES('ERV-HUN.db','ap-northeast-1','https://s3.dualstack.ap-northeast-1.amazonaws.com/shortsands-as-jp/ERV-HUN.db.zip?AWSAccessKeyId=AKIAI5BBVXQGO2SHKIRQ&Expires=2135001676&Signature=OxVbNlRfQiL3td1chs4HIokyAUE%3D');
INSERT INTO "DownloadURL" VALUES('ERV-RUS.db','ap-northeast-1','https://s3.dualstack.ap-northeast-1.amazonaws.com/shortsands-as-jp/ERV-RUS.db.zip?AWSAccessKeyId=AKIAI5BBVXQGO2SHKIRQ&Expires=2135001676&Signature=af9OBy2t1ofwt3S%2F29qsadu4DGM%3D');
INSERT INTO "DownloadURL" VALUES('ERV-SRP.db','ap-northeast-1','https://s3.dualstack.ap-northeast-1.amazonaws.com/shortsands-as-jp/ERV-SRP.db.zip?AWSAccessKeyId=AKIAI5BBVXQGO2SHKIRQ&Expires=2135001676&Signature=LatgiKHRcJw6140TqhpretrhbsM%3D');
INSERT INTO "DownloadURL" VALUES('ERV-UKR.db','ap-northeast-1','https://s3.dualstack.ap-northeast-1.amazonaws.com/shortsands-as-jp/ERV-UKR.db.zip?AWSAccessKeyId=AKIAI5BBVXQGO2SHKIRQ&Expires=2135001676&Signature=5dN%2B2P3wSRdYa60fFi4HjWNYdWE%3D');
INSERT INTO "DownloadURL" VALUES('ERV-ENG.db','ap-southeast-1','https://s3.dualstack.ap-southeast-1.amazonaws.com/shortsands-as-sg/ERV-ENG.db.zip?AWSAccessKeyId=AKIAI5BBVXQGO2SHKIRQ&Expires=2135001676&Signature=7vBBPPZ%2FsLf7oVXriCSnEJ3Wzug%3D');
INSERT INTO "DownloadURL" VALUES('ERV-POR.db','ap-southeast-1','https://s3.dualstack.ap-southeast-1.amazonaws.com/shortsands-as-sg/ERV-POR.db.zip?AWSAccessKeyId=AKIAI5BBVXQGO2SHKIRQ&Expires=2135001676&Signature=wT97RnhLfz3UsBGr%2BfsKEG9eHKU%3D');
INSERT INTO "DownloadURL" VALUES('ERV-SPA.db','ap-southeast-1','https://s3.dualstack.ap-southeast-1.amazonaws.com/shortsands-as-sg/ERV-SPA.db.zip?AWSAccessKeyId=AKIAI5BBVXQGO2SHKIRQ&Expires=2135001676&Signature=bIIq%2B0gSJDtQYUA0V2kNMRY5tO4%3D');
INSERT INTO "DownloadURL" VALUES('ESV.db','ap-southeast-1','https://s3.dualstack.ap-southeast-1.amazonaws.com/shortsands-as-sg/ESV.db.zip?AWSAccessKeyId=AKIAI5BBVXQGO2SHKIRQ&Expires=2135001676&Signature=ybiG9dsK%2FNOYzMxenlG2P2AynQ4%3D');
INSERT INTO "DownloadURL" VALUES('KJVPD.db','ap-southeast-1','https://s3.dualstack.ap-southeast-1.amazonaws.com/shortsands-as-sg/KJVPD.db.zip?AWSAccessKeyId=AKIAI5BBVXQGO2SHKIRQ&Expires=2135001676&Signature=a9Bj%2FEa9p2DWcM%2BAy6JGs92ee6A%3D');
INSERT INTO "DownloadURL" VALUES('WEB.db','ap-southeast-1','https://s3.dualstack.ap-southeast-1.amazonaws.com/shortsands-as-sg/WEB.db.zip?AWSAccessKeyId=AKIAI5BBVXQGO2SHKIRQ&Expires=2135001676&Signature=hIuaVp6FAz%2BLlvIbQVXTYbpLpz8%3D');
INSERT INTO "DownloadURL" VALUES('WEB_SHORT.db','ap-southeast-1','https://s3.dualstack.ap-southeast-1.amazonaws.com/shortsands-as-sg/WEB_SHORT.db.zip?AWSAccessKeyId=AKIAI5BBVXQGO2SHKIRQ&Expires=2135001676&Signature=XTexxg3ZdzzUc39zGN3G0NnZ8%2BI%3D');
INSERT INTO "DownloadURL" VALUES('ERV-CMN.db','ap-southeast-1','https://s3.dualstack.ap-southeast-1.amazonaws.com/shortsands-as-sg/ERV-CMN.db.zip?AWSAccessKeyId=AKIAI5BBVXQGO2SHKIRQ&Expires=2135001676&Signature=BymUx2dpRAk%2F%2F04lBaEgAQ%2BMAnU%3D');
INSERT INTO "DownloadURL" VALUES('ERV-IND.db','ap-southeast-1','https://s3.dualstack.ap-southeast-1.amazonaws.com/shortsands-as-sg/ERV-IND.db.zip?AWSAccessKeyId=AKIAI5BBVXQGO2SHKIRQ&Expires=2135001676&Signature=AxPeZHjI8C%2BzkpvSkCAsA%2FueD%2Fg%3D');
INSERT INTO "DownloadURL" VALUES('ERV-NEP.db','ap-southeast-1','https://s3.dualstack.ap-southeast-1.amazonaws.com/shortsands-as-sg/ERV-NEP.db.zip?AWSAccessKeyId=AKIAI5BBVXQGO2SHKIRQ&Expires=2135001676&Signature=eUHKeS8PmQzco%2BmjYn2Y0lrMevQ%3D');
INSERT INTO "DownloadURL" VALUES('ERV-THA.db','ap-southeast-1','https://s3.dualstack.ap-southeast-1.amazonaws.com/shortsands-as-sg/ERV-THA.db.zip?AWSAccessKeyId=AKIAI5BBVXQGO2SHKIRQ&Expires=2135001676&Signature=zY3xBIqzMhaahFPrQto%2F70ns27k%3D');
INSERT INTO "DownloadURL" VALUES('ERV-VIE.db','ap-southeast-1','https://s3.dualstack.ap-southeast-1.amazonaws.com/shortsands-as-sg/ERV-VIE.db.zip?AWSAccessKeyId=AKIAI5BBVXQGO2SHKIRQ&Expires=2135001676&Signature=T2vgtboTeumSAnQKsmNg6O2uOj4%3D');
INSERT INTO "DownloadURL" VALUES('ARBVDPD.db','ap-southeast-1','https://s3.dualstack.ap-southeast-1.amazonaws.com/shortsands-as-sg/ARBVDPD.db.zip?AWSAccessKeyId=AKIAI5BBVXQGO2SHKIRQ&Expires=2135001676&Signature=i3QGETBnBGxBzXmPQWitFKuzq6Y%3D');
INSERT INTO "DownloadURL" VALUES('ERV-ARB.db','ap-southeast-1','https://s3.dualstack.ap-southeast-1.amazonaws.com/shortsands-as-sg/ERV-ARB.db.zip?AWSAccessKeyId=AKIAI5BBVXQGO2SHKIRQ&Expires=2135001676&Signature=k9%2BtQBTGWCmk84wMqn%2BcBU4Quow%3D');
INSERT INTO "DownloadURL" VALUES('NMV.db','ap-southeast-1','https://s3.dualstack.ap-southeast-1.amazonaws.com/shortsands-as-sg/NMV.db.zip?AWSAccessKeyId=AKIAI5BBVXQGO2SHKIRQ&Expires=2135001676&Signature=%2F2ofSMnx4I2tJDo3IX3%2FTjqMiXk%3D');
INSERT INTO "DownloadURL" VALUES('ERV-AWA.db','ap-southeast-1','https://s3.dualstack.ap-southeast-1.amazonaws.com/shortsands-as-sg/ERV-AWA.db.zip?AWSAccessKeyId=AKIAI5BBVXQGO2SHKIRQ&Expires=2135001676&Signature=R%2BKMr8CVGOfqAPUlOwRiosKCN9o%3D');
INSERT INTO "DownloadURL" VALUES('ERV-BEN.db','ap-southeast-1','https://s3.dualstack.ap-southeast-1.amazonaws.com/shortsands-as-sg/ERV-BEN.db.zip?AWSAccessKeyId=AKIAI5BBVXQGO2SHKIRQ&Expires=2135001676&Signature=kTJkwm5%2B5ECXnbPVfs0Mg6xF83s%3D');
INSERT INTO "DownloadURL" VALUES('ERV-HIN.db','ap-southeast-1','https://s3.dualstack.ap-southeast-1.amazonaws.com/shortsands-as-sg/ERV-HIN.db.zip?AWSAccessKeyId=AKIAI5BBVXQGO2SHKIRQ&Expires=2135001676&Signature=PRbI1Dh2I3R1iBUZT9z4%2FJ%2FWYEk%3D');
INSERT INTO "DownloadURL" VALUES('ERV-KAN.db','ap-southeast-1','https://s3.dualstack.ap-southeast-1.amazonaws.com/shortsands-as-sg/ERV-KAN.db.zip?AWSAccessKeyId=AKIAI5BBVXQGO2SHKIRQ&Expires=2135001676&Signature=1eNzhldAQ%2FPnBX1ECVKr6zDTidU%3D');
INSERT INTO "DownloadURL" VALUES('ERV-MAR.db','ap-southeast-1','https://s3.dualstack.ap-southeast-1.amazonaws.com/shortsands-as-sg/ERV-MAR.db.zip?AWSAccessKeyId=AKIAI5BBVXQGO2SHKIRQ&Expires=2135001676&Signature=fNRalVnqM6Z1h81sLERThg%2FTCHI%3D');
INSERT INTO "DownloadURL" VALUES('ERV-ORI.db','ap-southeast-1','https://s3.dualstack.ap-southeast-1.amazonaws.com/shortsands-as-sg/ERV-ORI.db.zip?AWSAccessKeyId=AKIAI5BBVXQGO2SHKIRQ&Expires=2135001676&Signature=Tkq7OIswl2G7ZDaAPduV0O8aRfQ%3D');
INSERT INTO "DownloadURL" VALUES('ERV-PAN.db','ap-southeast-1','https://s3.dualstack.ap-southeast-1.amazonaws.com/shortsands-as-sg/ERV-PAN.db.zip?AWSAccessKeyId=AKIAI5BBVXQGO2SHKIRQ&Expires=2135001676&Signature=FTIlP5mo6VlNdS%2BVLh8cMVmH%2FmQ%3D');
INSERT INTO "DownloadURL" VALUES('ERV-TAM.db','ap-southeast-1','https://s3.dualstack.ap-southeast-1.amazonaws.com/shortsands-as-sg/ERV-TAM.db.zip?AWSAccessKeyId=AKIAI5BBVXQGO2SHKIRQ&Expires=2135001676&Signature=vBdzVVZ0dZnJbY%2FXS5FABdbSjUk%3D');
INSERT INTO "DownloadURL" VALUES('ERV-URD.db','ap-southeast-1','https://s3.dualstack.ap-southeast-1.amazonaws.com/shortsands-as-sg/ERV-URD.db.zip?AWSAccessKeyId=AKIAI5BBVXQGO2SHKIRQ&Expires=2135001676&Signature=%2Bx9DdHnQjkBlo3jRxJ4zoU1XETM%3D');
INSERT INTO "DownloadURL" VALUES('ERV-BUL.db','ap-southeast-1','https://s3.dualstack.ap-southeast-1.amazonaws.com/shortsands-as-sg/ERV-BUL.db.zip?AWSAccessKeyId=AKIAI5BBVXQGO2SHKIRQ&Expires=2135001676&Signature=bk6o4%2BcQJgVwSU3cG1nIUECjmwM%3D');
INSERT INTO "DownloadURL" VALUES('ERV-HRV.db','ap-southeast-1','https://s3.dualstack.ap-southeast-1.amazonaws.com/shortsands-as-sg/ERV-HRV.db.zip?AWSAccessKeyId=AKIAI5BBVXQGO2SHKIRQ&Expires=2135001676&Signature=%2B0spVmDpgCU%2BY9CpJA62Yxwx7GA%3D');
INSERT INTO "DownloadURL" VALUES('ERV-HUN.db','ap-southeast-1','https://s3.dualstack.ap-southeast-1.amazonaws.com/shortsands-as-sg/ERV-HUN.db.zip?AWSAccessKeyId=AKIAI5BBVXQGO2SHKIRQ&Expires=2135001676&Signature=ppvyBGBZvwUPrK0wxljEdDqcJK0%3D');
INSERT INTO "DownloadURL" VALUES('ERV-RUS.db','ap-southeast-1','https://s3.dualstack.ap-southeast-1.amazonaws.com/shortsands-as-sg/ERV-RUS.db.zip?AWSAccessKeyId=AKIAI5BBVXQGO2SHKIRQ&Expires=2135001676&Signature=O2SKcu7Lk06uZXcxr8VjIr1N08Q%3D');
INSERT INTO "DownloadURL" VALUES('ERV-SRP.db','ap-southeast-1','https://s3.dualstack.ap-southeast-1.amazonaws.com/shortsands-as-sg/ERV-SRP.db.zip?AWSAccessKeyId=AKIAI5BBVXQGO2SHKIRQ&Expires=2135001676&Signature=jo%2B%2Ff8gFLqWpfhkTMqm8gQxz0P8%3D');
INSERT INTO "DownloadURL" VALUES('ERV-UKR.db','ap-southeast-1','https://s3.dualstack.ap-southeast-1.amazonaws.com/shortsands-as-sg/ERV-UKR.db.zip?AWSAccessKeyId=AKIAI5BBVXQGO2SHKIRQ&Expires=2135001676&Signature=BgawezmOEX3K1xiG96lFnnzhVoA%3D');
INSERT INTO "DownloadURL" VALUES('ERV-ENG.db','ap-southeast-2','https://s3.dualstack.ap-southeast-2.amazonaws.com/shortsands-oc-au/ERV-ENG.db.zip?AWSAccessKeyId=AKIAI5BBVXQGO2SHKIRQ&Expires=2135001676&Signature=3VBsi22aVJkDQ8XKx6Uu3YKKq1k%3D');
INSERT INTO "DownloadURL" VALUES('ERV-POR.db','ap-southeast-2','https://s3.dualstack.ap-southeast-2.amazonaws.com/shortsands-oc-au/ERV-POR.db.zip?AWSAccessKeyId=AKIAI5BBVXQGO2SHKIRQ&Expires=2135001676&Signature=xQyhijNutW8dzdo9RGqdV7kklZE%3D');
INSERT INTO "DownloadURL" VALUES('ERV-SPA.db','ap-southeast-2','https://s3.dualstack.ap-southeast-2.amazonaws.com/shortsands-oc-au/ERV-SPA.db.zip?AWSAccessKeyId=AKIAI5BBVXQGO2SHKIRQ&Expires=2135001676&Signature=XSxLxBqQJoU10FIXOFvHV4RoRZE%3D');
INSERT INTO "DownloadURL" VALUES('ESV.db','ap-southeast-2','https://s3.dualstack.ap-southeast-2.amazonaws.com/shortsands-oc-au/ESV.db.zip?AWSAccessKeyId=AKIAI5BBVXQGO2SHKIRQ&Expires=2135001676&Signature=1PjWIkE524C2Jt%2FMXXLFlAXQpCw%3D');
INSERT INTO "DownloadURL" VALUES('KJVPD.db','ap-southeast-2','https://s3.dualstack.ap-southeast-2.amazonaws.com/shortsands-oc-au/KJVPD.db.zip?AWSAccessKeyId=AKIAI5BBVXQGO2SHKIRQ&Expires=2135001676&Signature=WDXIVfj1UIWbC9shwKXwJnlXeb0%3D');
INSERT INTO "DownloadURL" VALUES('WEB.db','ap-southeast-2','https://s3.dualstack.ap-southeast-2.amazonaws.com/shortsands-oc-au/WEB.db.zip?AWSAccessKeyId=AKIAI5BBVXQGO2SHKIRQ&Expires=2135001676&Signature=wM5CYn6pbsssUPSLXQ%2F5sMG2W2M%3D');
INSERT INTO "DownloadURL" VALUES('WEB_SHORT.db','ap-southeast-2','https://s3.dualstack.ap-southeast-2.amazonaws.com/shortsands-oc-au/WEB_SHORT.db.zip?AWSAccessKeyId=AKIAI5BBVXQGO2SHKIRQ&Expires=2135001676&Signature=JwAjO9SKVcN%2FGMwGSWNdDm%2B2qzE%3D');
INSERT INTO "DownloadURL" VALUES('ERV-CMN.db','ap-southeast-2','https://s3.dualstack.ap-southeast-2.amazonaws.com/shortsands-oc-au/ERV-CMN.db.zip?AWSAccessKeyId=AKIAI5BBVXQGO2SHKIRQ&Expires=2135001676&Signature=gNpgLaCr6o7%2FU6OJjLQPTvHEF9g%3D');
INSERT INTO "DownloadURL" VALUES('ERV-IND.db','ap-southeast-2','https://s3.dualstack.ap-southeast-2.amazonaws.com/shortsands-oc-au/ERV-IND.db.zip?AWSAccessKeyId=AKIAI5BBVXQGO2SHKIRQ&Expires=2135001676&Signature=2kKQ6BLPDIwMKjXbLiJreTYmg4c%3D');
INSERT INTO "DownloadURL" VALUES('ERV-NEP.db','ap-southeast-2','https://s3.dualstack.ap-southeast-2.amazonaws.com/shortsands-oc-au/ERV-NEP.db.zip?AWSAccessKeyId=AKIAI5BBVXQGO2SHKIRQ&Expires=2135001676&Signature=IQFnG4knEUcnJk%2FI0lOrbjQIFdw%3D');
INSERT INTO "DownloadURL" VALUES('ERV-THA.db','ap-southeast-2','https://s3.dualstack.ap-southeast-2.amazonaws.com/shortsands-oc-au/ERV-THA.db.zip?AWSAccessKeyId=AKIAI5BBVXQGO2SHKIRQ&Expires=2135001676&Signature=tpFQzwcQywbnpyAdkNrflFimC4w%3D');
INSERT INTO "DownloadURL" VALUES('ERV-VIE.db','ap-southeast-2','https://s3.dualstack.ap-southeast-2.amazonaws.com/shortsands-oc-au/ERV-VIE.db.zip?AWSAccessKeyId=AKIAI5BBVXQGO2SHKIRQ&Expires=2135001676&Signature=wbdnlITwn99KO38hUhNytcKiyjo%3D');
INSERT INTO "DownloadURL" VALUES('ARBVDPD.db','ap-southeast-2','https://s3.dualstack.ap-southeast-2.amazonaws.com/shortsands-oc-au/ARBVDPD.db.zip?AWSAccessKeyId=AKIAI5BBVXQGO2SHKIRQ&Expires=2135001676&Signature=YhAH4Ojrjy%2BzHVObzSK%2BDTLxSSE%3D');
INSERT INTO "DownloadURL" VALUES('ERV-ARB.db','ap-southeast-2','https://s3.dualstack.ap-southeast-2.amazonaws.com/shortsands-oc-au/ERV-ARB.db.zip?AWSAccessKeyId=AKIAI5BBVXQGO2SHKIRQ&Expires=2135001676&Signature=439gJl6bkHMimxIo3mQuDVsyZGU%3D');
INSERT INTO "DownloadURL" VALUES('NMV.db','ap-southeast-2','https://s3.dualstack.ap-southeast-2.amazonaws.com/shortsands-oc-au/NMV.db.zip?AWSAccessKeyId=AKIAI5BBVXQGO2SHKIRQ&Expires=2135001676&Signature=BfgrDvWe4yLoGWruJkR5vn0pn%2FY%3D');
INSERT INTO "DownloadURL" VALUES('ERV-AWA.db','ap-southeast-2','https://s3.dualstack.ap-southeast-2.amazonaws.com/shortsands-oc-au/ERV-AWA.db.zip?AWSAccessKeyId=AKIAI5BBVXQGO2SHKIRQ&Expires=2135001676&Signature=6v7OEeLtMIWH0qOSuLuE5rO7Dwo%3D');
INSERT INTO "DownloadURL" VALUES('ERV-BEN.db','ap-southeast-2','https://s3.dualstack.ap-southeast-2.amazonaws.com/shortsands-oc-au/ERV-BEN.db.zip?AWSAccessKeyId=AKIAI5BBVXQGO2SHKIRQ&Expires=2135001676&Signature=SQKroyVcHvj9ZmSV%2Fs0UJRHIl58%3D');
INSERT INTO "DownloadURL" VALUES('ERV-HIN.db','ap-southeast-2','https://s3.dualstack.ap-southeast-2.amazonaws.com/shortsands-oc-au/ERV-HIN.db.zip?AWSAccessKeyId=AKIAI5BBVXQGO2SHKIRQ&Expires=2135001676&Signature=K5%2F2AL%2FYlUoqr4i6tcKgBAj3A9o%3D');
INSERT INTO "DownloadURL" VALUES('ERV-KAN.db','ap-southeast-2','https://s3.dualstack.ap-southeast-2.amazonaws.com/shortsands-oc-au/ERV-KAN.db.zip?AWSAccessKeyId=AKIAI5BBVXQGO2SHKIRQ&Expires=2135001676&Signature=FFJL1zhyLalvZpEHpsmHdpJAsFE%3D');
INSERT INTO "DownloadURL" VALUES('ERV-MAR.db','ap-southeast-2','https://s3.dualstack.ap-southeast-2.amazonaws.com/shortsands-oc-au/ERV-MAR.db.zip?AWSAccessKeyId=AKIAI5BBVXQGO2SHKIRQ&Expires=2135001676&Signature=bVAWQL4TsxF9bMM8oil463cehQ4%3D');
INSERT INTO "DownloadURL" VALUES('ERV-ORI.db','ap-southeast-2','https://s3.dualstack.ap-southeast-2.amazonaws.com/shortsands-oc-au/ERV-ORI.db.zip?AWSAccessKeyId=AKIAI5BBVXQGO2SHKIRQ&Expires=2135001676&Signature=on2fGIFyOiOBWsBHZshLVPjmBDU%3D');
INSERT INTO "DownloadURL" VALUES('ERV-PAN.db','ap-southeast-2','https://s3.dualstack.ap-southeast-2.amazonaws.com/shortsands-oc-au/ERV-PAN.db.zip?AWSAccessKeyId=AKIAI5BBVXQGO2SHKIRQ&Expires=2135001676&Signature=aNv7OWbf%2BHB%2FOffZQdJVGkkLxR0%3D');
INSERT INTO "DownloadURL" VALUES('ERV-TAM.db','ap-southeast-2','https://s3.dualstack.ap-southeast-2.amazonaws.com/shortsands-oc-au/ERV-TAM.db.zip?AWSAccessKeyId=AKIAI5BBVXQGO2SHKIRQ&Expires=2135001676&Signature=XYvnySKBCXADnMPTr%2FG2U9LxL1w%3D');
INSERT INTO "DownloadURL" VALUES('ERV-URD.db','ap-southeast-2','https://s3.dualstack.ap-southeast-2.amazonaws.com/shortsands-oc-au/ERV-URD.db.zip?AWSAccessKeyId=AKIAI5BBVXQGO2SHKIRQ&Expires=2135001676&Signature=0AIc9wBdPOgWltisUasyuXveJDs%3D');
INSERT INTO "DownloadURL" VALUES('ERV-BUL.db','ap-southeast-2','https://s3.dualstack.ap-southeast-2.amazonaws.com/shortsands-oc-au/ERV-BUL.db.zip?AWSAccessKeyId=AKIAI5BBVXQGO2SHKIRQ&Expires=2135001676&Signature=n1OEK9cUiKFjlhWPjGUTbx%2FvecU%3D');
INSERT INTO "DownloadURL" VALUES('ERV-HRV.db','ap-southeast-2','https://s3.dualstack.ap-southeast-2.amazonaws.com/shortsands-oc-au/ERV-HRV.db.zip?AWSAccessKeyId=AKIAI5BBVXQGO2SHKIRQ&Expires=2135001676&Signature=nLReWdjuSrtvKEKT3YtIP0JdAY0%3D');
INSERT INTO "DownloadURL" VALUES('ERV-HUN.db','ap-southeast-2','https://s3.dualstack.ap-southeast-2.amazonaws.com/shortsands-oc-au/ERV-HUN.db.zip?AWSAccessKeyId=AKIAI5BBVXQGO2SHKIRQ&Expires=2135001676&Signature=b0a7ccwhHp76tGI0g8jcv3z2nsM%3D');
INSERT INTO "DownloadURL" VALUES('ERV-RUS.db','ap-southeast-2','https://s3.dualstack.ap-southeast-2.amazonaws.com/shortsands-oc-au/ERV-RUS.db.zip?AWSAccessKeyId=AKIAI5BBVXQGO2SHKIRQ&Expires=2135001676&Signature=DAEx0RbbpniADCBN7EmrKR%2FSs3E%3D');
INSERT INTO "DownloadURL" VALUES('ERV-SRP.db','ap-southeast-2','https://s3.dualstack.ap-southeast-2.amazonaws.com/shortsands-oc-au/ERV-SRP.db.zip?AWSAccessKeyId=AKIAI5BBVXQGO2SHKIRQ&Expires=2135001676&Signature=KUtGDoP51WXxzXH8n7%2Fj66m%2FGwE%3D');
INSERT INTO "DownloadURL" VALUES('ERV-UKR.db','ap-southeast-2','https://s3.dualstack.ap-southeast-2.amazonaws.com/shortsands-oc-au/ERV-UKR.db.zip?AWSAccessKeyId=AKIAI5BBVXQGO2SHKIRQ&Expires=2135001676&Signature=jUCOPA7HUOh9xwfP%2FbLVzUmDIOE%3D');
CREATE TABLE CountryVersion (
countryCode TEXT REFERENCES Country(countryCode),
versionCode TEXT REFERENCES Version(versionCode),
PRIMARY KEY(countryCode, versionCode)
);
INSERT INTO "CountryVersion" VALUES('WORLD','ERV-ARB');
INSERT INTO "CountryVersion" VALUES('WORLD','ARBVDPD');
INSERT INTO "CountryVersion" VALUES('WORLD','ERV-AWA');
INSERT INTO "CountryVersion" VALUES('WORLD','ERV-BEN');
INSERT INTO "CountryVersion" VALUES('WORLD','ERV-BUL');
INSERT INTO "CountryVersion" VALUES('WORLD','ERV-CMN');
INSERT INTO "CountryVersion" VALUES('WORLD','ERV-HRV');
INSERT INTO "CountryVersion" VALUES('WORLD','ERV-ENG');
INSERT INTO "CountryVersion" VALUES('WORLD','KJVPD');
INSERT INTO "CountryVersion" VALUES('WORLD','WEB');
INSERT INTO "CountryVersion" VALUES('WORLD','NMV');
INSERT INTO "CountryVersion" VALUES('WORLD','ERV-HIN');
INSERT INTO "CountryVersion" VALUES('WORLD','ERV-HUN');
INSERT INTO "CountryVersion" VALUES('WORLD','ERV-IND');
INSERT INTO "CountryVersion" VALUES('WORLD','ERV-KAN');
INSERT INTO "CountryVersion" VALUES('WORLD','ERV-MAR');
INSERT INTO "CountryVersion" VALUES('WORLD','ERV-NEP');
INSERT INTO "CountryVersion" VALUES('WORLD','ERV-ORI');
INSERT INTO "CountryVersion" VALUES('WORLD','ERV-POR');
INSERT INTO "CountryVersion" VALUES('WORLD','ERV-PAN');
INSERT INTO "CountryVersion" VALUES('WORLD','ERV-RUS');
INSERT INTO "CountryVersion" VALUES('WORLD','ERV-SPA');
INSERT INTO "CountryVersion" VALUES('WORLD','ERV-SRP');
INSERT INTO "CountryVersion" VALUES('WORLD','ERV-TAM');
INSERT INTO "CountryVersion" VALUES('WORLD','ERV-THA');
INSERT INTO "CountryVersion" VALUES('WORLD','ERV-UKR');
INSERT INTO "CountryVersion" VALUES('WORLD','ERV-URD');
INSERT INTO "CountryVersion" VALUES('WORLD','ERV-VIE');
CREATE TABLE DefaultVersion (
langCode TEXT NOT NULL PRIMARY KEY,
filename TEXT NOT NULL REFERENCES Version(filename)
);
INSERT INTO "DefaultVersion" VALUES('ar','ERV-ARB.db');
INSERT INTO "DefaultVersion" VALUES('bg','ERV-BUL.db');
INSERT INTO "DefaultVersion" VALUES('bn','ERV-BEN.db');
INSERT INTO "DefaultVersion" VALUES('ca','ERV-SPA.db');
INSERT INTO "DefaultVersion" VALUES('cs','ERV-ENG.db');
INSERT INTO "DefaultVersion" VALUES('da','ERV-ENG.db');
INSERT INTO "DefaultVersion" VALUES('de','ERV-ENG.db');
INSERT INTO "DefaultVersion" VALUES('el','ERV-ENG.db');
INSERT INTO "DefaultVersion" VALUES('en','ERV-ENG.db');
INSERT INTO "DefaultVersion" VALUES('es','ERV-SPA.db');
INSERT INTO "DefaultVersion" VALUES('fa','NMV.db');
INSERT INTO "DefaultVersion" VALUES('fi','ERV-RUS.db');
INSERT INTO "DefaultVersion" VALUES('fr','ERV-ENG.db');
INSERT INTO "DefaultVersion" VALUES('he','ERV-ENG.db');
INSERT INTO "DefaultVersion" VALUES('hi','ERV-HIN.db');
INSERT INTO "DefaultVersion" VALUES('hr','ERV-HRV.db');
INSERT INTO "DefaultVersion" VALUES('hu','ERV-HUN.db');
INSERT INTO "DefaultVersion" VALUES('id','ERV-IND.db');
INSERT INTO "DefaultVersion" VALUES('it','ERV-SPA.db');
INSERT INTO "DefaultVersion" VALUES('ja','ERV-ENG.db');
INSERT INTO "DefaultVersion" VALUES('kn','ERV-KAN.db');
INSERT INTO "DefaultVersion" VALUES('ko','ERV-CMN.db');
INSERT INTO "DefaultVersion" VALUES('mr','ERV-MAR.db');
INSERT INTO "DefaultVersion" VALUES('ms','ERV-CMN.db');
INSERT INTO "DefaultVersion" VALUES('nb','ERV-ENG.db');
INSERT INTO "DefaultVersion" VALUES('ne','ERV-NEP.db');
INSERT INTO "DefaultVersion" VALUES('nl','ERV-ENG.db');
INSERT INTO "DefaultVersion" VALUES('or','ERV-ORI.db');
INSERT INTO "DefaultVersion" VALUES('pa','ERV-PAN.db');
INSERT INTO "DefaultVersion" VALUES('pl','ERV-RUS.db');
INSERT INTO "DefaultVersion" VALUES('pt','ERV-POR.db');
INSERT INTO "DefaultVersion" VALUES('ro','ERV-ENG.db');
INSERT INTO "DefaultVersion" VALUES('ru','ERV-RUS.db');
INSERT INTO "DefaultVersion" VALUES('sk','ERV-HUN.db');
INSERT INTO "DefaultVersion" VALUES('sr','ERV-SRP.db');
INSERT INTO "DefaultVersion" VALUES('sv','ERV-ENG.db');
INSERT INTO "DefaultVersion" VALUES('ta','ERV-TAM.db');
INSERT INTO "DefaultVersion" VALUES('th','ERV-THA.db');
INSERT INTO "DefaultVersion" VALUES('tr','ERV-ARB.db');
INSERT INTO "DefaultVersion" VALUES('uk','ERV-UKR.db');
INSERT INTO "DefaultVersion" VALUES('ur','ERV-URD.db');
INSERT INTO "DefaultVersion" VALUES('vi','ERV-VIE.db');
INSERT INTO "DefaultVersion" VALUES('zh','ERV-CMN.db');
CREATE TABLE InstalledVersion (
versionCode NOT NULL PRIMARY KEY REFERENCES Version(versionCode),
startDate NOT NULL,
endDate NULL
);
INSERT INTO "InstalledVersion" VALUES('ERV-ARB','2016-11-11',NULL);
INSERT INTO "InstalledVersion" VALUES('ERV-ENG','2016-10-14',NULL);
INSERT INTO "InstalledVersion" VALUES('NMV','2016-06-27',NULL);
CREATE TABLE Translation (
source TEXT NOT NULL,
target TEXT NOT NULL,
translated TEXT NOT NULL,
PRIMARY KEY(target, source) -- select where target=? is primary query
);
INSERT INTO "Translation" VALUES('WORLD','ar','العالم');
INSERT INTO "Translation" VALUES('WORLD','ca','món');
INSERT INTO "Translation" VALUES('WORLD','hr','Svijet');
INSERT INTO "Translation" VALUES('WORLD','cs','Svět');
INSERT INTO "Translation" VALUES('WORLD','da','Verden');
INSERT INTO "Translation" VALUES('WORLD','nl','Wereld');
INSERT INTO "Translation" VALUES('WORLD','en','World');
INSERT INTO "Translation" VALUES('WORLD','fi','Maailman');
INSERT INTO "Translation" VALUES('WORLD','fr','monde');
INSERT INTO "Translation" VALUES('WORLD','de','Welt');
INSERT INTO "Translation" VALUES('WORLD','el','Κόσμος');
INSERT INTO "Translation" VALUES('WORLD','he','עוֹלָם');
INSERT INTO "Translation" VALUES('WORLD','hi','विश्व');
INSERT INTO "Translation" VALUES('WORLD','hu','Világ');
INSERT INTO "Translation" VALUES('WORLD','id','Dunia');
INSERT INTO "Translation" VALUES('WORLD','it','Mondo');
INSERT INTO "Translation" VALUES('WORLD','ja','世界');
INSERT INTO "Translation" VALUES('WORLD','ko','세계');
INSERT INTO "Translation" VALUES('WORLD','ms','dunia');
INSERT INTO "Translation" VALUES('WORLD','nb','Verden');
INSERT INTO "Translation" VALUES('WORLD','pl','Świat');
INSERT INTO "Translation" VALUES('WORLD','pt','Mundo');
INSERT INTO "Translation" VALUES('WORLD','ro','Lume');
INSERT INTO "Translation" VALUES('WORLD','ru','Мир');
INSERT INTO "Translation" VALUES('WORLD','zh','世界');
INSERT INTO "Translation" VALUES('WORLD','sk','svet');
INSERT INTO "Translation" VALUES('WORLD','es','Mundo');
INSERT INTO "Translation" VALUES('WORLD','sv','världen');
INSERT INTO "Translation" VALUES('WORLD','th','โลก');
INSERT INTO "Translation" VALUES('WORLD','tr','Dünya');
INSERT INTO "Translation" VALUES('WORLD','uk','світ');
INSERT INTO "Translation" VALUES('WORLD','vi','thế giới');
INSERT INTO "Translation" VALUES('ar','ar','العربية');
INSERT INTO "Translation" VALUES('ar','ca','àrab');
INSERT INTO "Translation" VALUES('ar','zh','阿拉伯');
INSERT INTO "Translation" VALUES('ar','hr','arapski');
INSERT INTO "Translation" VALUES('ar','cs','arabština');
INSERT INTO "Translation" VALUES('ar','da','Arabic');
INSERT INTO "Translation" VALUES('ar','nl','Arabisch');
INSERT INTO "Translation" VALUES('ar','en','Arabic');
INSERT INTO "Translation" VALUES('ar','fi','arabialainen');
INSERT INTO "Translation" VALUES('ar','fr','Arabe');
INSERT INTO "Translation" VALUES('ar','de','Arabisch');
INSERT INTO "Translation" VALUES('ar','el','αραβικός');
INSERT INTO "Translation" VALUES('ar','he','עֲרָבִית');
INSERT INTO "Translation" VALUES('ar','hi','अरबी');
INSERT INTO "Translation" VALUES('ar','hu','arab');
INSERT INTO "Translation" VALUES('ar','id','Arab');
INSERT INTO "Translation" VALUES('ar','it','Arabo');
INSERT INTO "Translation" VALUES('ar','ja','アラビア語');
INSERT INTO "Translation" VALUES('ar','ko','아라비아 말');
INSERT INTO "Translation" VALUES('ar','ms','Bahasa Arab');
INSERT INTO "Translation" VALUES('ar','nb','Arabisk');
INSERT INTO "Translation" VALUES('ar','pl','arabski');
INSERT INTO "Translation" VALUES('ar','pt','árabe');
INSERT INTO "Translation" VALUES('ar','ro','arabic');
INSERT INTO "Translation" VALUES('ar','ru','арабский');
INSERT INTO "Translation" VALUES('ar','sk','arabčina');
INSERT INTO "Translation" VALUES('ar','es','Arábica');
INSERT INTO "Translation" VALUES('ar','sv','arabiska');
INSERT INTO "Translation" VALUES('ar','th','ภาษาอาหรับ');
INSERT INTO "Translation" VALUES('ar','tr','Arapça');
INSERT INTO "Translation" VALUES('ar','uk','арабська');
INSERT INTO "Translation" VALUES('ar','vi','tiếng Ả Rập');
INSERT INTO "Translation" VALUES('bg','ar','البلغارية');
INSERT INTO "Translation" VALUES('bg','ca','búlgar');
INSERT INTO "Translation" VALUES('bg','zh','保加利亚语');
INSERT INTO "Translation" VALUES('bg','hr','bugarski');
INSERT INTO "Translation" VALUES('bg','cs','bulharský');
INSERT INTO "Translation" VALUES('bg','da','bulgarsk');
INSERT INTO "Translation" VALUES('bg','nl','Bulgarian');
INSERT INTO "Translation" VALUES('bg','en','Bulgarian');
INSERT INTO "Translation" VALUES('bg','fi','bulgarialainen');
INSERT INTO "Translation" VALUES('bg','fr','bulgare');
INSERT INTO "Translation" VALUES('bg','de','bulgarisch');
INSERT INTO "Translation" VALUES('bg','el','Βούλγαρος');
INSERT INTO "Translation" VALUES('bg','he','בולגרי');
INSERT INTO "Translation" VALUES('bg','hi','बल्गेरियाई');
INSERT INTO "Translation" VALUES('bg','hu','bolgár');
INSERT INTO "Translation" VALUES('bg','id','Bulgaria');
INSERT INTO "Translation" VALUES('bg','it','bulgaro');
INSERT INTO "Translation" VALUES('bg','ja','ブルガリア語');
INSERT INTO "Translation" VALUES('bg','ko','불가리아 사람');
INSERT INTO "Translation" VALUES('bg','ms','Bulgaria');
INSERT INTO "Translation" VALUES('bg','nb','bulgarian');
INSERT INTO "Translation" VALUES('bg','pl','bułgarski');
INSERT INTO "Translation" VALUES('bg','pt','búlgaro');
INSERT INTO "Translation" VALUES('bg','ro','bulgară');
INSERT INTO "Translation" VALUES('bg','ru','болгарский');
INSERT INTO "Translation" VALUES('bg','sk','bulharský');
INSERT INTO "Translation" VALUES('bg','es','búlgaro');
INSERT INTO "Translation" VALUES('bg','sv','bulgarisk');
INSERT INTO "Translation" VALUES('bg','th','บัลแกเรีย');
INSERT INTO "Translation" VALUES('bg','tr','Bulgar');
INSERT INTO "Translation" VALUES('bg','uk','болгарська');
INSERT INTO "Translation" VALUES('bg','vi','Bulgaria');
INSERT INTO "Translation" VALUES('bn','ar','البنغالي');
INSERT INTO "Translation" VALUES('bn','ca','bengalí');
INSERT INTO "Translation" VALUES('bn','zh','孟加拉');
INSERT INTO "Translation" VALUES('bn','hr','bengalski');
INSERT INTO "Translation" VALUES('bn','cs','bengálský');
INSERT INTO "Translation" VALUES('bn','da','Bengali');
INSERT INTO "Translation" VALUES('bn','nl','Bengalees');
INSERT INTO "Translation" VALUES('bn','en','Bengali');
INSERT INTO "Translation" VALUES('bn','fi','Bengali');
INSERT INTO "Translation" VALUES('bn','fr','bengali');
INSERT INTO "Translation" VALUES('bn','de','Bengali');
INSERT INTO "Translation" VALUES('bn','el','Μπενγκάλι');
INSERT INTO "Translation" VALUES('bn','he','בנגלית');
INSERT INTO "Translation" VALUES('bn','hi','बंगाली');
INSERT INTO "Translation" VALUES('bn','hu','bengáli');
INSERT INTO "Translation" VALUES('bn','id','Benggala');
INSERT INTO "Translation" VALUES('bn','it','bengalese');
INSERT INTO "Translation" VALUES('bn','ja','ベンガル語');
INSERT INTO "Translation" VALUES('bn','ko','벵골 사람');
INSERT INTO "Translation" VALUES('bn','ms','Bengali');
INSERT INTO "Translation" VALUES('bn','nb','bengali');
INSERT INTO "Translation" VALUES('bn','pl','bengalski');
INSERT INTO "Translation" VALUES('bn','pt','bengali');
INSERT INTO "Translation" VALUES('bn','ro','bengaleză');
INSERT INTO "Translation" VALUES('bn','ru','бенгальский');
INSERT INTO "Translation" VALUES('bn','sk','bengálčina');
INSERT INTO "Translation" VALUES('bn','es','bengalí');
INSERT INTO "Translation" VALUES('bn','sv','bengali');
INSERT INTO "Translation" VALUES('bn','th','ประเทศบังคลาเทศ');
INSERT INTO "Translation" VALUES('bn','tr','Bengal');
INSERT INTO "Translation" VALUES('bn','uk','бенгальський');
INSERT INTO "Translation" VALUES('bn','vi','Bengali');
INSERT INTO "Translation" VALUES('zh','ar','الصينية');
INSERT INTO "Translation" VALUES('zh','ca','xinès');
INSERT INTO "Translation" VALUES('zh','zh','中文');
INSERT INTO "Translation" VALUES('zh','hr','kineski');
INSERT INTO "Translation" VALUES('zh','cs','čínština');
INSERT INTO "Translation" VALUES('zh','da','kinesisk');
INSERT INTO "Translation" VALUES('zh','nl','Chinese');
INSERT INTO "Translation" VALUES('zh','en','Chinese');
INSERT INTO "Translation" VALUES('zh','fi','Kiinan kieli');
INSERT INTO "Translation" VALUES('zh','fr','chinois');
INSERT INTO "Translation" VALUES('zh','de','Chinesisch');
INSERT INTO "Translation" VALUES('zh','el','κινέζικο');
INSERT INTO "Translation" VALUES('zh','he','סִינִית');
INSERT INTO "Translation" VALUES('zh','hi','चीनी');
INSERT INTO "Translation" VALUES('zh','hu','kínai');
INSERT INTO "Translation" VALUES('zh','id','Cina');
INSERT INTO "Translation" VALUES('zh','it','Cinese');
INSERT INTO "Translation" VALUES('zh','ja','中国語');
INSERT INTO "Translation" VALUES('zh','ko','중국말');
INSERT INTO "Translation" VALUES('zh','ms','Cina');
INSERT INTO "Translation" VALUES('zh','nb','kinesisk');
INSERT INTO "Translation" VALUES('zh','pl','chiński');
INSERT INTO "Translation" VALUES('zh','pt','chinês');
INSERT INTO "Translation" VALUES('zh','ro','chinez');
INSERT INTO "Translation" VALUES('zh','ru','Китайский');
INSERT INTO "Translation" VALUES('zh','sk','čínsky');
INSERT INTO "Translation" VALUES('zh','es','chino');
INSERT INTO "Translation" VALUES('zh','sv','kinesisk');
INSERT INTO "Translation" VALUES('zh','th','ชาวจีน');
INSERT INTO "Translation" VALUES('zh','tr','Çince');
INSERT INTO "Translation" VALUES('zh','uk','китайський');
INSERT INTO "Translation" VALUES('zh','vi','Trung Quốc');
INSERT INTO "Translation" VALUES('hr','ar','الكرواتية');
INSERT INTO "Translation" VALUES('hr','ca','croat');
INSERT INTO "Translation" VALUES('hr','zh','克罗地亚');
INSERT INTO "Translation" VALUES('hr','hr','hrvatski');
INSERT INTO "Translation" VALUES('hr','cs','chorvatský');
INSERT INTO "Translation" VALUES('hr','da','Kroatisk');
INSERT INTO "Translation" VALUES('hr','nl','Kroatisch');
INSERT INTO "Translation" VALUES('hr','en','Croatian');
INSERT INTO "Translation" VALUES('hr','fi','kroaatti');
INSERT INTO "Translation" VALUES('hr','fr','croate');
INSERT INTO "Translation" VALUES('hr','de','kroatisch');
INSERT INTO "Translation" VALUES('hr','el','Κροατία');
INSERT INTO "Translation" VALUES('hr','he','קרואטי');
INSERT INTO "Translation" VALUES('hr','hi','क्रोएशियाई');
INSERT INTO "Translation" VALUES('hr','hu','horvát');
INSERT INTO "Translation" VALUES('hr','id','Kroasia');
INSERT INTO "Translation" VALUES('hr','it','croato');
INSERT INTO "Translation" VALUES('hr','ja','クロアチア語');
INSERT INTO "Translation" VALUES('hr','ko','크로아티아의');
INSERT INTO "Translation" VALUES('hr','ms','Croatian');
INSERT INTO "Translation" VALUES('hr','pl','chorwacki');
INSERT INTO "Translation" VALUES('hr','pt','croata');
INSERT INTO "Translation" VALUES('hr','ro','croat');
INSERT INTO "Translation" VALUES('hr','ru','хорватский');
INSERT INTO "Translation" VALUES('hr','sk','chorvátsky');
INSERT INTO "Translation" VALUES('hr','es','croata');
INSERT INTO "Translation" VALUES('hr','sv','Kroatisk');
INSERT INTO "Translation" VALUES('hr','th','โครเอเชีย');
INSERT INTO "Translation" VALUES('hr','tr','Hırvat');
INSERT INTO "Translation" VALUES('hr','uk','хорватський');
INSERT INTO "Translation" VALUES('hr','vi','Croatia');
INSERT INTO "Translation" VALUES('en','ar','الإنجليزية');
INSERT INTO "Translation" VALUES('en','ca','Anglès');
INSERT INTO "Translation" VALUES('en','zh','英语');
INSERT INTO "Translation" VALUES('en','hr','Engleski');
INSERT INTO "Translation" VALUES('en','cs','angličtina');
INSERT INTO "Translation" VALUES('en','da','engelsk');
INSERT INTO "Translation" VALUES('en','nl','Engels');
INSERT INTO "Translation" VALUES('en','en','English');
INSERT INTO "Translation" VALUES('en','fi','englanti');
INSERT INTO "Translation" VALUES('en','fr','Anglais');
INSERT INTO "Translation" VALUES('en','de','Englisch');
INSERT INTO "Translation" VALUES('en','el','Αγγλικά');
INSERT INTO "Translation" VALUES('en','he','אנגלית');
INSERT INTO "Translation" VALUES('en','hi','अंग्रेज़ी');
INSERT INTO "Translation" VALUES('en','hu','angol');
INSERT INTO "Translation" VALUES('en','id','Inggris');
INSERT INTO "Translation" VALUES('en','it','Inglese');
INSERT INTO "Translation" VALUES('en','ja','英語');
INSERT INTO "Translation" VALUES('en','ko','영어');
INSERT INTO "Translation" VALUES('en','ms','English');
INSERT INTO "Translation" VALUES('en','nb','Engelsk');
INSERT INTO "Translation" VALUES('en','pl','język angielski');
INSERT INTO "Translation" VALUES('en','pt','Inglês');
INSERT INTO "Translation" VALUES('en','ro','Engleză');
INSERT INTO "Translation" VALUES('en','ru','английский');
INSERT INTO "Translation" VALUES('en','sk','Angličtina');
INSERT INTO "Translation" VALUES('en','es','Inglés');
INSERT INTO "Translation" VALUES('en','sv','Engelska');
INSERT INTO "Translation" VALUES('en','th','อังกฤษ');
INSERT INTO "Translation" VALUES('en','tr','İngilizce');
INSERT INTO "Translation" VALUES('en','uk','англійська');
INSERT INTO "Translation" VALUES('en','vi','Anh');
INSERT INTO "Translation" VALUES('fa','ar','الفارسية');
INSERT INTO "Translation" VALUES('fa','ca','farsi');
INSERT INTO "Translation" VALUES('fa','zh','波斯语');
INSERT INTO "Translation" VALUES('fa','hr','farsi');
INSERT INTO "Translation" VALUES('fa','cs','perština');
INSERT INTO "Translation" VALUES('fa','da','Farsi');
INSERT INTO "Translation" VALUES('fa','nl','Farsi');
INSERT INTO "Translation" VALUES('fa','en','Farsi');
INSERT INTO "Translation" VALUES('fa','fi','Persia');
INSERT INTO "Translation" VALUES('fa','fr','Farsi');
INSERT INTO "Translation" VALUES('fa','de','Farsi');
INSERT INTO "Translation" VALUES('fa','el','Φαρσί');
INSERT INTO "Translation" VALUES('fa','he','פרסי');
INSERT INTO "Translation" VALUES('fa','hi','फारसी');
INSERT INTO "Translation" VALUES('fa','hu','fárszi');
INSERT INTO "Translation" VALUES('fa','id','Farsi');
INSERT INTO "Translation" VALUES('fa','it','Farsi');
INSERT INTO "Translation" VALUES('fa','ja','ペルシア語');
INSERT INTO "Translation" VALUES('fa','ko','페르시아어');
INSERT INTO "Translation" VALUES('fa','ms','Farsi');
INSERT INTO "Translation" VALUES('fa','nb','Farsi');
INSERT INTO "Translation" VALUES('fa','pl','Farsi');
INSERT INTO "Translation" VALUES('fa','pt','Farsi');
INSERT INTO "Translation" VALUES('fa','ro','farsi');
INSERT INTO "Translation" VALUES('fa','ru','фарси');
INSERT INTO "Translation" VALUES('fa','sk','perzština');
INSERT INTO "Translation" VALUES('fa','es','Farsi');
INSERT INTO "Translation" VALUES('fa','sv','Persiska');
INSERT INTO "Translation" VALUES('fa','th','ฟาร์ซิ');
INSERT INTO "Translation" VALUES('fa','tr','Farsça');
INSERT INTO "Translation" VALUES('fa','uk','фарсі');
INSERT INTO "Translation" VALUES('fa','vi','Farsi');
INSERT INTO "Translation" VALUES('hi','ar','الهندية');
INSERT INTO "Translation" VALUES('hi','ca','hindi');
INSERT INTO "Translation" VALUES('hi','zh','印地语');
INSERT INTO "Translation" VALUES('hi','hr','hindski');
INSERT INTO "Translation" VALUES('hi','cs','hindština');
INSERT INTO "Translation" VALUES('hi','da','Hindi');
INSERT INTO "Translation" VALUES('hi','nl','Hindi');
INSERT INTO "Translation" VALUES('hi','en','Hindi');
INSERT INTO "Translation" VALUES('hi','fi','hindi');
INSERT INTO "Translation" VALUES('hi','fr','hindi');
INSERT INTO "Translation" VALUES('hi','de','Hindi');
INSERT INTO "Translation" VALUES('hi','el','Χίντι');
INSERT INTO "Translation" VALUES('hi','he','הינדי');
INSERT INTO "Translation" VALUES('hi','hi','हिंदी');
INSERT INTO "Translation" VALUES('hi','hu','hindi');
INSERT INTO "Translation" VALUES('hi','id','Hindi');
INSERT INTO "Translation" VALUES('hi','it','hindi');
INSERT INTO "Translation" VALUES('hi','ja','ヒンディー語');
INSERT INTO "Translation" VALUES('hi','ko','힌디 어');
INSERT INTO "Translation" VALUES('hi','ms','Hindi');
INSERT INTO "Translation" VALUES('hi','nb','Hindi');
INSERT INTO "Translation" VALUES('hi','pl','hinduski');
INSERT INTO "Translation" VALUES('hi','pt','hindi');
INSERT INTO "Translation" VALUES('hi','ro','hindi');
INSERT INTO "Translation" VALUES('hi','ru','хинди');
INSERT INTO "Translation" VALUES('hi','sk','hindčina');
INSERT INTO "Translation" VALUES('hi','es','hindi');
INSERT INTO "Translation" VALUES('hi','sv','hindi');
INSERT INTO "Translation" VALUES('hi','th','ภาษาฮินดี');
INSERT INTO "Translation" VALUES('hi','tr','Hintçe');
INSERT INTO "Translation" VALUES('hi','uk','хінді');
INSERT INTO "Translation" VALUES('hi','vi','Tiếng Hin-ddi');
INSERT INTO "Translation" VALUES('hu','ar','الهنغارية');
INSERT INTO "Translation" VALUES('hu','ca','hongarès');
INSERT INTO "Translation" VALUES('hu','zh','匈牙利');
INSERT INTO "Translation" VALUES('hu','hr','madžarski');
INSERT INTO "Translation" VALUES('hu','cs','maďarský');
INSERT INTO "Translation" VALUES('hu','da','ungarsk');
INSERT INTO "Translation" VALUES('hu','nl','Hongaars');
INSERT INTO "Translation" VALUES('hu','en','Hungarian');
INSERT INTO "Translation" VALUES('hu','fi','Unkarin kieli');
INSERT INTO "Translation" VALUES('hu','fr','hongrois');
INSERT INTO "Translation" VALUES('hu','de','ungarisch');
INSERT INTO "Translation" VALUES('hu','el','ουγγρικός');
INSERT INTO "Translation" VALUES('hu','he','הוּנגָרִי');
INSERT INTO "Translation" VALUES('hu','hi','हंगरी');
INSERT INTO "Translation" VALUES('hu','hu','Magyar');
INSERT INTO "Translation" VALUES('hu','id','Hongaria');
INSERT INTO "Translation" VALUES('hu','it','ungherese');
INSERT INTO "Translation" VALUES('hu','ja','ハンガリー語');
INSERT INTO "Translation" VALUES('hu','ko','헝가리 인');
INSERT INTO "Translation" VALUES('hu','ms','Hungary');
INSERT INTO "Translation" VALUES('hu','nb','ungarsk');
INSERT INTO "Translation" VALUES('hu','pl','język węgierski');
INSERT INTO "Translation" VALUES('hu','pt','húngaro');
INSERT INTO "Translation" VALUES('hu','ro','maghiar');
INSERT INTO "Translation" VALUES('hu','ru','Венгерский');
INSERT INTO "Translation" VALUES('hu','sk','maďarský');
INSERT INTO "Translation" VALUES('hu','es','húngaro');
INSERT INTO "Translation" VALUES('hu','sv','ungerska');
INSERT INTO "Translation" VALUES('hu','th','ฮังการี');
INSERT INTO "Translation" VALUES('hu','tr','Macarca');
INSERT INTO "Translation" VALUES('hu','uk','угорський');
INSERT INTO "Translation" VALUES('hu','vi','Hungary');
INSERT INTO "Translation" VALUES('id','ar','الأندونيسية');
INSERT INTO "Translation" VALUES('id','ca','indonesi');
INSERT INTO "Translation" VALUES('id','zh','印度尼西亚');
INSERT INTO "Translation" VALUES('id','hr','indonezijski');
INSERT INTO "Translation" VALUES('id','cs','indonéština');
INSERT INTO "Translation" VALUES('id','da','Indonesisk');
INSERT INTO "Translation" VALUES('id','nl','Indonesisch');
INSERT INTO "Translation" VALUES('id','en','Indonesian');
INSERT INTO "Translation" VALUES('id','fi','indonesialainen');
INSERT INTO "Translation" VALUES('id','fr','indonésien');
INSERT INTO "Translation" VALUES('id','de','Indonesier');
INSERT INTO "Translation" VALUES('id','el','Ινδονησίας');
INSERT INTO "Translation" VALUES('id','he','אינדונזי');
INSERT INTO "Translation" VALUES('id','hi','इन्डोनेशियाई');
INSERT INTO "Translation" VALUES('id','hu','indonéz');
INSERT INTO "Translation" VALUES('id','id','bahasa Indonesia');
INSERT INTO "Translation" VALUES('id','it','indonesiano');
INSERT INTO "Translation" VALUES('id','ja','インドネシア語');
INSERT INTO "Translation" VALUES('id','ko','인도네시아 인');
INSERT INTO "Translation" VALUES('id','ms','Indonesia');
INSERT INTO "Translation" VALUES('id','nb','Indonesisk');
INSERT INTO "Translation" VALUES('id','pl','indonezyjski');
INSERT INTO "Translation" VALUES('id','pt','indonésio');
INSERT INTO "Translation" VALUES('id','ro','indoneziană');
INSERT INTO "Translation" VALUES('id','ru','индонезийский');
INSERT INTO "Translation" VALUES('id','sk','indonézsky');
INSERT INTO "Translation" VALUES('id','es','indonesio');
INSERT INTO "Translation" VALUES('id','sv','indonesisk');
INSERT INTO "Translation" VALUES('id','th','ชาวอินโดนีเซีย');
INSERT INTO "Translation" VALUES('id','tr','Endonezya');
INSERT INTO "Translation" VALUES('id','uk','індонезійська');
INSERT INTO "Translation" VALUES('id','vi','Indonesia');
INSERT INTO "Translation" VALUES('kn','ar','الكانادا');
INSERT INTO "Translation" VALUES('kn','ca','kannada');
INSERT INTO "Translation" VALUES('kn','zh','卡纳达语');
INSERT INTO "Translation" VALUES('kn','hr','kannada');
INSERT INTO "Translation" VALUES('kn','cs','Kanadský');
INSERT INTO "Translation" VALUES('kn','da','Kannada');
INSERT INTO "Translation" VALUES('kn','nl','Kannada');
INSERT INTO "Translation" VALUES('kn','en','Kannada');
INSERT INTO "Translation" VALUES('kn','fi','kannada');
INSERT INTO "Translation" VALUES('kn','fr','Kannada');
INSERT INTO "Translation" VALUES('kn','de','Kannada');
INSERT INTO "Translation" VALUES('kn','el','Κανάντα');
INSERT INTO "Translation" VALUES('kn','he','קנאדה');
INSERT INTO "Translation" VALUES('kn','hi','कन्नड़');
INSERT INTO "Translation" VALUES('kn','hu','kannada');
INSERT INTO "Translation" VALUES('kn','id','Kannada');
INSERT INTO "Translation" VALUES('kn','it','Kannada');
INSERT INTO "Translation" VALUES('kn','ja','カンナダ語');
INSERT INTO "Translation" VALUES('kn','ko','칸나다어');
INSERT INTO "Translation" VALUES('kn','ms','Kannada');
INSERT INTO "Translation" VALUES('kn','nb','kannada');
INSERT INTO "Translation" VALUES('kn','pl','kannada');
INSERT INTO "Translation" VALUES('kn','pt','Kannada');
INSERT INTO "Translation" VALUES('kn','ro','kannada');
INSERT INTO "Translation" VALUES('kn','ru','каннады');
INSERT INTO "Translation" VALUES('kn','sk','Kanadský');
INSERT INTO "Translation" VALUES('kn','es','kannada');
INSERT INTO "Translation" VALUES('kn','sv','kannada');
INSERT INTO "Translation" VALUES('kn','th','ดา');
INSERT INTO "Translation" VALUES('kn','tr','Kannada');
INSERT INTO "Translation" VALUES('kn','uk','каннада');
INSERT INTO "Translation" VALUES('kn','vi','kannada');
INSERT INTO "Translation" VALUES('mr','ar','المهاراتية');
INSERT INTO "Translation" VALUES('mr','ca','marathi');
INSERT INTO "Translation" VALUES('mr','zh','马拉');
INSERT INTO "Translation" VALUES('mr','hr','marathi');
INSERT INTO "Translation" VALUES('mr','cs','maráthština');
INSERT INTO "Translation" VALUES('mr','da','Marathi');
INSERT INTO "Translation" VALUES('mr','nl','marathi');
INSERT INTO "Translation" VALUES('mr','en','Marathi');
INSERT INTO "Translation" VALUES('mr','fi','marathi');
INSERT INTO "Translation" VALUES('mr','fr','Marathi');
INSERT INTO "Translation" VALUES('mr','de','Marathi');
INSERT INTO "Translation" VALUES('mr','el','Μαράθι');
INSERT INTO "Translation" VALUES('mr','he','מרתי');
INSERT INTO "Translation" VALUES('mr','hi','मराठी');
INSERT INTO "Translation" VALUES('mr','hu','marathi');
INSERT INTO "Translation" VALUES('mr','id','Marathi');
INSERT INTO "Translation" VALUES('mr','it','marathi');
INSERT INTO "Translation" VALUES('mr','ja','マラーティー語');
INSERT INTO "Translation" VALUES('mr','ko','마라타어');
INSERT INTO "Translation" VALUES('mr','ms','Marathi');
INSERT INTO "Translation" VALUES('mr','nb','marathi');
INSERT INTO "Translation" VALUES('mr','pl','marathi');
INSERT INTO "Translation" VALUES('mr','pt','marata');
INSERT INTO "Translation" VALUES('mr','ro','marathi');
INSERT INTO "Translation" VALUES('mr','ru','Marathi');
INSERT INTO "Translation" VALUES('mr','sk','maráthčina');
INSERT INTO "Translation" VALUES('mr','es','marathi');
INSERT INTO "Translation" VALUES('mr','sv','marathi');
INSERT INTO "Translation" VALUES('mr','th','ฐี');
INSERT INTO "Translation" VALUES('mr','tr','Marathi');
INSERT INTO "Translation" VALUES('mr','uk','Marathi');
INSERT INTO "Translation" VALUES('mr','vi','Marathi');
INSERT INTO "Translation" VALUES('ne','ar','النيبالية');
INSERT INTO "Translation" VALUES('ne','ca','nepalès');
INSERT INTO "Translation" VALUES('ne','zh','尼泊尔');
INSERT INTO "Translation" VALUES('ne','hr','nepalski');
INSERT INTO "Translation" VALUES('ne','cs','nepálský');
INSERT INTO "Translation" VALUES('ne','da','nepalesisk');
INSERT INTO "Translation" VALUES('ne','nl','nepali');
INSERT INTO "Translation" VALUES('ne','en','Nepali');
INSERT INTO "Translation" VALUES('ne','fi','nepali');
INSERT INTO "Translation" VALUES('ne','fr','népalais');
INSERT INTO "Translation" VALUES('ne','de','Nepali');
INSERT INTO "Translation" VALUES('ne','el','Νεπάλ');
INSERT INTO "Translation" VALUES('ne','he','נפאלית');
INSERT INTO "Translation" VALUES('ne','hi','नेपाली');
INSERT INTO "Translation" VALUES('ne','hu','nepáli');
INSERT INTO "Translation" VALUES('ne','id','Nepal');
INSERT INTO "Translation" VALUES('ne','it','Nepali');
INSERT INTO "Translation" VALUES('ne','ja','ネパール語');
INSERT INTO "Translation" VALUES('ne','ko','네팔어');
INSERT INTO "Translation" VALUES('ne','ms','Nepal');
INSERT INTO "Translation" VALUES('ne','nb','Nepali');
INSERT INTO "Translation" VALUES('ne','pl','nepalski');
INSERT INTO "Translation" VALUES('ne','pt','Nepali');
INSERT INTO "Translation" VALUES('ne','ro','nepaleză');
INSERT INTO "Translation" VALUES('ne','ru','непальский');
INSERT INTO "Translation" VALUES('ne','sk','nepálsky');
INSERT INTO "Translation" VALUES('ne','es','nepalí');
INSERT INTO "Translation" VALUES('ne','sv','nepali');
INSERT INTO "Translation" VALUES('ne','th','เนปาล');
INSERT INTO "Translation" VALUES('ne','tr','Nepali');
INSERT INTO "Translation" VALUES('ne','uk','непальська');
INSERT INTO "Translation" VALUES('ne','vi','Nê-pan');
INSERT INTO "Translation" VALUES('or','ar','الأوريا');
INSERT INTO "Translation" VALUES('or','ca','oriya');
INSERT INTO "Translation" VALUES('or','zh','奥里亚语');
INSERT INTO "Translation" VALUES('or','hr','orijsko');
INSERT INTO "Translation" VALUES('or','cs','urijština');
INSERT INTO "Translation" VALUES('or','da','Oriya');
INSERT INTO "Translation" VALUES('or','nl','Oriya');
INSERT INTO "Translation" VALUES('or','en','Oriya');
INSERT INTO "Translation" VALUES('or','fi','Oriya');
INSERT INTO "Translation" VALUES('or','fr','Oriya');
INSERT INTO "Translation" VALUES('or','de','Oriya');
INSERT INTO "Translation" VALUES('or','el','Ορίγια');
INSERT INTO "Translation" VALUES('or','he','אוריה');
INSERT INTO "Translation" VALUES('or','hi','ओरिया');
INSERT INTO "Translation" VALUES('or','hu','oriya');
INSERT INTO "Translation" VALUES('or','id','Oriya');
INSERT INTO "Translation" VALUES('or','it','Oriya');
INSERT INTO "Translation" VALUES('or','ja','オリヤー語');
INSERT INTO "Translation" VALUES('or','ko','오리야어');
INSERT INTO "Translation" VALUES('or','ms','Oriya');
INSERT INTO "Translation" VALUES('or','nb','Oriya');
INSERT INTO "Translation" VALUES('or','pl','orija');
INSERT INTO "Translation" VALUES('or','pt','Oriya');
INSERT INTO "Translation" VALUES('or','ro','oriya');
INSERT INTO "Translation" VALUES('or','ru','Ория');
INSERT INTO "Translation" VALUES('or','sk','Urijština');
INSERT INTO "Translation" VALUES('or','es','Oriya');
INSERT INTO "Translation" VALUES('or','sv','oriya');
INSERT INTO "Translation" VALUES('or','th','โอริยา');
INSERT INTO "Translation" VALUES('or','tr','Oriya');
INSERT INTO "Translation" VALUES('or','uk','орія');
INSERT INTO "Translation" VALUES('or','vi','Oriya');
INSERT INTO "Translation" VALUES('pa','ar','البنجابية');
INSERT INTO "Translation" VALUES('pa','ca','punjabi');
INSERT INTO "Translation" VALUES('pa','zh','旁遮普');
INSERT INTO "Translation" VALUES('pa','hr','Pendžabljanin');
INSERT INTO "Translation" VALUES('pa','cs','pandžábský');
INSERT INTO "Translation" VALUES('pa','da','punjabi');
INSERT INTO "Translation" VALUES('pa','nl','Punjabi');
INSERT INTO "Translation" VALUES('pa','en','Punjabi');
INSERT INTO "Translation" VALUES('pa','fi','punjabi');
INSERT INTO "Translation" VALUES('pa','fr','Punjabi');
INSERT INTO "Translation" VALUES('pa','de','Panjabi');
INSERT INTO "Translation" VALUES('pa','el','Punjabi');
INSERT INTO "Translation" VALUES('pa','he','פונג''בית');
INSERT INTO "Translation" VALUES('pa','hi','पंजाबी');
INSERT INTO "Translation" VALUES('pa','hu','pandzsábi');
INSERT INTO "Translation" VALUES('pa','id','Punjabi');
INSERT INTO "Translation" VALUES('pa','it','punjabi');
INSERT INTO "Translation" VALUES('pa','ja','パンジャブ語');
INSERT INTO "Translation" VALUES('pa','ko','펀 자브');
INSERT INTO "Translation" VALUES('pa','ms','Punjabi');
INSERT INTO "Translation" VALUES('pa','nb','Punjabi');
INSERT INTO "Translation" VALUES('pa','pl','Punjabi');
INSERT INTO "Translation" VALUES('pa','pt','Punjabi');
INSERT INTO "Translation" VALUES('pa','ro','Punjabi');
INSERT INTO "Translation" VALUES('pa','ru','панджаби');
INSERT INTO "Translation" VALUES('pa','sk','pandžábský');
INSERT INTO "Translation" VALUES('pa','es','punjabi');
INSERT INTO "Translation" VALUES('pa','sv','punjabi');
INSERT INTO "Translation" VALUES('pa','th','ปัญจาบ');
INSERT INTO "Translation" VALUES('pa','tr','Pencap');
INSERT INTO "Translation" VALUES('pa','uk','панджабі');
INSERT INTO "Translation" VALUES('pa','vi','Punjabi');
INSERT INTO "Translation" VALUES('pt','ar','البرتغالية');
INSERT INTO "Translation" VALUES('pt','ca','portuguès');
INSERT INTO "Translation" VALUES('pt','zh','葡萄牙语');
INSERT INTO "Translation" VALUES('pt','hr','Portugalski');
INSERT INTO "Translation" VALUES('pt','cs','portugalština');
INSERT INTO "Translation" VALUES('pt','da','portugisisk');
INSERT INTO "Translation" VALUES('pt','nl','Portugees');
INSERT INTO "Translation" VALUES('pt','en','Portuguese');
INSERT INTO "Translation" VALUES('pt','fi','Portugalin kieli');
INSERT INTO "Translation" VALUES('pt','fr','Portugais');
INSERT INTO "Translation" VALUES('pt','de','Portugiesisch');
INSERT INTO "Translation" VALUES('pt','el','Πορτογάλος');
INSERT INTO "Translation" VALUES('pt','he','פורטוגזי');
INSERT INTO "Translation" VALUES('pt','hi','पुर्तगाली');
INSERT INTO "Translation" VALUES('pt','hu','portugál');
INSERT INTO "Translation" VALUES('pt','id','Portugis');
INSERT INTO "Translation" VALUES('pt','it','portoghese');
INSERT INTO "Translation" VALUES('pt','ja','ポルトガル語');
INSERT INTO "Translation" VALUES('pt','ko','포르투갈 인');
INSERT INTO "Translation" VALUES('pt','ms','Portugis');
INSERT INTO "Translation" VALUES('pt','nb','portugisisk');
INSERT INTO "Translation" VALUES('pt','pl','portugalski');
INSERT INTO "Translation" VALUES('pt','pt','português');
INSERT INTO "Translation" VALUES('pt','ro','portugheză');
INSERT INTO "Translation" VALUES('pt','ru','португальский');
INSERT INTO "Translation" VALUES('pt','sk','portugalský');
INSERT INTO "Translation" VALUES('pt','es','portugués');
INSERT INTO "Translation" VALUES('pt','sv','portugisiska');
INSERT INTO "Translation" VALUES('pt','th','ชาวโปรตุเกส');
INSERT INTO "Translation" VALUES('pt','tr','Portekizce');
INSERT INTO "Translation" VALUES('pt','uk','португальська');
INSERT INTO "Translation" VALUES('pt','vi','Bồ Đào Nha');
INSERT INTO "Translation" VALUES('ru','ar','الروسية');
INSERT INTO "Translation" VALUES('ru','ca','rus');
INSERT INTO "Translation" VALUES('ru','zh','俄语');
INSERT INTO "Translation" VALUES('ru','hr','ruski');
INSERT INTO "Translation" VALUES('ru','cs','ruština');
INSERT INTO "Translation" VALUES('ru','da','Russisk');
INSERT INTO "Translation" VALUES('ru','nl','Russisch');
INSERT INTO "Translation" VALUES('ru','en','Russian');
INSERT INTO "Translation" VALUES('ru','fi','Venäjän kieli');
INSERT INTO "Translation" VALUES('ru','fr','russe');
INSERT INTO "Translation" VALUES('ru','de','Russisch');
INSERT INTO "Translation" VALUES('ru','el','ρωσικός');
INSERT INTO "Translation" VALUES('ru','he','רוּסִי');
INSERT INTO "Translation" VALUES('ru','hi','रूसी');
INSERT INTO "Translation" VALUES('ru','hu','orosz');
INSERT INTO "Translation" VALUES('ru','id','Rusia');
INSERT INTO "Translation" VALUES('ru','it','russo');
INSERT INTO "Translation" VALUES('ru','ja','ロシア');
INSERT INTO "Translation" VALUES('ru','ko','러시아인');
INSERT INTO "Translation" VALUES('ru','ms','Russian');
INSERT INTO "Translation" VALUES('ru','nb','russisk');
INSERT INTO "Translation" VALUES('ru','pl','Rosyjski');
INSERT INTO "Translation" VALUES('ru','pt','russo');
INSERT INTO "Translation" VALUES('ru','ro','Rusă');
INSERT INTO "Translation" VALUES('ru','ru','русский');
INSERT INTO "Translation" VALUES('ru','sk','ruský');
INSERT INTO "Translation" VALUES('ru','es','ruso');
INSERT INTO "Translation" VALUES('ru','sv','ryska');
INSERT INTO "Translation" VALUES('ru','th','รัสเซีย');
INSERT INTO "Translation" VALUES('ru','tr','Rusça');
INSERT INTO "Translation" VALUES('ru','uk','російський');
INSERT INTO "Translation" VALUES('ru','vi','người Nga');
INSERT INTO "Translation" VALUES('sr','ar','صربي');
INSERT INTO "Translation" VALUES('sr','ca','serbi');
INSERT INTO "Translation" VALUES('sr','zh','塞尔维亚');
INSERT INTO "Translation" VALUES('sr','hr','srpski');
INSERT INTO "Translation" VALUES('sr','cs','srbština');
INSERT INTO "Translation" VALUES('sr','da','serbisk');
INSERT INTO "Translation" VALUES('sr','nl','Servisch');
INSERT INTO "Translation" VALUES('sr','en','Serbian');
INSERT INTO "Translation" VALUES('sr','fi','serbialainen');
INSERT INTO "Translation" VALUES('sr','fr','serbe');
INSERT INTO "Translation" VALUES('sr','de','serbisch');
INSERT INTO "Translation" VALUES('sr','el','Σέρβος');
INSERT INTO "Translation" VALUES('sr','he','סרבי');
INSERT INTO "Translation" VALUES('sr','hi','सर्बियाई');
INSERT INTO "Translation" VALUES('sr','hu','szerb');
INSERT INTO "Translation" VALUES('sr','id','Serbia');
INSERT INTO "Translation" VALUES('sr','it','serbo');
INSERT INTO "Translation" VALUES('sr','ja','セルビア語');
INSERT INTO "Translation" VALUES('sr','ko','세르비아 사람');
INSERT INTO "Translation" VALUES('sr','ms','Serbia');
INSERT INTO "Translation" VALUES('sr','nb','serbisk');
INSERT INTO "Translation" VALUES('sr','pl','serbski');
INSERT INTO "Translation" VALUES('sr','pt','sérvio');
INSERT INTO "Translation" VALUES('sr','ro','sârb');
INSERT INTO "Translation" VALUES('sr','ru','сербский');
INSERT INTO "Translation" VALUES('sr','sk','srbský');
INSERT INTO "Translation" VALUES('sr','es','serbio');
INSERT INTO "Translation" VALUES('sr','sv','serb');
INSERT INTO "Translation" VALUES('sr','th','เซอร์เบีย');
INSERT INTO "Translation" VALUES('sr','tr','Sırpça');
INSERT INTO "Translation" VALUES('sr','uk','сербський');
INSERT INTO "Translation" VALUES('sr','vi','Serbia');
INSERT INTO "Translation" VALUES('es','ar','الأسبانية');
INSERT INTO "Translation" VALUES('es','ca','espanyol');
INSERT INTO "Translation" VALUES('es','zh','西班牙语');
INSERT INTO "Translation" VALUES('es','hr','španjolski');
INSERT INTO "Translation" VALUES('es','cs','španělština');
INSERT INTO "Translation" VALUES('es','da','spansk');
INSERT INTO "Translation" VALUES('es','nl','Spaans');
INSERT INTO "Translation" VALUES('es','en','Spanish');
INSERT INTO "Translation" VALUES('es','fi','espanjalainen');
INSERT INTO "Translation" VALUES('es','fr','Espanol');
INSERT INTO "Translation" VALUES('es','de','Spanisch');
INSERT INTO "Translation" VALUES('es','el','ισπανικά');
INSERT INTO "Translation" VALUES('es','he','ספרדית');
INSERT INTO "Translation" VALUES('es','hi','स्पेनिश');
INSERT INTO "Translation" VALUES('es','hu','spanyol');
INSERT INTO "Translation" VALUES('es','id','Spanyol');
INSERT INTO "Translation" VALUES('es','it','spagnolo');
INSERT INTO "Translation" VALUES('es','ja','スペイン語');
INSERT INTO "Translation" VALUES('es','ko','스페인 사람');
INSERT INTO "Translation" VALUES('es','ms','Sepanyol');
INSERT INTO "Translation" VALUES('es','nb','spansk');
INSERT INTO "Translation" VALUES('es','pl','język hiszpański');
INSERT INTO "Translation" VALUES('es','pt','espanhol');
INSERT INTO "Translation" VALUES('es','ro','Spaniolă');
INSERT INTO "Translation" VALUES('es','ru','испанский');
INSERT INTO "Translation" VALUES('es','sk','španielsky');
INSERT INTO "Translation" VALUES('es','es','Español');
INSERT INTO "Translation" VALUES('es','sv','spansk');
INSERT INTO "Translation" VALUES('es','th','สเปน');
INSERT INTO "Translation" VALUES('es','tr','İspanyol');
INSERT INTO "Translation" VALUES('es','uk','іспанська');
INSERT INTO "Translation" VALUES('es','vi','người Tây Ban Nha');
INSERT INTO "Translation" VALUES('ta','ar','التاميل');
INSERT INTO "Translation" VALUES('ta','ca','tamil');
INSERT INTO "Translation" VALUES('ta','zh','泰米尔人');
INSERT INTO "Translation" VALUES('ta','hr','Tamil');
INSERT INTO "Translation" VALUES('ta','cs','tamil');
INSERT INTO "Translation" VALUES('ta','da','Tamil');
INSERT INTO "Translation" VALUES('ta','nl','Tamil');
INSERT INTO "Translation" VALUES('ta','en','Tamil');
INSERT INTO "Translation" VALUES('ta','fi','tamil');
INSERT INTO "Translation" VALUES('ta','fr','Tamil');
INSERT INTO "Translation" VALUES('ta','de','Tamilisch');
INSERT INTO "Translation" VALUES('ta','el','Ταμίλ');
INSERT INTO "Translation" VALUES('ta','he','טמילית');
INSERT INTO "Translation" VALUES('ta','hi','तामिल');
INSERT INTO "Translation" VALUES('ta','hu','tamil');
INSERT INTO "Translation" VALUES('ta','id','Tamil');
INSERT INTO "Translation" VALUES('ta','it','Tamil');
INSERT INTO "Translation" VALUES('ta','ja','タミル語');
INSERT INTO "Translation" VALUES('ta','ko','타밀 사람');
INSERT INTO "Translation" VALUES('ta','ms','Tamil');
INSERT INTO "Translation" VALUES('ta','nb','Tamil');
INSERT INTO "Translation" VALUES('ta','pl','Tamil');
INSERT INTO "Translation" VALUES('ta','pt','tâmil');
INSERT INTO "Translation" VALUES('ta','ro','tamil');
INSERT INTO "Translation" VALUES('ta','ru','тамильский');
INSERT INTO "Translation" VALUES('ta','sk','tamil');
INSERT INTO "Translation" VALUES('ta','es','Tamil');
INSERT INTO "Translation" VALUES('ta','sv','tamil');
INSERT INTO "Translation" VALUES('ta','th','มิลักขะ');
INSERT INTO "Translation" VALUES('ta','tr','Tamilce');
INSERT INTO "Translation" VALUES('ta','uk','тамільська');
INSERT INTO "Translation" VALUES('ta','vi','Tamil');
INSERT INTO "Translation" VALUES('th','ar','التايلاندية');
INSERT INTO "Translation" VALUES('th','ca','tailandès');
INSERT INTO "Translation" VALUES('th','zh','泰国');
INSERT INTO "Translation" VALUES('th','hr','thai');
INSERT INTO "Translation" VALUES('th','cs','Thai');
INSERT INTO "Translation" VALUES('th','da','Thai');
INSERT INTO "Translation" VALUES('th','nl','Thais');
INSERT INTO "Translation" VALUES('th','en','Thai');
INSERT INTO "Translation" VALUES('th','fi','thaimaalainen');
INSERT INTO "Translation" VALUES('th','fr','thaïlandais');
INSERT INTO "Translation" VALUES('th','de','thailändisch');
INSERT INTO "Translation" VALUES('th','el','Ταϊλάνδης');
INSERT INTO "Translation" VALUES('th','he','תאילנדי');
INSERT INTO "Translation" VALUES('th','hi','थाई');
INSERT INTO "Translation" VALUES('th','hu','thai');
INSERT INTO "Translation" VALUES('th','id','Thai');
INSERT INTO "Translation" VALUES('th','it','Thai');
INSERT INTO "Translation" VALUES('th','ja','タイの');
INSERT INTO "Translation" VALUES('th','ko','타이어');
INSERT INTO "Translation" VALUES('th','ms','Thai');
INSERT INTO "Translation" VALUES('th','nb','Thai');
INSERT INTO "Translation" VALUES('th','pl','tajski');
INSERT INTO "Translation" VALUES('th','pt','tailandês');
INSERT INTO "Translation" VALUES('th','ro','tailandez');
INSERT INTO "Translation" VALUES('th','ru','тайский');
INSERT INTO "Translation" VALUES('th','sk','thai');
INSERT INTO "Translation" VALUES('th','es','tailandés');
INSERT INTO "Translation" VALUES('th','sv','Thai');
INSERT INTO "Translation" VALUES('th','th','ไทย');
INSERT INTO "Translation" VALUES('th','tr','Tayland');
INSERT INTO "Translation" VALUES('th','uk','тайський');
INSERT INTO "Translation" VALUES('th','vi','Thái');
INSERT INTO "Translation" VALUES('uk','ar','الأوكراني');
INSERT INTO "Translation" VALUES('uk','ca','ucraïnès');
INSERT INTO "Translation" VALUES('uk','zh','乌克兰');
INSERT INTO "Translation" VALUES('uk','hr','ukrajinski');
INSERT INTO "Translation" VALUES('uk','cs','ukrajinština');
INSERT INTO "Translation" VALUES('uk','da','ukrainsk');
INSERT INTO "Translation" VALUES('uk','nl','Oekraïens');
INSERT INTO "Translation" VALUES('uk','en','Ukrainian');
INSERT INTO "Translation" VALUES('uk','fi','ukrainalainen');
INSERT INTO "Translation" VALUES('uk','fr','ukrainien');
INSERT INTO "Translation" VALUES('uk','de','ukrainisch');
INSERT INTO "Translation" VALUES('uk','el','Ουκρανός');
INSERT INTO "Translation" VALUES('uk','he','אוקראיני');
INSERT INTO "Translation" VALUES('uk','hi','यूक्रेनी');
INSERT INTO "Translation" VALUES('uk','hu','ukrán');
INSERT INTO "Translation" VALUES('uk','id','Ukraina');
INSERT INTO "Translation" VALUES('uk','it','ucraino');
INSERT INTO "Translation" VALUES('uk','ja','ウクライナ語');
INSERT INTO "Translation" VALUES('uk','ko','우크라이나 말');
INSERT INTO "Translation" VALUES('uk','ms','Ukraine');
INSERT INTO "Translation" VALUES('uk','nb','ukrainsk');
INSERT INTO "Translation" VALUES('uk','pl','ukraiński');
INSERT INTO "Translation" VALUES('uk','pt','ucraniano');
INSERT INTO "Translation" VALUES('uk','ro','ucrainean');
INSERT INTO "Translation" VALUES('uk','ru','украинец');
INSERT INTO "Translation" VALUES('uk','sk','ukrajinský');
INSERT INTO "Translation" VALUES('uk','es','ucranio');
INSERT INTO "Translation" VALUES('uk','sv','ukrainare');
INSERT INTO "Translation" VALUES('uk','th','ยูเครน');
INSERT INTO "Translation" VALUES('uk','tr','Ukrayna');
INSERT INTO "Translation" VALUES('uk','uk','український');
INSERT INTO "Translation" VALUES('uk','vi','Ukraina');
INSERT INTO "Translation" VALUES('ur','ar','الأردية');
INSERT INTO "Translation" VALUES('ur','ca','urdu');
INSERT INTO "Translation" VALUES('ur','zh','乌尔都语');
INSERT INTO "Translation" VALUES('ur','hr','urdu');
INSERT INTO "Translation" VALUES('ur','cs','Urdu');
INSERT INTO "Translation" VALUES('ur','da','Urdu');
INSERT INTO "Translation" VALUES('ur','nl','Urdu');
INSERT INTO "Translation" VALUES('ur','en','Urdu');
INSERT INTO "Translation" VALUES('ur','fi','Urdu');
INSERT INTO "Translation" VALUES('ur','fr','Urdu');
INSERT INTO "Translation" VALUES('ur','de','Urdu');
INSERT INTO "Translation" VALUES('ur','el','Ουρντού');
INSERT INTO "Translation" VALUES('ur','he','אורדו');
INSERT INTO "Translation" VALUES('ur','hi','उर्दू');
INSERT INTO "Translation" VALUES('ur','hu','urdu');
INSERT INTO "Translation" VALUES('ur','id','Urdu');
INSERT INTO "Translation" VALUES('ur','it','Urdu');
INSERT INTO "Translation" VALUES('ur','ja','ウルドゥー語');
INSERT INTO "Translation" VALUES('ur','ko','우르두어');
INSERT INTO "Translation" VALUES('ur','ms','Urdu');
INSERT INTO "Translation" VALUES('ur','nb','urdu');
INSERT INTO "Translation" VALUES('ur','pl','urdu');
INSERT INTO "Translation" VALUES('ur','pt','urdu');
INSERT INTO "Translation" VALUES('ur','ro','urdu');
INSERT INTO "Translation" VALUES('ur','ru','урду');
INSERT INTO "Translation" VALUES('ur','sk','Urdu');
INSERT INTO "Translation" VALUES('ur','es','Urdu');
INSERT INTO "Translation" VALUES('ur','sv','urdu');
INSERT INTO "Translation" VALUES('ur','th','ภาษาอูรดู');
INSERT INTO "Translation" VALUES('ur','tr','Urduca');
INSERT INTO "Translation" VALUES('ur','uk','урду');
INSERT INTO "Translation" VALUES('ur','vi','Urdu');
INSERT INTO "Translation" VALUES('vi','ar','الفيتنامية');
INSERT INTO "Translation" VALUES('vi','ca','vietnamita');
INSERT INTO "Translation" VALUES('vi','zh','越南');
INSERT INTO "Translation" VALUES('vi','hr','vijetnamski');
INSERT INTO "Translation" VALUES('vi','cs','vietnamština');
INSERT INTO "Translation" VALUES('vi','da','Vietnamesisk');
INSERT INTO "Translation" VALUES('vi','nl','Vietnamees');
INSERT INTO "Translation" VALUES('vi','en','Vietnamese');
INSERT INTO "Translation" VALUES('vi','fi','vietnam');
INSERT INTO "Translation" VALUES('vi','fr','vietnamien');
INSERT INTO "Translation" VALUES('vi','de','Vietnamesisch');
INSERT INTO "Translation" VALUES('vi','el','Βιετνάμ');
INSERT INTO "Translation" VALUES('vi','he','ויאטנמית');
INSERT INTO "Translation" VALUES('vi','hi','वियतनामी');
INSERT INTO "Translation" VALUES('vi','hu','vietnami');
INSERT INTO "Translation" VALUES('vi','id','Vietnam');
INSERT INTO "Translation" VALUES('vi','it','vietnamita');
INSERT INTO "Translation" VALUES('vi','ja','ベトナム語');
INSERT INTO "Translation" VALUES('vi','ko','베트남 사람');
INSERT INTO "Translation" VALUES('vi','ms','Vietnam');
INSERT INTO "Translation" VALUES('vi','nb','Vietnamesisk');
INSERT INTO "Translation" VALUES('vi','pl','wietnamski');
INSERT INTO "Translation" VALUES('vi','pt','vietnamita');
INSERT INTO "Translation" VALUES('vi','ro','Vietnameză');
INSERT INTO "Translation" VALUES('vi','ru','вьетнамский');
INSERT INTO "Translation" VALUES('vi','sk','Vietnamec');
INSERT INTO "Translation" VALUES('vi','es','vietnamita');
INSERT INTO "Translation" VALUES('vi','sv','vietnames');
INSERT INTO "Translation" VALUES('vi','th','เวียตนาม');
INSERT INTO "Translation" VALUES('vi','tr','Vietnam');
INSERT INTO "Translation" VALUES('vi','uk','в''єтнамський');
INSERT INTO "Translation" VALUES('vi','vi','Tiếng Việt');
CREATE TABLE Video (
	languageId TEXT NOT NULL,
	mediaId TEXT NOT NULL,
	silCode TEXT NOT NULL,
	langCode TEXT NOT NULL,
	title TEXT NOT NULL,
	lengthMS INT NOT NULL,
	HLS_URL TEXT NOT NULL,
	MP4_1080 TEXT NULL, -- deprecated remove at next revision
	MP4_720 TEXT NULL, -- deprecated  remove at next revision
	MP4_540 TEXT NULL, -- deprecated remove at next revision
	MP4_360 TEXT NULL, -- deprecated remove at next revision
	longDescription TEXT NULL,
	PRIMARY KEY (languageId, mediaId)
);
INSERT INTO "Video" VALUES('arb','KOG_OT','arb','ar','مَلِكُ المـَجْد &#1777;',6435000,'https://player.vimeo.com/external/149968723.m3u8?s=3b2a4311fbee81192618de58a3a979f5898d7297','https://player.vimeo.com/external/149968723.hd.mp4?s=a4b3a5bf8e474c80114b07c6d89ee736f04c2eb5&profile_id=119','https://player.vimeo.com/external/149968723.hd.mp4?s=a4b3a5bf8e474c80114b07c6d89ee736f04c2eb5&profile_id=113',NULL,'https://player.vimeo.com/external/149968723.sd.mp4?s=04b9e1a71667ffc1407f3434796cbf19271932ae&profile_id=112','<p style="direction: rtl">إنَّ هذه الرِّحلة في الأسفار المقدَّسة وقصص الأنبياء تدعوك إلى التَّلاقي مع الله الواحد الحقيقيّ، وإلى فهم خُطَّته الرَّامية إلى إنقاذ رعاياه المتمرِّدين مِن مملكة الظُّلمة وتأهيلهم للعيش معه إلى أبد الآبدين في مملكته الَّتي هي مملكة نُور. وبسبب أسلوب الرَّاوي المـُشَوِّق، والمزج الرَّائع بين الصُّور والرُّسوم المتحرِّكة، فإنَّ هذا الفيلم مُناسب للمشاهدين مِن مُختلف الأعمار والبلدان.</p>

<p style="direction: rtl">مُدَّة الفيلم كاملاً هي 222 دقيقة، موزَّعة على 15 حلقة، ومقسَّمة إلى قسمين رئيسيّين:</p>

<p style="direction: rtl">1) العهد القديم: الـمَلِكُ يُعلن خُطَّته مُسَبَّقًا (الحلقات 1-8).
<br/>2) العهد الجديد: المـَلِكُ يُنَفِّذُ خُطَّته (الحلقات 9-15).</p>

<p style="text-align: center; direction:ltr">© 2017 ROCK International <span style="direction:rtl">حقوق الطَّبع محفوظة</span><br/>http://king-of-glory.com</p>');
INSERT INTO "Video" VALUES('arb','KOG_NT','arb','ar','مَلِكُ المـَجْد &#1778;',6898000,'https://player.vimeo.com/external/152110389.m3u8?s=fcf65847758713ddec1cb2af31d8d2fb6c19a758','https://player.vimeo.com/external/152110389.hd.mp4?s=63070ada4f263847f84d31cf125c6594565d1e47&profile_id=119','https://player.vimeo.com/external/152110389.hd.mp4?s=63070ada4f263847f84d31cf125c6594565d1e47&profile_id=174','https://player.vimeo.com/external/152110389.sd.mp4?s=6e52dc886efd2d7b4ed03e16d5ae2c77126e9bd6&profile_id=165','https://player.vimeo.com/external/152110389.sd.mp4?s=6e52dc886efd2d7b4ed03e16d5ae2c77126e9bd6&profile_id=164',NULL);
INSERT INTO "Video" VALUES('gax','KOG_OT','gax','om','HAYYU GUDDINNA •&nbsp;1',6435000,'https://player.vimeo.com/external/173955670.m3u8?s=5803c31f936769ec149cb040416b42149a19a945','https://player.vimeo.com/external/173955670.hd.mp4?s=07208c15ce70cce00b26e9ca9a3df15f43b572e8&profile_id=119','https://player.vimeo.com/external/173955670.hd.mp4?s=07208c15ce70cce00b26e9ca9a3df15f43b572e8&profile_id=174','https://player.vimeo.com/external/173955670.sd.mp4?s=e6fc97db5dc500d1d8d09eb1d10e7a2907fa8576&profile_id=165','https://player.vimeo.com/external/173955670.sd.mp4?s=e6fc97db5dc500d1d8d09eb1d10e7a2907fa8576&profile_id=164','<p>Imaltuni tunini ta t’aafi raagoota keesaa si d’ieesiti aka Waaqa d’ugaa tokochaani waldeete ammalle mala Isaa ka Inni warra isa dide mootumma dukana keesaa baaseni hubate ammalle dandeeti Inni warraa kenne aka warri haga jiru jireenna mootumma Isaa ta ifsa keesa jiraatani.  Kara odu nama heresiiftutiifi ammalle mulli fakeenna waan lubbu qabaatitiifi salema d’ugaatini, daawwini tunini ta nama laf irra jiru cufaatifi ta bara cufaa.</p>

<p>Daawwini tunini cufumaani haga daqiqa d’ibba lamaafi didami lamaati, ka daawwi kud’ani shani qabdu, ka ammalle fula jabdu lamati gargari qoodani:</p>

<p>Qoodi qara: Wald’aqiisa dullacha: Hayyuuni mala ufi duratu hime {Daawwi 1-8}
<br/>Qoodi lameeso: Wald’aqiisa haraa: Hayyuuni mala ufi muummesa {Daawwi 9-15}</p>

<p style="text-align: center">© 2017 ROCK International<br/>http://king-of-glory.com</p>
');
INSERT INTO "Video" VALUES('gax','KOG_NT','gax','om','HAYYU GUDDINNA •&nbsp;2',6898000,'https://player.vimeo.com/external/173955669.m3u8?s=ae3b327e3122df48aa048a9dff4a50c03adbf57d','https://player.vimeo.com/external/173955669.hd.mp4?s=dfd9e63b0cb7ea50141db033cdb117786089b133&profile_id=119','https://player.vimeo.com/external/173955669.hd.mp4?s=dfd9e63b0cb7ea50141db033cdb117786089b133&profile_id=174','https://player.vimeo.com/external/173955669.sd.mp4?s=c02b3375e0ed2aa348b3f851a714a1e9db332d17&profile_id=165','https://player.vimeo.com/external/173955669.sd.mp4?s=c02b3375e0ed2aa348b3f851a714a1e9db332d17&profile_id=164',NULL);
INSERT INTO "Video" VALUES('cmn','KOG_OT','cmn','zh','荣耀君王 • 旧约',6435000,'https://player.vimeo.com/external/152852034.m3u8?s=4a2b6bd91b3f2c9d4d47e8d28331aa0414a629d6','https://player.vimeo.com/external/152852034.hd.mp4?s=6dbd338bda1d61df477772aeed496f9063a40422&profile_id=119','https://player.vimeo.com/external/152852034.hd.mp4?s=6dbd338bda1d61df477772aeed496f9063a40422&profile_id=113','https://player.vimeo.com/external/152852034.sd.mp4?s=d4f8c203a901f5f913c1fc1e2ced828cd3081d95&profile_id=165','https://player.vimeo.com/external/152852034.sd.mp4?s=d4f8c203a901f5f913c1fc1e2ced828cd3081d95&profile_id=112','<p>《荣耀君王》有多种语言，中文版是制作单位完成的第三个版本（2016 年 1 月）。诚邀你进入这趟旅程，探索众先知所写、众经典所言，同来认识独一真神，明白他的大计—如何从黑暗国度将悖逆的子民拯救出来，令他们可以进入光明国度，永远与他同住。影片内容启发思考，附以动画及生活影片，广受全球不同年龄观众欢迎。</p>

<p>影片全长 222 分钟，共 15 集，分两大部份：</p>

<p>1.	旧约：君王预言他的大计（1 至 8 集）
<br/>2.	新约：君王实行他的大计（9 至 15 集）</p>

<p style="text-align: center">© 2017 ROCK International<br/>© 2017 基石國際事工<br/>http://king-of-glory.com</p>
');
INSERT INTO "Video" VALUES('cmn','KOG_NT','cmn','zh','荣耀君王 • 新约',6898000,'https://player.vimeo.com/external/152855232.m3u8?s=8233275d3d4fd2ee0d9b81b55f028db929df120e','https://player.vimeo.com/external/152855232.hd.mp4?s=6abf10c8abecd2370ec16b8fa975a85d6199c42c&profile_id=119','https://player.vimeo.com/external/152855232.hd.mp4?s=6abf10c8abecd2370ec16b8fa975a85d6199c42c&profile_id=174','https://player.vimeo.com/external/152855232.sd.mp4?s=3dbae18e70269cf448997234d03be164efc92a9b&profile_id=165','https://player.vimeo.com/external/152855232.sd.mp4?s=3dbae18e70269cf448997234d03be164efc92a9b&profile_id=164',NULL);
INSERT INTO "Video" VALUES('eng','KOG_OT','eng','en','KING of GLORY • Part&nbsp;1',6435000,'https://player.vimeo.com/external/157336122.m3u8?s=861d8aca0bddff67874ef38116d3bf5027474858','https://player.vimeo.com/external/157336122.hd.mp4?s=bb7107fd36c355801aa25b748c1466b602e7bc22&profile_id=119','https://player.vimeo.com/external/157336122.hd.mp4?s=bb7107fd36c355801aa25b748c1466b602e7bc22&profile_id=174','https://player.vimeo.com/external/157336122.sd.mp4?s=2afdee6f3fa948f0b5322db16f58383fcfdaf66f&profile_id=165',NULL,'<p>This intense journey into the Scriptures of the prophets invites you to meet the one true God and understand His plan to rescue His rebellious subjects from the kingdom of darkness and qualify them to live with Him forever in His kingdom of light. With insightful narration and beautiful mix of animation and live video, this film is for a worldwide audience of all ages.</p>

<p>The full movie is 222 minutes, grouped in 15 Episodes, and divided into two main parts:</p>

<p>Part 1. Old Testament: The King Foretells His Plan {Episodes 1-8}
<br/>Part 2. New Testament: The King Fulfills His Plan {Episodes 9-15}</p>

<p style="text-align: center">© 2017 ROCK International<br/>http://king-of-glory.com</p>





');
INSERT INTO "Video" VALUES('eng','KOG_NT','eng','en','KING of GLORY • Part&nbsp;2',6898000,'https://player.vimeo.com/external/157373759.m3u8?s=7cd19ce27a17c2a9fd005a7801f826b96bf42494','https://player.vimeo.com/external/157373759.hd.mp4?s=836fabf5bc3941f83120af98c017f20bff1a7615&profile_id=119','https://player.vimeo.com/external/157373759.hd.mp4?s=836fabf5bc3941f83120af98c017f20bff1a7615&profile_id=174','https://player.vimeo.com/external/157373759.sd.mp4?s=788c497c7c25002898dad7d0f2187cadfb6787e6&profile_id=165','https://player.vimeo.com/external/157373759.sd.mp4?s=788c497c7c25002898dad7d0f2187cadfb6787e6&profile_id=164',NULL);
INSERT INTO "Video" VALUES('fra','KOG_OT','fra','fr','Le ROI de GLOIRE • Partie&nbsp;1',6435000,'https://player.vimeo.com/external/200435481.m3u8?s=1d612754866e8731ba7ac49a1a528b9f14b9511b','https://player.vimeo.com/external/200435481.hd.mp4?s=7b77d5567405440cd2c96c1865b293a1fe92b690&profile_id=119','https://player.vimeo.com/external/200435481.hd.mp4?s=7b77d5567405440cd2c96c1865b293a1fe92b690&profile_id=174','https://player.vimeo.com/external/200435481.sd.mp4?s=e39da41cdae38659daba83d63edc1490f9799d04&profile_id=165','https://player.vimeo.com/external/200435481.sd.mp4?s=e39da41cdae38659daba83d63edc1490f9799d04&profile_id=164','<p>Ce voyage à travers les écrits des prophètes vous invite à faire connaissance avec le seul vrai dieu et à comprendre son plan pour secourir ses sujets rebelles du royaume des ténèbres et les rendre aptes à vivre avec lui pour toujours dans son royaume de lumière. Cette narration dynamique ainsi que ce beau mélange d’animation et d’images vidéo réelles conviennent à un auditoire mondial de tous âges.</p>

<p>Le film complet, qui dure 222 minutes, comprend 15 épisodes qui, eux, sont divisés en deux parties principales :</p>

<p>Partie 1. L’Ancien Testament : Le Roi Annonce Son Plan {Épisodes 1 à 8};
<br/>Partie 2. Le Nouveau Testament : Le Roi Accomplit Son Plan {Épisodes 9 à 15}.</p>

<p style="text-align: center">© 2017 ROCK International<br/>http://king-of-glory.com</p>
');
INSERT INTO "Video" VALUES('fra','KOG_NT','fra','fr','Le ROI de GLOIRE • Partie&nbsp;2',6898000,'https://player.vimeo.com/external/200466331.m3u8?s=404d624581bc1a9c519168bee205cd70bff507b1','https://player.vimeo.com/external/200466331.hd.mp4?s=b1278b1be54b5b249d7088596bb843f2144645b7&profile_id=119','https://player.vimeo.com/external/200466331.hd.mp4?s=b1278b1be54b5b249d7088596bb843f2144645b7&profile_id=174','https://player.vimeo.com/external/200466331.sd.mp4?s=74388b1513b0e10f0d27c0df6a118b166ff65518&profile_id=165','https://player.vimeo.com/external/200466331.sd.mp4?s=74388b1513b0e10f0d27c0df6a118b166ff65518&profile_id=164',NULL);
INSERT INTO "Video" VALUES('kor','KOG_OT','kor','ko','영광의 왕 •&nbsp;1',6435000,'https://player.vimeo.com/external/178631989.m3u8?s=f265a59a7bfb4b1039ea217d2bb8d625405d5d49','https://player.vimeo.com/external/178631989.hd.mp4?s=e37b1d188222d03756bfa070f5857946aea18147&profile_id=119','https://player.vimeo.com/external/178631989.hd.mp4?s=e37b1d188222d03756bfa070f5857946aea18147&profile_id=174','https://player.vimeo.com/external/178631989.sd.mp4?s=b0090ede9eb49d8b7014cdbb571c37184c9e1eb3&profile_id=165','https://player.vimeo.com/external/178631989.sd.mp4?s=b0090ede9eb49d8b7014cdbb571c37184c9e1eb3&profile_id=164','<p>이 성경 속으로의 여행은 여러분을 한 분이시며 참되신 하나님을 만나게 해 주며, 반역한 백성들을 그 어둠의 나라에서 구원하시는 계획을 이해하게 해 주고, 하나님의 빛의 왕국에서 영원토록 살 수 있도록 구비시켜 줄 것입니다.  흥미진진한 나레이션과 영감 있는 애니메이션의 환상적인 결합으로 만들어진 이 영상은 전 세계 모든 연령대가 시청할 수 있습니다.</p>

<p>전체 영화는 222분, 15개의 에피소드, 그리고 두 부분으로 나뉘어져 있습니다.</p>

<p>부분 1: 구약: 왕께서 자기 계획을 말씀하시다. (에피소드 1-8)
<br/>부분 2: 신약: 왕께서 자기 계획을 이루시다. (에피소드 9-15)</p>

<p style="text-align: center">© 2017 ROCK International<br/>http://king-of-glory.com</p>
');
INSERT INTO "Video" VALUES('kor','KOG_NT','kor','ko','영광의 왕 •&nbsp;2',6898000,'https://player.vimeo.com/external/178631988.m3u8?s=23929514d5e351045ae7063e497656af625a171f','https://player.vimeo.com/external/178631988.hd.mp4?s=550fe286763672666a24cd0b7970d93827e6639d&profile_id=119','https://player.vimeo.com/external/178631988.hd.mp4?s=550fe286763672666a24cd0b7970d93827e6639d&profile_id=174','https://player.vimeo.com/external/178631988.sd.mp4?s=fa0d195fe5eb81406e905544dc5c9605ba2beb75&profile_id=165','https://player.vimeo.com/external/178631988.sd.mp4?s=fa0d195fe5eb81406e905544dc5c9605ba2beb75&profile_id=164',NULL);
INSERT INTO "Video" VALUES('kir','KOG_OT','kir','ky','Даңк Падышасы • 1-чи',6435000,'https://player.vimeo.com/external/183908992.m3u8?s=5cf95047b8f7941ff0d384abdceaa2217be14240','https://player.vimeo.com/external/183908992.hd.mp4?s=f927cb54a6e2e50e76995d056830f30cf37b3505&profile_id=119','https://player.vimeo.com/external/183908992.hd.mp4?s=f927cb54a6e2e50e76995d056830f30cf37b3505&profile_id=174','https://player.vimeo.com/external/183908992.sd.mp4?s=a62f5bf09d4bba5891da23c88c87826c49593202&profile_id=165','https://player.vimeo.com/external/183908992.sd.mp4?s=a62f5bf09d4bba5891da23c88c87826c49593202&profile_id=164','<p>“Даңк Падышасы” тасмасы пайгамбарлардын Жазууларына саякат жүргүзүп, Бир гана Жараткан жалгыз Кудай менен жолугушууга чакырат. Кудай караңгылык падышачылыктан козголоңчул  элине куткаруу планын жеткиргиси келип жана Өзүнүн жарык падышачылыгында өмүр бою Аны менен бирге болууга жол ачты.  Кооз анимация сүрөттөмө жана видео менен коштолуп, дүйнөдөгү бардык адамдарга түшүнүктүү түрдө баяндалат.</p>

<p>Тасма толугу менен 222 мүнөт , 15 эпизод  жана эки негизги бөлүмдөн турат:</p>

<p>1-чи бөлүгү. Байыркы Келишим: Падыша Өз Планын алдын ала айтып келген {1-8 эпизод}
<br/>2-чи бөлүгү. Жаңы Келишим: Падыша Өз Планын аткарды {9-15 эпизод}</p>

<p style="text-align: center">© 2017 ROCK International<br/>http://king-of-glory.com</p>

');
INSERT INTO "Video" VALUES('kir','KOG_NT','kir','ky','Даңк Падышасы • 2-чи',6898000,'https://player.vimeo.com/external/183908993.m3u8?s=1d9fee23d30d258089d7fd8b129c686c26a7ec49','https://player.vimeo.com/external/183908993.hd.mp4?s=0cbb9faf49901abccccd7e97f37404e6a295f88e&profile_id=119','https://player.vimeo.com/external/183908993.hd.mp4?s=0cbb9faf49901abccccd7e97f37404e6a295f88e&profile_id=174','https://player.vimeo.com/external/183908993.sd.mp4?s=fb34c140d436860e968bd1af91c903dc5dfdeef9&profile_id=165','https://player.vimeo.com/external/183908993.sd.mp4?s=fb34c140d436860e968bd1af91c903dc5dfdeef9&profile_id=164',NULL);
INSERT INTO "Video" VALUES('som','KOG_OT','som','so','BOQORKA AMMAANTA •&nbsp;1',6435000,'https://player.vimeo.com/external/173984346.m3u8?s=b63ff54af12439d33d8988c5ff973c16bd96025b','https://player.vimeo.com/external/173984346.hd.mp4?s=b40a1474c466cee75c412b0f2c22d8dfb8b3180a&profile_id=119','https://player.vimeo.com/external/173984346.hd.mp4?s=b40a1474c466cee75c412b0f2c22d8dfb8b3180a&profile_id=174','https://player.vimeo.com/external/173984346.sd.mp4?s=25a690a4af2900f36723116abdcc0136b74a2c78&profile_id=165','https://player.vimeo.com/external/173984346.sd.mp4?s=25a690a4af2900f36723116abdcc0136b74a2c78&profile_id=164','<p>Safarkan ku dhex jira Qoraallada Nebiyada wuxuu kugu yeeri inaad la kulanto Ilaaha runta ah oo keliya iyo inaad fahamto Qorshehiisu inuu ka badbaadiyo Waddaniyiintiisa caasiga ah boqortooyada mugdiga ah inuuna qalmasiiyo inay weligood kula noolaadaan Isaga Boqortooyadiisa iftiinka ah. Iyada leh qiso ra’yi kacsan leh iyo qiiro dhaqdhaqaaq isku jira iyo fiidiyaw nool leh, filinkan waxaa loogu talagalay dhagaystayaal ka jira adduunka kasta ka mid ah cimri kasta.</p>

<p>Filinkii oo dhan wuxuu ka buuxa 222 daqiiqad, oo ka kooban 15 dhacdooyin, oo loo qaybiyay laba qaybood oo waawayn.</p>

<p>Qaybta 1. Axdigii Hore: Boqorka wuxuu sii sheegayaa Qorshehiisa {Dhacdooyinka 1-8}
<br/>Qaybta 2. Axdiga Cusub: Boqorka wuxuu fulinayaa Qorshehiisa {Dhacdooyinka 9-15}</p>

<p style="text-align: center">© 2017 ROCK International<br/>http://king-of-glory.com</p>
');
INSERT INTO "Video" VALUES('som','KOG_NT','som','so','BOQORKA AMMAANTA •&nbsp;2',6898000,'https://player.vimeo.com/external/174241318.m3u8?s=1a8cf4ea39c901cb91035c1c5c3b173e79bacddb','https://player.vimeo.com/external/174241318.hd.mp4?s=531309f9414a1df64c04d745fee76e8a380b9337&profile_id=119','https://player.vimeo.com/external/174241318.hd.mp4?s=531309f9414a1df64c04d745fee76e8a380b9337&profile_id=174','https://player.vimeo.com/external/174241318.sd.mp4?s=2aaf4152d116382745a52418ca4865f91c436204&profile_id=165','https://player.vimeo.com/external/174241318.sd.mp4?s=2aaf4152d116382745a52418ca4865f91c436204&profile_id=164',NULL);
INSERT INTO "Video" VALUES('spa','KOG_OT','spa','es','REY de GLORIA • Parte&nbsp;1',6435000,'https://player.vimeo.com/external/149206715.m3u8?s=4aa591ebb7c50dd3d0c4b4f9ae84c0fb49d16d6a','https://player.vimeo.com/external/149206715.hd.mp4?s=6be03123b6d9b7b18091d54179f77301f9bb352b&profile_id=119','https://player.vimeo.com/external/149206715.hd.mp4?s=6be03123b6d9b7b18091d54179f77301f9bb352b&profile_id=113',NULL,'https://player.vimeo.com/external/149206715.sd.mp4?s=5b99ace74dbb9a7aca7f566a0fb2e24171ba25b0&profile_id=112','<p>Rey de Gloria está siendo doblado a muchos idiomas. El español es el segundo en completarse (Enero 2016). Este viaje en las Escrituras de los Profetas te invita a conocer al único y verdadero Dios y entender Su plan para rescatar a sus rebeldes súbditos del Reino de las tinieblas y tener derecho a vivir con Él para siempre en Su reino de luz. Con su reflexión narrativa e inspirada mezcla de animación y video en vivo, esta película es para una audiencia mundial de todas las edades. Es para ti.</p>
 
<p>La película es de 222 minutos, agrupada en 15 Episodios y dividida en dos partes:</p>

<p>1.	Antiguo Testamento: El Rey Predice Su Plan (Episodios 1-8)
<br/>2.	Nuevo Testamento: El Rey Cumple Su Plan (Episodios 9-15)</p>
 
<p style="text-align: center">© 2017 ROCK International<br/>http://king-of-glory.com</p>


');
INSERT INTO "Video" VALUES('spa','KOG_NT','spa','es','REY de GLORIA • Parte&nbsp;2',6898000,'https://player.vimeo.com/external/149404650.m3u8?s=0280d359506f7bd2965eb2d921bceeeb53dfbd06','https://player.vimeo.com/external/149404650.hd.mp4?s=c590a5f3322cc4c05de8c4d69452cd35f510a731&profile_id=119','https://player.vimeo.com/external/149404650.hd.mp4?s=c590a5f3322cc4c05de8c4d69452cd35f510a731&profile_id=174','https://player.vimeo.com/external/149404650.sd.mp4?s=75ae144c18653fd5a944e112f2c9928c3aae5ea1&profile_id=165','https://player.vimeo.com/external/149404650.sd.mp4?s=75ae144c18653fd5a944e112f2c9928c3aae5ea1&profile_id=164',NULL);
INSERT INTO "Video" VALUES('swh','KOG_OT','swh','sw','MFALME wa UTUKUFU •&nbsp;1',6435000,'https://player.vimeo.com/external/173967926.m3u8?s=42301b8336fd594ad5877ee06f9202e075db4b64','https://player.vimeo.com/external/173967926.hd.mp4?s=cf0dc1c0de0d7ecd922593a437675f12c92b1b78&profile_id=119','https://player.vimeo.com/external/173967926.hd.mp4?s=cf0dc1c0de0d7ecd922593a437675f12c92b1b78&profile_id=174','https://player.vimeo.com/external/173967926.sd.mp4?s=0e51268ad641221ec65def7d0c89b2c9ceeed0f6&profile_id=165','https://player.vimeo.com/external/173967926.sd.mp4?s=0e51268ad641221ec65def7d0c89b2c9ceeed0f6&profile_id=164','<p>Safari hino kwenye maandiko matakatifu ya manabii yakualika ukutane na Mungu wa kweli na kuelewa mpango wake wa  kuwaokoa viumbe wake waasi kutoka ufalme wa giza na kuwawezesha kuishi naye milele kwenye ufalme wake wa nuru.  Kwa kutumia masimulizi ya kufikirisha yaliohuishwa kupitia katuni hai na video,filamu hii ni kwa ajili watu wote wa kila umri duniani.</p>

<p>Urefu wa filamu hii ni dakika 222 na imeainishwa  katika mfululizo wa matukio 15 na katika sehemu mbili  kuu:</p>

<p>Sehemu ya kwanza.Agano la kale:Ambapo mfalme huelezea mpango wake. {Matukio 1-8}
<br/>Sehemu ya pili:Agano jipya:Mfalme hutekeleza mpango wake. {Matukio 9-15}</p>

<p style="text-align: center">@ 2017 ROCK International<br/>http://king-of-glory.com</p>


');
INSERT INTO "Video" VALUES('swh','KOG_NT','swh','sw','MFALME wa UTUKUFU •&nbsp;2',6898000,'https://player.vimeo.com/external/173967925.m3u8?s=b94e814cf8cfe98141e5cf3b29d4cfff7a60568b','https://player.vimeo.com/external/173967925.hd.mp4?s=cc1df76cc90943f038723667a1f141099e639b43&profile_id=119','https://player.vimeo.com/external/173967925.hd.mp4?s=cc1df76cc90943f038723667a1f141099e639b43&profile_id=174','https://player.vimeo.com/external/173967925.sd.mp4?s=d285b7900ed0587d36ab3f9e1c5bf8f4e7e5a42b&profile_id=165','https://player.vimeo.com/external/173967925.sd.mp4?s=d285b7900ed0587d36ab3f9e1c5bf8f4e7e5a42b&profile_id=164',NULL);
INSERT INTO "Video" VALUES('tur','KOG_OT','tur','tr','YÜCELİK KRALI • Bölüm&nbsp;1',6435000,'https://player.vimeo.com/external/163785324.m3u8?s=e0b22d95ef5519c342714f17261288d3cff5518f','https://player.vimeo.com/external/163785324.hd.mp4?s=c61233553cc5de12e95dea4e549bb91dc8b43ed3&profile_id=119','https://player.vimeo.com/external/163785324.hd.mp4?s=c61233553cc5de12e95dea4e549bb91dc8b43ed3&profile_id=174','https://player.vimeo.com/external/163785324.sd.mp4?s=776d24cbaa83ac3397361ae87656da7491b38d67&profile_id=165','https://player.vimeo.com/external/163785324.sd.mp4?s=776d24cbaa83ac3397361ae87656da7491b38d67&profile_id=164','<p>Kutsal Yazılara yapılan bu yolculukta peygamberler sizi tek gerçek Tanrı ile tanışmaya ve isyankar halkını karanlığın egemenliğinden kurtarmak ve Kendisiyle birlikte ışığın egemenliğinde yaşayabilmelerini sağlayacak duruma getirmekle ilgili Tanrı''nın planlarını anlamaya davet etmektedirler.  Düşündürücü anlatımı ve esin verici animasyon ve canlı videosu ile bu dünya çapında tüm yaştan izleyicilerin izlemesine uygun bir filmdir.</p>

<p>Filmin tümü 222 dakikadır, 15 bölüm halinde gruplandırılmış ve iki ana bölüme ayrılmıştır:</p>

<p>1.Bölüm Eski Antlaşma: Kral Planını Önceden Anlatıyor {1-8 bölümler}
<br/>2.Bölüm Yeni Antlaşma: Kral Planını Gerçekleştiriyor {9-15 bölümler}</p>
 
<p style="text-align: center">© 2017 ROCK International<br/>http://king-of-glory.com</p>


');
INSERT INTO "Video" VALUES('tur','KOG_NT','tur','tr','YÜCELİK KRALI • Bölüm&nbsp2',6898000,'https://player.vimeo.com/external/167142525.m3u8?s=4683fe683ba599d80bf5f96336bb14c867e42486','https://player.vimeo.com/external/167142525.hd.mp4?s=ae06ff81d8b270d7526183fa029cf57dda3f5e6f&profile_id=119','https://player.vimeo.com/external/167142525.hd.mp4?s=ae06ff81d8b270d7526183fa029cf57dda3f5e6f&profile_id=174','https://player.vimeo.com/external/167142525.sd.mp4?s=021aecf122e11fc9930cacee78f072f39aa217f1&profile_id=165','https://player.vimeo.com/external/167142525.sd.mp4?s=021aecf122e11fc9930cacee78f072f39aa217f1&profile_id=164',NULL);
INSERT INTO "Video" VALUES('urd','KOG_OT','urd','ur','جلال کا بادشاہ &#1777;',6435000,'https://player.vimeo.com/external/185552298.m3u8?s=bd164f63140ee819c9ae8d3abbbc18f6f84e1348','https://player.vimeo.com/external/185552298.hd.mp4?s=90ca1e305c898a13817107f21a6787e3655feb7e&profile_id=119','https://player.vimeo.com/external/185552298.hd.mp4?s=90ca1e305c898a13817107f21a6787e3655feb7e&profile_id=174','https://player.vimeo.com/external/185552298.sd.mp4?s=c478d699e3b00d8985ac8afd1f2ef1277398f55b&profile_id=165','https://player.vimeo.com/external/185552298.sd.mp4?s=c478d699e3b00d8985ac8afd1f2ef1277398f55b&profile_id=164','<p style="direction: rtl">صحائف انبیاٗ کے اس سفر کے ذریعہ سے ہم آپ کی ملاقات سچے، واحد خدا سے کروائینگے تا کہ آپ ان کے منصوبہ کو سمجھ سکیں جو وہ تاریکی کی بادشاہت میں گرفتار اس کی باغی رعایا کی رہائی کے لئے رکھتا ہے اور انہیں اس قابل بناتا ہے کہ وہ اس کے ساتھ ، اسکی کی ابدی و نورانی بادشاہت میں سکونت کرسکیں۔ اپنی گہری ادراک اور اینی میشن اور لائیو ویڈیو ، یہ فلم دنیا  بھر میں ہر عمر کے لوگوں کی توجہ کی مستحق ہے۔</p>

<p style="direction: rtl">اس فلم کا دورانیہ ۲۲۲ منٹس ہے، جو پندرہ (۱۵) اقساط اور ۲ بنیادی حصوں پر مشتمل ہے :</p>

<p style="direction: rtl">پہلا حصہ : عہد عتیق یا پرانا عہد نامہ: بادشاہ کے منصوبہ کی پیشن گوئی از خود (اقساط ۱ تا ۱۸) 
<br/>دوسرا حصہ ۔ نیا عہد نامہ : بادشاہ اپنا منصوبہ کی تکمیل خود کرتا ہے۔ (اقساط ۔ ۹ تا ۱۵)</p>

<p style="text-align: center; direction: ltr">© 2017 ROCK International
<br/>http://king-of-glory.com</p>
');
INSERT INTO "Video" VALUES('urd','KOG_NT','urd','ur','جلال کا بادشاہ &#1778;',6898000,'https://player.vimeo.com/external/185553022.m3u8?s=ef239256e6490004f7681be9f4e799c3a04a00d4','https://player.vimeo.com/external/185553022.hd.mp4?s=cfbe29bb0f052979de129ff83a7e0634e1e40399&profile_id=119','https://player.vimeo.com/external/185553022.hd.mp4?s=cfbe29bb0f052979de129ff83a7e0634e1e40399&profile_id=174','https://player.vimeo.com/external/185553022.sd.mp4?s=a22a6b14f0d895e4ca49e509fefabc419207464b&profile_id=165','https://player.vimeo.com/external/185553022.sd.mp4?s=a22a6b14f0d895e4ca49e509fefabc419207464b&profile_id=164',NULL);
INSERT INTO "Video" VALUES('uzb','KOG_OT','uzb','uz','УЛУҒВОР ПОДШОҲ • I‑Қисм',6435000,'https://player.vimeo.com/external/148868274.m3u8?s=d1d267702397342049b674ef27e8f9f74b3284b8','https://player.vimeo.com/external/148868274.hd.mp4?s=a58b89688db79ce39c328a869bea163ebfb8d7d7&profile_id=119','https://player.vimeo.com/external/148868274.hd.mp4?s=a58b89688db79ce39c328a869bea163ebfb8d7d7&profile_id=113',NULL,'https://player.vimeo.com/external/148868274.sd.mp4?s=c870fde79fdbaa79f891ecffcf9cfb53642c7a78&profile_id=112','<p>Payg’ambarlarning Bitiklariga bo’lgan ushbu sayohat sizni haqiqiy yagona Xudo bilan uchrashishga taklif qilgan holda, O’zining isyonkor fuqarolarini qanday qilib qorong’ilik shohligidan qutqarib olib, O’zi bilan birga yorug’lik shohligida abadiy yashashga noil qilishi haqidagi rejasini tushuntiradi. Bu film butun dunyodagi barcha yosh vakillariga mo’ljallangan bo’lib, u animatsiya bilan jonli videoning ilhom bilan birlashtirilishi orqali hikoya qilinadi va insonlarni fikrlashga chorlaydi.</p>

<p>Butun film 222 daqiqa davom etadi. U hammasi bo’lib 15ta ko’rinishdan iborat va bu ko’rinishlar ikkita asosiy bo’limga ajratilgan, ya’ni ular:</p>

<p>1.	Eski Ahd: Podshoh O’z rejasini oldindan bildiradi  {1-8 Ko’rinishlar}
<br/>2.	Yangi Ahd: Podshoh O’z rejasini amalga oshiradi {9-15 Ko’rinishlar}</p>

<p style="text-align: center">© 2017 ROCK International<br/>http://king-of-glory.com</p>');
INSERT INTO "Video" VALUES('uzb','KOG_NT','uzb','uz','УЛУҒВОР ПОДШОҲ • II‑Қисм',6898000,'https://player.vimeo.com/external/148965828.m3u8?s=9a3fec42ea88bbbbe8aae3386483a7fae39cd137','https://player.vimeo.com/external/148965828.hd.mp4?s=d868a4dd46c173d6e7f5437e34a521f48eceefd6&profile_id=119','https://player.vimeo.com/external/148965828.hd.mp4?s=d868a4dd46c173d6e7f5437e34a521f48eceefd6&profile_id=174','https://player.vimeo.com/external/148965828.sd.mp4?s=4dda25a64dbd551c99e81d14bc2aa781bede4e09&profile_id=165','https://player.vimeo.com/external/148965828.sd.mp4?s=4dda25a64dbd551c99e81d14bc2aa781bede4e09&profile_id=164',NULL);
INSERT INTO "Video" VALUES('wol','KOG_OT','wol','wo','BUURU NDAM • Xaaj&nbsp;1',6435000,'https://player.vimeo.com/external/204249314.m3u8?s=39ecc8eb4862b0453b696d56319fdabbe8e81c42','https://player.vimeo.com/external/204249314.hd.mp4?s=7f12fcc320d71d1f48769726ab71be178d4538d1&profile_id=119','https://player.vimeo.com/external/204249314.hd.mp4?s=7f12fcc320d71d1f48769726ab71be178d4538d1&profile_id=174','https://player.vimeo.com/external/204249314.sd.mp4?s=86c697dd902666d6759b04f6e7a02717b27e0270&profile_id=165','https://player.vimeo.com/external/204249314.sd.mp4?s=86c697dd902666d6759b04f6e7a02717b27e0270&profile_id=164','<p>Lii di ab tukki ci biir mbindi yonent yi dafa len di woo ci xamanteek jenn Yàlla ji am kepp te di dëgg. Te it ngeen xam pexeem mi Mu tëral ngir wallu surgaam yi fippu ba tàbbi ci nguurug lëndëm gi. Noonu, ñu mëna dundandook Moom ba fàww ca nguurug leeram ga. Nii ñu ko nettalee mu xumb ak nataal yeek «wideyo» yu taaru yi di lu nekk, dafa dëppook ‘seetaankati’ àddina sépp ak nu seeni at mëna tollu.</p>

<p>Film bi lépp, tollu na ci 222 simili, mu nekk 15 dogat yu, ñoom ci seen bopp, defees na leen ñaari xaaj yu mag :</p>

<p>Xaaj 1. Kóllëre gu jëkk gi : Buur bi yégle na Pexeem {dogat 1 ba 8} 
<br/>Xaaj 2. Kóllëre gu bees gi : Buur bi matal na pexeem {dogat 9 à 15}.</p>

<p style="text-align: center">© 2017 ROCK International<br/>http://king-of-glory.com</p>

');
INSERT INTO "Video" VALUES('wol','KOG_NT','wol','wo','BUURU NDAM • Xaaj&nbsp;2',6898000,'https://player.vimeo.com/external/204419670.m3u8?s=8168e1e171e6ee6e3092f815ee305fb2048f5972','https://player.vimeo.com/external/204419670.hd.mp4?s=ed3e182678f2a46dc45d395847fd856241f34732&profile_id=119','https://player.vimeo.com/external/204419670.hd.mp4?s=ed3e182678f2a46dc45d395847fd856241f34732&profile_id=174','https://player.vimeo.com/external/204419670.sd.mp4?s=8c0e8762a7321617ec373a8b083ea896f694188d&profile_id=165','https://player.vimeo.com/external/204419670.sd.mp4?s=8c0e8762a7321617ec373a8b083ea896f694188d&profile_id=164',NULL);
INSERT INTO "Video" VALUES('dje','KOG_OT','dje','dje','BOŊKOONI DARZANTA •&nbsp;1',6435000,'https://player.vimeo.com/external/183394231.m3u8?s=0bfe5e9258c8e536ebfc5a23586737c25598df9e','https://player.vimeo.com/external/183394231.hd.mp4?s=915551eb5f1486a2a8aa997b02c13b1527898f6e&profile_id=119','https://player.vimeo.com/external/183394231.hd.mp4?s=915551eb5f1486a2a8aa997b02c13b1527898f6e&profile_id=174','https://player.vimeo.com/external/183394231.sd.mp4?s=afd9be8096eff73b11eb4ac36c74f261abd8b685&profile_id=165','https://player.vimeo.com/external/183394231.sd.mp4?s=afd9be8096eff73b11eb4ac36c74f261abd8b685&profile_id=164',NULL);
INSERT INTO "Video" VALUES('dje','KOG_NT','dje','dje','BOŊKOONI DARZANTA •&nbsp;2',6898000,'https://player.vimeo.com/external/183394230.m3u8?s=9b91955e93a855ec9a6de37a90ffcc35334182f0','https://player.vimeo.com/external/183394230.hd.mp4?s=8586890f0653dfaff55ee2d6bfe7a4e198309f54&profile_id=119','https://player.vimeo.com/external/183394230.hd.mp4?s=8586890f0653dfaff55ee2d6bfe7a4e198309f54&profile_id=174','https://player.vimeo.com/external/183394230.sd.mp4?s=9b91f5b1dd89a784cdbee9c4e40802c3a05de14a&profile_id=165','https://player.vimeo.com/external/183394230.sd.mp4?s=9b91f5b1dd89a784cdbee9c4e40802c3a05de14a&profile_id=164',NULL);
INSERT INTO "Video" VALUES('5541','1_cl-0-0','srp','sr','The Story of JESUS for Children',3679829,'https://arc.gt/56i0e?apiSessionId=59a983b6720187.85079607','https://arc.gt/xwfbk?apiSessionId=59a983b6c69832.85920131','https://arc.gt/g032y?apiSessionId=59a983b6c69832.85920131','https://arc.gt/gsao2?apiSessionId=59a983b6c69832.85920131','https://arc.gt/frkmk?apiSessionId=59a983b6c69832.85920131',NULL);
INSERT INTO "Video" VALUES('5541','1_jf-0-0','srp','sr','JESUS',7673754,'https://arc.gt/8joh5?apiSessionId=59a983b7b3b8f9.90591473','https://arc.gt/5lqru?apiSessionId=59a983b841b240.12760724','https://arc.gt/srfwv?apiSessionId=59a983b841b240.12760724','https://arc.gt/tkkj7?apiSessionId=59a983b841b240.12760724','https://arc.gt/4esbm?apiSessionId=59a983b841b240.12760724',NULL);
INSERT INTO "Video" VALUES('22658','1_cl-0-0','arb','ar','قصة يسوع للأطفال',3679829,'https://arc.gt/nk1g0?apiSessionId=59a983ba07b2c7.89060251','https://arc.gt/812l3?apiSessionId=59a983ba798767.03913070','https://arc.gt/qdbye?apiSessionId=59a983ba798767.03913070','https://arc.gt/3uk6u?apiSessionId=59a983ba798767.03913070','https://arc.gt/pzfkq?apiSessionId=59a983ba798767.03913070','في القرن الاول، تقابل مجموعة من الاطفال معا ليتحدثوا عن الذي رأوه وسمعوه عن يسوع. البعض يؤمن ان يسوع هو ابن الله. لكن اخرين يظنون انه قد يكون مجرد خادعا للناس.
 
تبع الأطفال يسوع في كل الأنحاء، شاهدوا معجزاته، واستمعوا الي تعليمه. يسوع أقام بنت من الاموات، نادي أشخاص غير كاملين ليتبعوه كجابي الضرائب، علم ان يكون كل واحد طيب وعطوف مع بعضهم البعض، وسمح للمرأة ان تغسل قدميه بالدموع. علم بأمثال لم يفهمها احد حقيقة، هدئ عاصفة قوية، أعطي بصر للعميان، وساعد هؤلاء الذين لا يري احد انهم انهم يستحقون المساعدة. لقد بين للأطفال طريقة رائعة وقوية وحسنة للحياة . بينجامين وسارة يتكلموا الي الأطفال الذين يشاهدون قصتهم عن يسوع وماذا يعني ان يؤمنوا بمن يكون هو وان يقبلوه كمخلصهم. 

');
INSERT INTO "Video" VALUES('22658','1_jf-0-0','arb','ar','فيلم يسوع',7673754,'https://arc.gt/kd97b?apiSessionId=59a983bb66b681.50657235','https://arc.gt/5z1fs?apiSessionId=59a983bbee5512.54024073','https://arc.gt/idbr3?apiSessionId=59a983bbee5512.54024073','https://arc.gt/7jcdm?apiSessionId=59a983bbee5512.54024073','https://arc.gt/9uxo8?apiSessionId=59a983bbee5512.54024073','هذا الفيلم مقدمة كاملة ليسوع من خلال إنجيل لوقا. كان يسوع دائما يفاجىء ويبهر الناس، من ميلاده المعجزي الي قيامته من القبر. تابع حياته خلال خبراء من إنجيل لوقا، كل المعجزات، والتعاليم، والمشاعر.  

لقد خلق الله كل شيء وأحب الانسان. لكن الانسان عصى الله. الله والإنسان اصبحا منفصلين، لكن الله يحب الانسان جدا، ورتب الله الفداء للإنسان. أرسل الله ابنه يسوع ليكون الفداء الكامل ليعمل المصالحة لنا. 

قبل وصول يسوع، الله أعد الانسان. أنبياء يتحدثون عن الميلاد، الحياة، وموت يسوع. 

يسوع يلفت الانتباه. يعلم بأمثال لا يفهمها احد، يعطي بصر للعميان ويساعد كل الذين لا يري الآخرين انهم يستحقون المساعدة. 

لقد أرهب زعماء اليهود، لقد رأوه كتهديد لهم. لذلك رتبوا من خلال يهوذا الخائن والحكام الرومان لصلب يسوع. هم يظنون ان الموضوع انتهى. لكن النساء اللواتي كن يخدمن يسوع اكتشفن ان القبر فارغ. ارتعب التلاميذ . عند ظهور يسوع، شكوا انه حقيقي. ولكن هذا ما ادَّعاه طول الوقت: هو الفداء الكامل، مخلصهم، انتصر علي الموت. صعد الي السماء، قائلا لاتباعه ان يخبروا الآخرين عنه وعن تعاليمه.
');
INSERT INTO "Video" VALUES('22658','1_wl-0-0','arb','ar','المجدلية - نسخة المخرج',4951981,'https://arc.gt/68b23?apiSessionId=59a983bcf18d11.95849755','https://arc.gt/m0p9r?apiSessionId=59a983bd51dbf9.85770187','https://arc.gt/4crng?apiSessionId=59a983bd51dbf9.85770187','https://arc.gt/qp9fa?apiSessionId=59a983bd51dbf9.85770187','https://arc.gt/044kr?apiSessionId=59a983bd51dbf9.85770187','المجدلية، فيلم صنع خصيصا من اجل السيدات، بشارك انجيل ومحبة الله بطريقة رائعة، يشجع السيدات على التفاعل القلبي ويدفع لتغيير في حياتهن وابديتهن.

قصة للتغيير، الحرية والهدف، تقدم محبة يسوع للمرأة وتقدم سجل لمعاملاته معهن، كما رأته عيون المجدلية.');
INSERT INTO "Video" VALUES('529','1_cl-0-0','eng','en','The Story of JESUS for Children',3679829,'https://arc.gt/qct7f?apiSessionId=59a983beb167e7.35932300','https://arc.gt/nd80k?apiSessionId=59a983bf0c7b11.92367136','https://arc.gt/guw1l?apiSessionId=59a983bf0c7b11.92367136','https://arc.gt/1zdlr?apiSessionId=59a983bf0c7b11.92367136','https://arc.gt/hy27o?apiSessionId=59a983bf0c7b11.92367136','In the first century, a group of children meet together to talk about what they''ve seen and heard about Jesus. Some believe Jesus is the Son of God. But others think Jesus may just be tricking the people.

The children follow Jesus around, witness His miracles, and listen to Him teach. Jesus raises a girl from the dead, calls imperfect people like tax collectors to follow Him, teaches everyone to be kind and gracious to each other, and lets a woman wash His feet with tears. He teaches in parables no one really understands, calms a raging storm, gives sight to the blind, and helps those who no one sees as worth helping. He shows the children an amazing, powerful, and kind way to live. Benjamin and Sarah talk to the children watching their story about Jesus and what it means to believe who He is and accept Him as their Savior.');
INSERT INTO "Video" VALUES('529','1_jf-0-0','eng','en','JESUS',7673754,'https://arc.gt/6u3oe?apiSessionId=59a983c003ba22.63535990','https://arc.gt/2r4bc?apiSessionId=59a983c08ae575.90037044','https://arc.gt/1o7n7?apiSessionId=59a983c08ae575.90037044','https://arc.gt/1e62h?apiSessionId=59a983c08ae575.90037044','https://arc.gt/0qnmc?apiSessionId=59a983c08ae575.90037044','This film is a perfect introduction to Jesus through the Gospel of Luke. Jesus constantly surprises and confounds people, from His miraculous birth to His rise from the grave. Follow His life through excerpts from the Book of Luke, all the miracles, the teachings, and the passion. 

God creates everything and loves mankind. But mankind disobeys God. God and mankind are separated, but God loves mankind so much, He arranges redemption for mankind. He sends his Son Jesus to be a perfect sacrifice to make amends for us.

Before Jesus arrives, God prepares mankind. Prophets speak of the birth, the life, and the death of Jesus.

Jesus attracts attention. He teaches in parables no one really understands, gives sight to the blind, and helps those who no one sees as worth helping.

He scares the Jewish leaders, they see him as a threat. So they arrange, through Judas the traitor and their Roman oppressors, for the crucifixion of Jesus. They think the matter is settled. But the women who serve Jesus discover an empty tomb. The disciples panic. When Jesus appears, they doubt He''s real. But it''s what He proclaimed all along: He is their perfect sacrifice, their Savior, victor over death. He ascends to heaven, telling His followers to tell others about Him and His teachings.');
INSERT INTO "Video" VALUES('529','1_wl-0-0','eng','en','Magdalena - Extended Edition',4951981,'https://arc.gt/kbq4g?apiSessionId=59a983c17cc4e7.16391256','https://arc.gt/gdigo?apiSessionId=59a983c1d60853.34234346','https://arc.gt/t89vk?apiSessionId=59a983c1d60853.34234346','https://arc.gt/ief9j?apiSessionId=59a983c1d60853.34234346','https://arc.gt/ft7zg?apiSessionId=59a983c1d60853.34234346','Magdalena, a film made especially for women, beautifully shares God''s love and the gospel, engaging women at the heart level with the potential of changing their lives for eternity.

A story of tenderness, freedom and purpose, it portrays Jesus'' compassion for women and historical accounts of His interactions with them, as seen through the eyes of Mary Magdalene.');
INSERT INTO "Video" VALUES('21046','1_cl-0-0','spa','es','La Historia de Jesús para Niños',3679829,'https://arc.gt/t8t3w?apiSessionId=59a983c34c9a16.20496930','https://arc.gt/gmodf?apiSessionId=59a983c3a74605.55743087','https://arc.gt/e1es4?apiSessionId=59a983c3a74605.55743087','https://arc.gt/rlxg5?apiSessionId=59a983c3a74605.55743087','https://arc.gt/s6qhs?apiSessionId=59a983c3a74605.55743087','En el primer siglo, un grupo de niños se reúnen para hablar de lo que han visto y escuchado sobre Jesús. Algunos creen que Jesús es el Hijo de Dios. Pero otros creen que Jesús podría estar engañando a la gente.

Los niños se la pasan siguiendo a Jesús, atestiguando Sus milagros y escuchándolo enseñar. Jesús levanta a una niña de la muerte, invita a imperfectos como cobradores de impuestos a seguirlo, enseña a todos a ser amables y corteses entre ellos, y permite a una mujer lavar Sus pies con lágrimas. Enseña en parábolas que nadie entiende realmente, calma una tormenta intensa, le da vista a los ciegos y ayuda aquellos a quien nadie ve dignos de ayudar. Les enseña a los niños una increíble, poderosa y amable manera de vivir. Benjamin y Sarah hablan con los niños viendo su historia sobre Jesús y sobre lo que significa aceptar quien es y aceptarlo como su Salvador.');
INSERT INTO "Video" VALUES('21046','1_jf-0-0','spa','es','JESÚS',7673754,'https://arc.gt/83jnj?apiSessionId=59a983c4975858.47670549','https://arc.gt/eu7pl?apiSessionId=59a983c52dc120.41241493','https://arc.gt/08ccb?apiSessionId=59a983c52dc120.41241493','https://arc.gt/yqfqv?apiSessionId=59a983c52dc120.41241493','https://arc.gt/90hr1?apiSessionId=59a983c52dc120.41241493','Esta película es una introducción perfecta a Jesús a través del Evangelio de Lucas. Jesús constantemente sorprende y confunde a la gente desde Su nacimiento milagroso hasta Su levantamiento de la tumba. Sigue Su vida a través de extractos del Libro de Lucas; todos los milagros, las enseñanzas y la pasión.

Dios crea todo y ama a la humanidad. Pero la humanidad desobedece a Dios. Dios y la humanidad están separados pero Dios ama tanto a la humanidad que prepara la redención para la humanidad. Envía a Su hijo Jesús para ser el sacrificó perfecto para enmendarnos.

Antes de la llegada de Jesús, Dios prepara a la humanidad. Profetas hablan sobre el nacimiento, la vida y la muerte de Jesús.

Jesús llama la atención. Él enseña en parábolas que nadie entiende realmente, le devuelve la vista a los ciegos y ayuda a aquellos que nadie considera dignos de ayudar.

Espanta a los líderes Judíos que lo ven como una amenaza. Así que a través de Judas el traidor y sus opresores Romanos planean la crucifixión de Jesús. Ellos piensan que el asunto se resolvió. Pero cuando la mujer que atiende a Jesús descubre la tumba vacía los discípulos entran en pánico. Cuando Jesús aparece, ellos dudan que sea real. Pero es lo que Él proclamó todo el tiempo. Él es su sacrificio perfecto, su salvador, victorioso sobre la muerte. Él asciende al cielo diciéndole a Sus seguidores que les cuenten a otros sobre Él y Sus enseñanzas.');
INSERT INTO "Video" VALUES('21046','1_wl-0-0','spa','es','Magdalena',4951981,'https://arc.gt/z4kai?apiSessionId=59a983c62f4c18.71479196','https://arc.gt/9pldt?apiSessionId=59a983c69a8826.33798191','https://arc.gt/evcoz?apiSessionId=59a983c69a8826.33798191','https://arc.gt/sel3a?apiSessionId=59a983c69a8826.33798191','https://arc.gt/dc2ui?apiSessionId=59a983c69a8826.33798191','Magdalena, una película creada específicamente para mujeres, comparte de manera hermosa el amor de Dios y el evangelio, conectándose a ellas con el corazón con el potencial de cambiar sus vidas para la eternidad.

Una historia de sensibilidad, libertad y propósito, nos demuestra la compasión de Jesús por las mujeres y hechos históricos de Sus interacciones con ellas, tal y como se vio desde los ojos de María Magdalena.');
INSERT INTO "Video" VALUES('20615','1_cl-0-0','cmn','zh','为孩子的耶稣的故事',3679829,'https://arc.gt/tph81?apiSessionId=59a983c834dcb6.43153382','https://arc.gt/l6l39?apiSessionId=59a983c89cb0c6.22736005','https://arc.gt/04wsa?apiSessionId=59a983c89cb0c6.22736005','https://arc.gt/ptkqv?apiSessionId=59a983c89cb0c6.22736005','https://arc.gt/gzz60?apiSessionId=59a983c89cb0c6.22736005','在第一世纪时，一群小孩聚在一起谈论关於对耶稣所见和所听的事，有些人相信耶稣是神的儿子，但其他人觉得耶稣是在玩弄人们。

小孩们伴随在耶稣的左右，见证祂行的神迹，和聆听祂的教导。耶稣叫女孩从死里复活、呼唤不完美的人如税吏去跟随祂、教导每个人对其他人仁慈和亲切和让女人用眼泪为祂洗脚。祂利用无人明白的比喻去教导、使强烈的风暴冷静下来、使瞎子看见和帮助那些被人认为不值得帮的人。祂让孩子们看见奇妙的、充满力量的和仁慈的方法去生活。便雅悯和莎拉跟那些正在看故事的小朋友们谈论耶稣，和谈论相信祂是谁，并接受祂是他们的救主有什么意义。');
INSERT INTO "Video" VALUES('20615','1_jf-0-0','cmn','zh','耶稣',7673754,'https://arc.gt/27xu7?apiSessionId=59a983c981ae51.13940565','https://arc.gt/98g6h?apiSessionId=59a983ca139346.65484320','https://arc.gt/p2vx4?apiSessionId=59a983ca139346.65484320','https://arc.gt/wrkct?apiSessionId=59a983ca139346.65484320','https://arc.gt/sayxq?apiSessionId=59a983ca139346.65484320','这套电影引用了路加福音来对耶稣做了一个完美的介绍。由奇迹的出生到从坟墓里复活，耶稣不断地给人们惊喜和混乱。透过路加福音的摘要、所有的神迹、教导和热情来跟随耶稣的生活。

神创造万物和爱世人，但世人不服从神；神和世人相隔，但神实在很爱世人，祂为世人安排了救赎。祂派遣祂的儿子耶稣作出完美的牺牲使我们改过自新。

耶稣到来之前，神为世人作准备，安排先知预言耶稣的出生，生活和过世。

耶稣吸引了人们的目光，祂教导无人明白的比喻，使瞎子看见和帮助那些人们认为不值得帮助的人。

祂使犹太人的领袖感到可怕，他们视耶稣是个威胁。因此，他们透过犹大的出卖和罗马的反对派来安排耶稣钉十字架。他们认为一切都完结了，但侍奉耶稣的妇女发现空洞的墓穴。门徒们也惊慌了，当耶稣出现时，他们怀疑祂是否真实的。但这些都是祂宣称的：祂是他们完美的牺牲，他们的救主，战胜了死亡。祂升了上天国，教导祂的跟随者去宣扬祂和祂的教导。');
INSERT INTO "Video" VALUES('20615','1_wl-0-0','cmn','zh','莫大拉-导演的剪辑',4951981,'https://arc.gt/i13k5?apiSessionId=59a983cb092264.46171747','https://arc.gt/l2nxz?apiSessionId=59a983cb63bbd3.79027174','https://arc.gt/qxj5v?apiSessionId=59a983cb63bbd3.79027174','https://arc.gt/dhcpt?apiSessionId=59a983cb63bbd3.79027174','https://arc.gt/jx4m0?apiSessionId=59a983cb63bbd3.79027174','抹大拉的马利亚，一出专为女性而制作的电影，华丽地分享了神的爱和福音，利用能够有机会永恒地改变她们生命的方式来与女性的心灵连接起来。

一个关於柔情，自由和旨意的故事，它描绘了从抹大拉的马利亚眼中，耶稣对女性的同情，和衪与她们在历史上记述的接触。');
INSERT INTO "Video" VALUES('21028','1_cl-0-0','spa','es','La Historia de Jesús para Niños',3679829,'https://arc.gt/l7kcn?apiSessionId=59a983cca39eb9.42524291','https://arc.gt/82g0u?apiSessionId=59a983cd0997b6.95231230','https://arc.gt/2esxq?apiSessionId=59a983cd0997b6.95231230','https://arc.gt/xxn1v?apiSessionId=59a983cd0997b6.95231230','https://arc.gt/gnddm?apiSessionId=59a983cd0997b6.95231230','En el primer siglo, un grupo de niños se reúnen para hablar de lo que han visto y escuchado sobre Jesús. Algunos creen que Jesús es el Hijo de Dios. Pero otros creen que Jesús podría estar engañando a la gente.

Los niños se la pasan siguiendo a Jesús, atestiguando Sus milagros y escuchándolo enseñar. Jesús levanta a una niña de la muerte, invita a imperfectos como cobradores de impuestos a seguirlo, enseña a todos a ser amables y corteses entre ellos, y permite a una mujer lavar Sus pies con lágrimas. Enseña en parábolas que nadie entiende realmente, calma una tormenta intensa, le da vista a los ciegos y ayuda aquellos a quien nadie ve dignos de ayudar. Les enseña a los niños una increíble, poderosa y amable manera de vivir. Benjamin y Sarah hablan con los niños viendo su historia sobre Jesús y sobre lo que significa aceptar quien es y aceptarlo como su Salvador.');
INSERT INTO "Video" VALUES('21028','1_jf-0-0','spa','es','JESÚS',7673754,'https://arc.gt/rais2?apiSessionId=59a983cd9ea282.77794868','https://arc.gt/fm2gg?apiSessionId=59a983ce439957.91392204','https://arc.gt/wh5az?apiSessionId=59a983ce439957.91392204','https://arc.gt/i03jl?apiSessionId=59a983ce439957.91392204','https://arc.gt/bpdi9?apiSessionId=59a983ce439957.91392204','Esta película es una introducción perfecta a Jesús a través del Evangelio de Lucas. Jesús constantemente sorprende y confunde a la gente desde Su nacimiento milagroso hasta Su levantamiento de la tumba. Sigue Su vida a través de extractos del Libro de Lucas; todos los milagros, las enseñanzas y la pasión.

Dios crea todo y ama a la humanidad. Pero la humanidad desobedece a Dios. Dios y la humanidad están separados pero Dios ama tanto a la humanidad que prepara la redención para la humanidad. Envía a Su hijo Jesús para ser el sacrificó perfecto para enmendarnos.

Antes de la llegada de Jesús, Dios prepara a la humanidad. Profetas hablan sobre el nacimiento, la vida y la muerte de Jesús.

Jesús llama la atención. Él enseña en parábolas que nadie entiende realmente, le devuelve la vista a los ciegos y ayuda a aquellos que nadie considera dignos de ayudar.

Espanta a los líderes Judíos que lo ven como una amenaza. Así que a través de Judas el traidor y sus opresores Romanos planean la crucifixión de Jesús. Ellos piensan que el asunto se resolvió. Pero cuando la mujer que atiende a Jesús descubre la tumba vacía los discípulos entran en pánico. Cuando Jesús aparece, ellos dudan que sea real. Pero es lo que Él proclamó todo el tiempo. Él es su sacrificio perfecto, su salvador, victorioso sobre la muerte. Él asciende al cielo diciéndole a Sus seguidores que les cuenten a otros sobre Él y Sus enseñanzas.');
INSERT INTO "Video" VALUES('21028','1_wl-0-0','spa','es','Magdalena',4951981,'https://arc.gt/e2zpf?apiSessionId=59a983cf1a12d8.80101627','https://arc.gt/7fc9h?apiSessionId=59a983cf7ab4d3.43366842','https://arc.gt/2eoa2?apiSessionId=59a983cf7ab4d3.43366842','https://arc.gt/ytubh?apiSessionId=59a983cf7ab4d3.43366842','https://arc.gt/97syy?apiSessionId=59a983cf7ab4d3.43366842','Magdalena, una película creada específicamente para mujeres, comparte de manera hermosa el amor de Dios y el evangelio, conectándose a ellas con el corazón con el potencial de cambiar sus vidas para la eternidad.

Una historia de sensibilidad, libertad y propósito, nos demuestra la compasión de Jesús por las mujeres y hechos históricos de Sus interacciones con ellas, tal y como se vio desde los ojos de María Magdalena.');
INSERT INTO "Video" VALUES('12876','1_cl-0-0','ukr','uk','The Story of JESUS for Children',3679829,'https://arc.gt/nfs1c?apiSessionId=59a983d0e897d0.62864140','https://arc.gt/necuy?apiSessionId=59a983d1576758.26359025','https://arc.gt/1xxob?apiSessionId=59a983d1576758.26359025','https://arc.gt/p1vlj?apiSessionId=59a983d1576758.26359025','https://arc.gt/4hgyn?apiSessionId=59a983d1576758.26359025',NULL);
INSERT INTO "Video" VALUES('12876','1_jf-0-0','ukr','uk','JESUS',7673754,'https://arc.gt/oh6u1?apiSessionId=59a983d24cb296.24367442','https://arc.gt/ij1n7?apiSessionId=59a983d2df7288.66438054','https://arc.gt/ridsl?apiSessionId=59a983d2df7288.66438054','https://arc.gt/cry2s?apiSessionId=59a983d2df7288.66438054','https://arc.gt/2avcr?apiSessionId=59a983d2df7288.66438054',NULL);
INSERT INTO "Video" VALUES('12876','1_wl-0-0','ukr','uk','Magdalena - Extended Edition',4951981,'https://arc.gt/lwybb?apiSessionId=59a983d3dfb582.03174719','https://arc.gt/h653w?apiSessionId=59a983d4559f64.55428220','https://arc.gt/kqytg?apiSessionId=59a983d4559f64.55428220','https://arc.gt/sxzg5?apiSessionId=59a983d4559f64.55428220','https://arc.gt/5ze2t?apiSessionId=59a983d4559f64.55428220',NULL);
INSERT INTO "Video" VALUES('23221','1_cl-0-0','cmn','zh','为孩子的耶稣的故事',3679829,'https://arc.gt/18qd9?apiSessionId=59a983d5624708.30230609','https://arc.gt/o4b39?apiSessionId=59a983d5bbf285.05784700','https://arc.gt/o6vk1?apiSessionId=59a983d5bbf285.05784700','https://arc.gt/zuj5w?apiSessionId=59a983d5bbf285.05784700','https://arc.gt/mrsa7?apiSessionId=59a983d5bbf285.05784700','在第一世纪时，一群小孩聚在一起谈论关於对耶稣所见和所听的事，有些人相信耶稣是神的儿子，但其他人觉得耶稣是在玩弄人们。

小孩们伴随在耶稣的左右，见证祂行的神迹，和聆听祂的教导。耶稣叫女孩从死里复活、呼唤不完美的人如税吏去跟随祂、教导每个人对其他人仁慈和亲切和让女人用眼泪为祂洗脚。祂利用无人明白的比喻去教导、使强烈的风暴冷静下来、使瞎子看见和帮助那些被人认为不值得帮的人。祂让孩子们看见奇妙的、充满力量的和仁慈的方法去生活。便雅悯和莎拉跟那些正在看故事的小朋友们谈论耶稣，和谈论相信祂是谁，并接受祂是他们的救主有什么意义。');
INSERT INTO "Video" VALUES('23221','1_jf-0-0','cmn','zh','耶稣',7673754,'https://arc.gt/1hhdo?apiSessionId=59a983d6659d38.39233322','https://arc.gt/mo3e7?apiSessionId=59a983d6f36e49.67707580','https://arc.gt/p0bmv?apiSessionId=59a983d6f36e49.67707580','https://arc.gt/pjlm5?apiSessionId=59a983d6f36e49.67707580','https://arc.gt/2q3pe?apiSessionId=59a983d6f36e49.67707580','这套电影引用了路加福音来对耶稣做了一个完美的介绍。由奇迹的出生到从坟墓里复活，耶稣不断地给人们惊喜和混乱。透过路加福音的摘要、所有的神迹、教导和热情来跟随耶稣的生活。

神创造万物和爱世人，但世人不服从神；神和世人相隔，但神实在很爱世人，祂为世人安排了救赎。祂派遣祂的儿子耶稣作出完美的牺牲使我们改过自新。

耶稣到来之前，神为世人作准备，安排先知预言耶稣的出生，生活和过世。

耶稣吸引了人们的目光，祂教导无人明白的比喻，使瞎子看见和帮助那些人们认为不值得帮助的人。

祂使犹太人的领袖感到可怕，他们视耶稣是个威胁。因此，他们透过犹大的出卖和罗马的反对派来安排耶稣钉十字架。他们认为一切都完结了，但侍奉耶稣的妇女发现空洞的墓穴。门徒们也惊慌了，当耶稣出现时，他们怀疑祂是否真实的。但这些都是祂宣称的：祂是他们完美的牺牲，他们的救主，战胜了死亡。祂升了上天国，教导祂的跟随者去宣扬祂和祂的教导。');
INSERT INTO "Video" VALUES('23221','1_wl-0-0','cmn','zh','莫大拉-导演的剪辑',4951981,'https://arc.gt/ga0vt?apiSessionId=59a983d7b74893.01843512','https://arc.gt/hk6wv?apiSessionId=59a983d830c5a4.55371168','https://arc.gt/ytyj4?apiSessionId=59a983d830c5a4.55371168','https://arc.gt/wnb6w?apiSessionId=59a983d830c5a4.55371168','https://arc.gt/uxoxy?apiSessionId=59a983d830c5a4.55371168','抹大拉的马利亚，一出专为女性而制作的电影，华丽地分享了神的爱和福音，利用能够有机会永恒地改变她们生命的方式来与女性的心灵连接起来。

一个关於柔情，自由和旨意的故事，它描绘了从抹大拉的马利亚眼中，耶稣对女性的同情，和衪与她们在历史上记述的接触。');
INSERT INTO "Video" VALUES('6464','1_cl-0-0','hin','hi','बच्चों के लिए यीशु की कहानी',3679829,'https://arc.gt/oe2k0?apiSessionId=59a983d9a2bfe2.83755051','https://arc.gt/ne6x5?apiSessionId=59a983da082664.16321741','https://arc.gt/il43p?apiSessionId=59a983da082664.16321741','https://arc.gt/ce96s?apiSessionId=59a983da082664.16321741','https://arc.gt/88zlv?apiSessionId=59a983da082664.16321741','पहली सदी में, एक बच्चों का ग्रुप इकट्ठा हुआ और वह यीशु के बारे में जो उन्होंने सुना और देखा था उसके बारे में बातें करने लगे। 
कुछ विश्वास करते थे कि यीशु परमेश्वर के पुत्र हैं। मगर कुछ सोचते थे यीशु लोगों को भरमाते थे। बच्चें यीशु के पीछे चलते, उनके आश्चर्यकर्मो के गवाह बनते, और उनकी शिक्षओं को सुनते थे यीशु लड़की को मुर्दों में से जिलाते है, अपूर्ण लोगों को जैसे चुंगी लेने वालों को अपने पीछे हो लेने के लिए बुलाते थे, और सभी को यह शिक्षा देते थे कि नम्र और दयालु और अनुग्रहकारी हों एक दूसरे के लिए और एक स्त्री को अपने पैरो को आँसुओं से धोने दिया। वह दृष्टांतो में शिक्षा देते थे जिसे कोई भी समझ नहीं पाया, प्रचण्ड तूफान को शांत किया, अंधो को रौशनी दी, और उनकी मदद की जो जिसे कोई भी मदद योग्य नहीं समझ नहीं सकता था। उन्होंने बच्चों को एक हैरतअंगेज, सामर्थी और दयामय जीवन दिखाया। बेन्जामिन और सारा ने बच्चों से यीशु की कहानी के बारे मंे बात की कि वह क्या समझते हैं कि वह कौन है और उन्हें अपने उद्धारकर्ता के रूप में स्वकार करने के बारे में।');
INSERT INTO "Video" VALUES('6464','1_jf-0-0','hin','hi','जीसस',7673754,'https://arc.gt/fb7fq?apiSessionId=59a983dad136d4.62768850','https://arc.gt/l3tdc?apiSessionId=59a983db5ae420.57877309','https://arc.gt/iz8pk?apiSessionId=59a983db5ae420.57877309','https://arc.gt/1wt7y?apiSessionId=59a983db5ae420.57877309','https://arc.gt/v46ca?apiSessionId=59a983db5ae420.57877309','यह फिल्म लूका रचित सुसमाचार के द्वारा यीशु का सही परिचय है। यीशु लगातार लोगों को उनके अद्भुत जन्म से लेकर उनके कब्र में से जी उठने के द्वारा आश्चर्यचकित कर रहें। लूका की पुस्तक में से यीशु के जीवन से आश्चर्यकर्म, शिक्षाएँ और जोश का अनुसरण करो। परमेश्वर ने सब की सृष्टि की और मान जाति से प्यार करते है। मगर मानव जाति परमेश्वर की आज्ञाओं का उलंघंन करती है। परमेश्र और मानन जाति अलग हो गए, मगर परमेश्वर मान जाति से बहुत प्यार करती है, उन्होंने उनको बचाने के लिए एक रास्ता तैयार किया। उन्होंने अपने पुत्र यीशु को भेजा हमारे लिए एक सही बलिदान के रूप में सब कुछ सुधारने के लिए। यीशु के आने के पहले परमेश्वर ने मानव जाति को तैयार किया। भविष्यद्वकताओं ने यीशु के जन्म, जीवन और मृत्यु के बारे में बातें की। यीशु लोगों का ध्यान खीचते हैं। वह दृष्टांतों में बातें करते हैं और लोग उसे नहीं समझ सके, वह अन्धों को रौशनी देते है। और उन्होंने उनकी मदद की जो मदद योग्य नहीं समझे जाते। यहूदी अगुवे यीशु से डरते हैं, वह उन्हें एक खतरे के रूप में देखते हैं। यहूदा जो गद्यार था और रोमन शासकों द्वारा यीशु को क्रूस पर चढ़ा देते हैं। वह सोचते हैं कि मामला सुलझ गया है। मगर जो स्त्री यीशु की सेवा करती थी कब्र को खाली पाती है। चेलों में खलबली मच जाती है। जब यीशु सामने आए तो वह उन पर शक करने लगते हैं। मगर वैसे ही हुआ जैसा वह कह रहे थे, वही उनके सही बलिदान हैं, उनके उद्धारकर्ता और मृत्यु पर जय प्राप्त करने वाले। वह स्वर्ग में उठा लिए जाते हैं, वह अपने चेलों के दूसरों को उनके बारे में और उनकी शिक्षाओं के बारे में बताने के लिए कहते है।');
INSERT INTO "Video" VALUES('6464','1_wl-0-0','hin','hi','निर्देशिका मग्दलेना के दो शब्द',4951981,'https://arc.gt/yzh1b?apiSessionId=59a983dc63b173.13086654','https://arc.gt/y0fzp?apiSessionId=59a983dcc9f509.25378503','https://arc.gt/jplhm?apiSessionId=59a983dcc9f509.25378503','https://arc.gt/nz553?apiSessionId=59a983dcc9f509.25378503','https://arc.gt/u32th?apiSessionId=59a983dcc9f509.25378503','मेगडालेना, एक फिल्म जो खासकर महीलाओं के लिए निर्मित की गई है, खूबसूरत से परमेश्वर के प्यार को और सुसमाचार को साझा करती हैं; और महीलाओं को मन के स्तर पर आकर्षित करती है उनके जीवन को अनंत काल तक बदलने के लिए।

कोमलता, स्वतंत्रता और उद्देश्य की एक कहानी है जो यीशु की स्त्रीयों के प्रति दया को प्रस्तुत करती है और ऐतिहासिक विवणों के आधार पर उनसे उनकी बात चीत, मश्यिम मगदीलीनी के आखों देखी के आधार पर प्रस्तुत की गयी है।');
INSERT INTO "Video" VALUES('1107','1_cl-0-0','hun','hu','The Story of JESUS for Children',3679829,'https://arc.gt/2aanv?apiSessionId=59a983de4a8cb9.25083315','https://arc.gt/ken03?apiSessionId=59a983dea46df4.11494913','https://arc.gt/q12lm?apiSessionId=59a983dea46df4.11494913','https://arc.gt/4pufy?apiSessionId=59a983dea46df4.11494913','https://arc.gt/q000z?apiSessionId=59a983dea46df4.11494913',NULL);
INSERT INTO "Video" VALUES('1107','1_jf-0-0','hun','hu','JESUS',7673754,'https://arc.gt/iv0h5?apiSessionId=59a983df800d42.65899601','https://arc.gt/x1dvw?apiSessionId=59a983e0183820.44649648','https://arc.gt/rwqzi?apiSessionId=59a983e0183820.44649648','https://arc.gt/j4s3c?apiSessionId=59a983e0183820.44649648','https://arc.gt/jcdn2?apiSessionId=59a983e0183820.44649648',NULL);
INSERT INTO "Video" VALUES('1107','1_wl-0-0','hun','hu','Magdalena - Extended Edition',4951981,'https://arc.gt/hc18w?apiSessionId=59a983e105dd90.17553138','https://arc.gt/can3d?apiSessionId=59a983e15db152.41081164','https://arc.gt/q5grl?apiSessionId=59a983e15db152.41081164','https://arc.gt/8qn2x?apiSessionId=59a983e15db152.41081164','https://arc.gt/swh7j?apiSessionId=59a983e15db152.41081164',NULL);
INSERT INTO "Video" VALUES('6788','1_cl-0-0','pes','fa','داستان عیسی برای بچّه‌ها',3679829,'https://arc.gt/5tmeu?apiSessionId=59a983e2d4ddf0.54549604','https://arc.gt/ofdtt?apiSessionId=59a983e3370c13.41140029','https://arc.gt/yiljv?apiSessionId=59a983e3370c13.41140029','https://arc.gt/1qsm3?apiSessionId=59a983e3370c13.41140029','https://arc.gt/zrzvw?apiSessionId=59a983e3370c13.41140029','در قرن اول، گروهی از کودکان با یکدیگر ملاقات کردند تا آنچه که آنها دربارۀ عیسی دیده و شنیده بودند گفتگو کنند. برخی بر این باور هستند که عیسی پسر خدا است. اما دیگران فکر کردند که ممکن است عیسی فقط مردم را فریب داده باشد.
 
بچه ها از اطراف در پی عیسی می روند، معجزات او را شهادت می دهند، و این که به آنها تعلیم بدهد. عیسی دختری را از مردگان برمی خیزاند، افرادی را که کامل نبودند مانند باجگیران که از عقب او بروند، به همه می آموزد که هر کس باید با یکدیگر مهربان و بخشنده باشند، و به یک زن اجازه می دهد که پایهای او را با اشک بشوید. او در مثلهایی تعلیم می دهد که هیچ کس واقعاً درک نمی کند، امواج طوفان را آرام می کند، بینایی را به نابینایان می دهد و به کسانی که هرگز کسی آنها را نمی دید که ارزش دارند کمک می کند. او به کودکان یک طریق شگفت انگیز، قدرتمند، و راه مهربانی را برای زندگی کردن نشان می دهد. بنیامین و سارا با بچه ها برای تماشای داستان آنها درمورد عیسی صحبت می کنند و ایمان آوردن به عیسی کیست و پذیرفتن او بعنوان نجات دهنده به چه معناست.');
INSERT INTO "Video" VALUES('6788','1_jf-0-0','pes','fa','عیسی مسیح',7673754,'https://arc.gt/7fhil?apiSessionId=59a983e42b48c4.92568045','https://arc.gt/s78cc?apiSessionId=59a983e4b53a25.91499401','https://arc.gt/zjsy6?apiSessionId=59a983e4b53a25.91499401','https://arc.gt/7wrdx?apiSessionId=59a983e4b53a25.91499401','https://arc.gt/ke2fz?apiSessionId=59a983e4b53a25.91499401','این فیلم معرفی کاملی از عیسی توسط انجیل لوقا می باشد. عیسی همواره مردم را غافلگیر و مبهوت می کرد، از تولد معجزه آساِی خود تا برخاستنش از قبر. زندگی پرشور او را از طریق گزیده ای از کتاب لوقا؛ تمام معجزات، تعالیم، و شفقت او، پیگیری کنید. 

خدا همه چیز را خلق می کند و بشر را دوست دارد. اما انسان از خدا سرپیچی می کند. خدا و انسان از هم جدا هستند، اما خدا انسان را خیلی دوست دارد، او رستگاری را برای بشر برنامه ریزی می کند. او عیسی پسر خود، قربانی کامل را برای ما می فرستد. 

قبل از ورود عیسی، خدا انسان را آماده می کند. انبیاء از تولد، زندگی و مرگ عیسی سخن می گویند. 

عیسی جلب توجه می کند. او به مثلهائی تعلیم می دهد که هیچ کس واقعاً درک نمی کند، بینایی را به نابینایان می دهد وآنانی را کمک می کند که کسی ارزش کمک کردن به آنها را نمی بیند.

او رهبران یهودی را می هراساند، آنها او را به عنوان یک تهدید می بینند. بنابراین آنها از طریق یهودا خائن و رومیان ظالم، ترتیب مصلوب شدن عیسی را می دهند. آنها فکر می کنند که موضوع حل و فصل شده است. اما زنانی که عیسی را خدمت می کردند قبر عیسی را خالی یافتند. شاگردان وحشت کردند. هنگامی که عیسی ظاهر می شود، آنها شک می کنند که آیا او واقعی است. اما آنچه او همواره اعلام کرد: او قربانی کامل آنهاست، نجات دهندۀ آنها، بر مرگ پیروزمند است. او به آسمان صعود کرد، به پیروان خود می گوید که به دیگران دربارۀ او و تعالیم او بگویند.');
INSERT INTO "Video" VALUES('6788','1_wl-0-0','pes','fa','مجدلیه - برش کارگردان',4951981,'https://arc.gt/qav93?apiSessionId=59a983e5c0b4c2.98408271','https://arc.gt/3moai?apiSessionId=59a983e6319872.33229329','https://arc.gt/fl8f0?apiSessionId=59a983e6319872.33229329','https://arc.gt/rrkne?apiSessionId=59a983e6319872.33229329','https://arc.gt/3shb0?apiSessionId=59a983e6319872.33229329','مجدلیه، فیلمی ساخته شده برای بانوان می باشد، بطرز زیبایی محبت خدا و انجیل را درمیان می گذارد، درآمیختن میزان قلب زنان با تغییر بالقوۀ زندگی ابدی آنان.

داستان عطوفت قابل لمس، آزادی و هدف، شفقت عیسی را برای زنان و به تصویر می کشد، روایت های تاریخی از تعاملات خود به آنها، از دیدگاه مریم مجدلیه.');
INSERT INTO "Video" VALUES('3887','1_cl-0-0','vie','vi','The Story of JESUS for Children',3679829,'https://arc.gt/utelo?apiSessionId=59a983e7a6ad59.19666808','https://arc.gt/2pz01?apiSessionId=59a983e8197664.57131344','https://arc.gt/8uyiy?apiSessionId=59a983e8197664.57131344','https://arc.gt/hnn0o?apiSessionId=59a983e8197664.57131344','https://arc.gt/39ab9?apiSessionId=59a983e8197664.57131344',NULL);
INSERT INTO "Video" VALUES('3887','1_jf-0-0','vie','vi','JESUS',7673754,'https://arc.gt/x4gp1?apiSessionId=59a983e8e6c901.78963358','https://arc.gt/brono?apiSessionId=59a983e97a3563.92051091','https://arc.gt/jq66k?apiSessionId=59a983e97a3563.92051091','https://arc.gt/g7i0i?apiSessionId=59a983e97a3563.92051091','https://arc.gt/t2h6f?apiSessionId=59a983e97a3563.92051091',NULL);
INSERT INTO "Video" VALUES('3887','1_wl-0-0','vie','vi','Magdalena - Extended Edition',4951981,'https://arc.gt/an1jt?apiSessionId=59a983ea803790.71110424','https://arc.gt/ux8y7?apiSessionId=59a983eae60d12.53255486','https://arc.gt/u9d10?apiSessionId=59a983eae60d12.53255486','https://arc.gt/vcpi4?apiSessionId=59a983eae60d12.53255486','https://arc.gt/7smlu?apiSessionId=59a983eae60d12.53255486',NULL);
INSERT INTO "Video" VALUES('1109','1_cl-0-0','hrv','hr','The Story of JESUS for Children',3679829,'https://arc.gt/auxbk?apiSessionId=59a983ec5efd08.75285279','https://arc.gt/mwf3n?apiSessionId=59a983ecc68a39.83293512','https://arc.gt/cgotu?apiSessionId=59a983ecc68a39.83293512','https://arc.gt/d4q2i?apiSessionId=59a983ecc68a39.83293512','https://arc.gt/h7s5h?apiSessionId=59a983ecc68a39.83293512',NULL);
INSERT INTO "Video" VALUES('1109','1_jf-0-0','hrv','hr','JESUS',7673754,'https://arc.gt/9itsn?apiSessionId=59a983edab0518.53008504','https://arc.gt/oietk?apiSessionId=59a983ee38f615.61380547','https://arc.gt/derd4?apiSessionId=59a983ee38f615.61380547','https://arc.gt/r7rqt?apiSessionId=59a983ee38f615.61380547','https://arc.gt/03e8i?apiSessionId=59a983ee38f615.61380547',NULL);
INSERT INTO "Video" VALUES('3934','1_cl-0-0','rus','ru','История Иисуса для детей',3679829,'https://arc.gt/rlosw?apiSessionId=59a983f01cd144.46683511','https://arc.gt/1kux4?apiSessionId=59a983f07fe545.83089068','https://arc.gt/vlbx0?apiSessionId=59a983f07fe545.83089068','https://arc.gt/9dbk0?apiSessionId=59a983f07fe545.83089068','https://arc.gt/p5pf0?apiSessionId=59a983f07fe545.83089068','В первом веке небольшая группа детей встречается и они разговаривают о том, что они слышали об Иисусе. Некоторые верят в то, что Иисус - сын Божий. Другие полагают, что Иисус говорит неправду людям.

Дети повсюду следуют за Иисусом, становятся свидетелями чудес совершенных им и слушают Нго учение. Иисус воскрешает девочку, призывает неверных, таких как собиратели налогов следовать за Ним, учит всех быть добрыми и внимательными друг к другу и позволяет женщине омыть Его ноги слезами раскаяния. Он учит в притчах, которые мало, кто до конца понимает, успокаивает бурю, возвращает зрение слепому и помагает тем, кто в глазах других недостоин помощи. Он показывает детям замечательный, сильный и добрый путь жизни. Бенджамин и Сара предлагают детям посмотреть историю об Иисусе и понять, что значит верить в Него и принимать Его своим Спасителем.');
INSERT INTO "Video" VALUES('3934','1_jf-0-0','rus','ru','ИИСУС',7673754,'https://arc.gt/9eyqx?apiSessionId=59a983f16d8189.53030580','https://arc.gt/i16uf?apiSessionId=59a983f2047da1.74066378','https://arc.gt/gdt6p?apiSessionId=59a983f2047da1.74066378','https://arc.gt/0fnwz?apiSessionId=59a983f2047da1.74066378','https://arc.gt/okbxm?apiSessionId=59a983f2047da1.74066378','Этот фильм является идеальным введением в учение Иисуса через Евангелие от Луки. Иисус постоянно удивляет людей, начиная со своего волшебного рождения, заканчивая своим воскресением из мертвых. Следуйте Его жизненному пути с помощью отрывкам из книги от Луки, всем чедесам, Его учению и Его страсти.

Бог создает все вокруг и любит человеческий род. Но люди ослушиваются Бога. Люди и Бог разъединены, но Бог любит людей настолько сильно, что он придумывает план для воссоединения. Он посылает своего сына Иисуса, чтобы тот пожертвовал собой ради перемен нашего мира.

Перед тем, как Иисус приходит на Землю, Бог подготавливает людей. Провидцы говорят о рождении, жизни и смерти Иисуса.

Иисус притягивает внимание. Он учит в притчах, которые никто практически не понимает, дает зрение незрячему, помогает тем, кого все считают никчемными.

Он пугает Иудейских правителей, они видят в нем угрозу. Тогда они организуют с помощью предателя Иуды и римских угнетателей распятие Иисуса. Правители думают, что дело устроено. Но женщины оплакивающие Иисуса, обнаруживают пустую могилу. Апостолы впадают в панику и когда Иисус появляется, они не верят, что он реален.
Но он говорит, что он - их совершенное жертвоприношение, их Спаситель, победитель смерти. Он спускается с небес, говоря своим последователям рассказывать о Нем и его Учениях.');
INSERT INTO "Video" VALUES('3934','1_wl-0-0','rus','ru','Магдалена - режиссерская версия',4951981,'https://arc.gt/og8h7?apiSessionId=59a983f36540e5.24358576','https://arc.gt/t6w3i?apiSessionId=59a983f3d0c529.18274800','https://arc.gt/xa61z?apiSessionId=59a983f3d0c529.18274800','https://arc.gt/2vdxo?apiSessionId=59a983f3d0c529.18274800','https://arc.gt/bykp1?apiSessionId=59a983f3d0c529.18274800','“Магдалина”- фильм, созданный специально для женщин. Он красиво делится любовью Господа и Евангелия, привлекая женщин на глубоком уровне. В фильме скрыт огромный потенциал для изменения их жизни для вечности. 

История нежности, свободы и признания, которая изображает сопереживание Иисуса женщинам и отражает историческое взаимодействие Иисуса с ними через видение Марии Магдалины.');
INSERT INTO "Video" VALUES('5871','1_cl-0-0','tam','ta','The Story of JESUS for Children',3679829,'https://arc.gt/3955b?apiSessionId=59a983f54e3bd2.15031136','https://arc.gt/kyvos?apiSessionId=59a983f5abd340.13013981','https://arc.gt/wk5hb?apiSessionId=59a983f5abd340.13013981','https://arc.gt/tiqt7?apiSessionId=59a983f5abd340.13013981','https://arc.gt/p1w0v?apiSessionId=59a983f5abd340.13013981',NULL);
INSERT INTO "Video" VALUES('5871','1_jf-0-0','tam','ta','JESUS',7673754,'https://arc.gt/7y4rg?apiSessionId=59a983f697cf58.09557505','https://arc.gt/a1xuw?apiSessionId=59a983f72be4f7.87517185','https://arc.gt/4p8rh?apiSessionId=59a983f72be4f7.87517185','https://arc.gt/0oxye?apiSessionId=59a983f72be4f7.87517185','https://arc.gt/09t30?apiSessionId=59a983f72be4f7.87517185',NULL);
INSERT INTO "Video" VALUES('5871','1_wl-0-0','tam','ta','Magdalena - Extended Edition',4951981,'https://arc.gt/gm0iz?apiSessionId=59a983f82b9ba1.60175054','https://arc.gt/sjay0?apiSessionId=59a983f88f6825.46031123','https://arc.gt/y7oi3?apiSessionId=59a983f88f6825.46031123','https://arc.gt/2e0gz?apiSessionId=59a983f88f6825.46031123','https://arc.gt/xss94?apiSessionId=59a983f88f6825.46031123',NULL);
INSERT INTO "Video" VALUES('407','1_cl-0-0','urd','ur','بچوں کے لئے یسوع کی کہانی',3679829,'https://arc.gt/sm8k7?apiSessionId=59a983fa19c240.53467874','https://arc.gt/k94ug?apiSessionId=59a983fa7af983.73919834','https://arc.gt/pyiok?apiSessionId=59a983fa7af983.73919834','https://arc.gt/1u67e?apiSessionId=59a983fa7af983.73919834','https://arc.gt/0ebiq?apiSessionId=59a983fa7af983.73919834','یسوع دو اور آدمیوں کے درمیان لٹکایا جاتا ہے۔ اسکے شاگرد لاچار کھڑے ہوئے اسے دیکھ رہے تھے۔ ان دو میں سے ایک آدمی نے یسوع سے دریافت کیا کہ کیا وہ مسیحا ہے۔ وہ کہتا ہے کہ خود کو بھی بچا اور ہمیں بھی بچا۔
دوسرا آدمی اس پہلے والے کو جواب دیتا ہے کہ وہ بھی اسی سزا کو بھگت رہا ہے گسے وہ بھگت رہے تھے لیکن یسوع بے گناہ تھا۔ اس نے یسوع سے درخواست کی کہ جب تو اپنی بادشاہی میں آئے تو مجھے بھی یاد کرنا۔ یسوع نے اس سے وعدہ کیا کہ تو آج ہی میرے ساتھ فردوس میں ہو گا۔');
INSERT INTO "Video" VALUES('407','1_jf-0-0','urd','ur','یسوع',7673754,'https://arc.gt/aigb2?apiSessionId=59a983fb5d9506.88645064','https://arc.gt/94aw1?apiSessionId=59a983fbdef5f9.04862770','https://arc.gt/jyqjl?apiSessionId=59a983fbdef5f9.04862770','https://arc.gt/s7c8j?apiSessionId=59a983fbdef5f9.04862770','https://arc.gt/1dn89?apiSessionId=59a983fbdef5f9.04862770','یسوع دو اور آدمیوں کے درمیان لٹکایا جاتا ہے۔ اسکے شاگرد لاچار کھڑے ہوئے اسے دیکھ رہے تھے۔ ان دو میں سے ایک آدمی نے یسوع سے دریافت کیا کہ کیا وہ مسیحا ہے۔ وہ کہتا ہے کہ خود کو بھی بچا اور ہمیں بھی بچا۔
دوسرا آدمی اس پہلے والے کو جواب دیتا ہے کہ وہ بھی اسی سزا کو بھگت رہا ہے گسے وہ بھگت رہے تھے لیکن یسوع بے گناہ تھا۔ اس نے یسوع سے درخواست کی کہ جب تو اپنی بادشاہی میں آئے تو مجھے بھی یاد کرنا۔ یسوع نے اس سے وعدہ کیا کہ تو آج ہی میرے ساتھ فردوس میں ہو گا۔');
INSERT INTO "Video" VALUES('407','1_wl-0-0','urd','ur','مگدالینا - ڈائریکٹر کا کٹ',4951981,'https://arc.gt/xj1pn?apiSessionId=59a983fd00fa99.26529532','https://arc.gt/5w3ee?apiSessionId=59a983fd794200.93868243','https://arc.gt/jmldp?apiSessionId=59a983fd794200.93868243','https://arc.gt/r117n?apiSessionId=59a983fd794200.93868243','https://arc.gt/k36yr?apiSessionId=59a983fd794200.93868243','یسوع دو اور آدمیوں کے درمیان لٹکایا جاتا ہے۔ اسکے شاگرد لاچار کھڑے ہوئے اسے دیکھ رہے تھے۔ ان دو میں سے ایک آدمی نے یسوع سے دریافت کیا کہ کیا وہ مسیحا ہے۔ وہ کہتا ہے کہ خود کو بھی بچا اور ہمیں بھی بچا۔
دوسرا آدمی اس پہلے والے کو جواب دیتا ہے کہ وہ بھی اسی سزا کو بھگت رہا ہے گسے وہ بھگت رہے تھے لیکن یسوع بے گناہ تھا۔ اس نے یسوع سے درخواست کی کہ جب تو اپنی بادشاہی میں آئے تو مجھے بھی یاد کرنا۔ یسوع نے اس سے وعدہ کیا کہ تو آج ہی میرے ساتھ فردوس میں ہو گا۔');
INSERT INTO "Video" VALUES('139081','1_cl-0-0','ben','bn','The Story of JESUS for Children',3679829,'https://arc.gt/op8ik?apiSessionId=59a983fee86ce5.56831496','https://arc.gt/1h813?apiSessionId=59a983ff6c6eb4.73945172','https://arc.gt/74oii?apiSessionId=59a983ff6c6eb4.73945172','https://arc.gt/oz949?apiSessionId=59a983ff6c6eb4.73945172','https://arc.gt/qwvut?apiSessionId=59a983ff6c6eb4.73945172',NULL);
INSERT INTO "Video" VALUES('139081','1_jf-0-0','ben','bn','JESUS',7673754,'https://arc.gt/1zmth?apiSessionId=59a984003f1939.70110355','https://arc.gt/r5yk1?apiSessionId=59a98400c27ad7.20397749','https://arc.gt/c3vx8?apiSessionId=59a98400c27ad7.20397749','https://arc.gt/2e7my?apiSessionId=59a98400c27ad7.20397749','https://arc.gt/dlr4l?apiSessionId=59a98400c27ad7.20397749',NULL);
INSERT INTO "Video" VALUES('139081','1_wl-0-0','ben','bn','Magdalena - Extended Edition',4951981,'https://arc.gt/l7uam?apiSessionId=59a98401c7a486.20151534','https://arc.gt/7lios?apiSessionId=59a984024a5760.38421706','https://arc.gt/20p5k?apiSessionId=59a984024a5760.38421706','https://arc.gt/rvg2o?apiSessionId=59a984024a5760.38421706','https://arc.gt/o7zgq?apiSessionId=59a984024a5760.38421706',NULL);
INSERT INTO "Video" VALUES('139082','1_cl-0-0','ben','bn','The Story of JESUS for Children',3679829,'https://arc.gt/m51zd?apiSessionId=59a98403ca6464.31189268','https://arc.gt/hr4ni?apiSessionId=59a984043cfe12.07568570','https://arc.gt/f0qz3?apiSessionId=59a984043cfe12.07568570','https://arc.gt/1x28o?apiSessionId=59a984043cfe12.07568570','https://arc.gt/bijt2?apiSessionId=59a984043cfe12.07568570',NULL);
INSERT INTO "Video" VALUES('139082','1_jf-0-0','ben','bn','JESUS',7673754,'https://arc.gt/qy0di?apiSessionId=59a98404d4eee6.16959783','https://arc.gt/8c1mv?apiSessionId=59a9840564bc22.57100283','https://arc.gt/0cbov?apiSessionId=59a9840564bc22.57100283','https://arc.gt/pmeg0?apiSessionId=59a9840564bc22.57100283','https://arc.gt/52vxn?apiSessionId=59a9840564bc22.57100283',NULL);
INSERT INTO "Video" VALUES('139082','1_wl-0-0','ben','bn','Magdalena - Extended Edition',4951981,'https://arc.gt/rxk3u?apiSessionId=59a984062a8c00.26640034','https://arc.gt/am7n8?apiSessionId=59a9840690fa78.57125528','https://arc.gt/62l1h?apiSessionId=59a9840690fa78.57125528','https://arc.gt/mbloi?apiSessionId=59a9840690fa78.57125528','https://arc.gt/7dmaj?apiSessionId=59a9840690fa78.57125528',NULL);
INSERT INTO "Video" VALUES('46771','1_cl-0-0','pan','pa','The Story of JESUS for Children',3679829,'https://arc.gt/andxy?apiSessionId=59a984080bfc13.71467538','https://arc.gt/44kin?apiSessionId=59a9840867b176.54791781','https://arc.gt/cr853?apiSessionId=59a9840867b176.54791781','https://arc.gt/1egxm?apiSessionId=59a9840867b176.54791781','https://arc.gt/kxj6l?apiSessionId=59a9840867b176.54791781',NULL);
INSERT INTO "Video" VALUES('46771','1_jf-0-0','pan','pa','JESUS',7673754,'https://arc.gt/tz4rt?apiSessionId=59a984092e1fa5.88522060','https://arc.gt/ezaoz?apiSessionId=59a98409ac7cb5.19607917','https://arc.gt/fl5hj?apiSessionId=59a98409ac7cb5.19607917','https://arc.gt/s985d?apiSessionId=59a98409ac7cb5.19607917','https://arc.gt/r91e6?apiSessionId=59a98409ac7cb5.19607917',NULL);
INSERT INTO "Video" VALUES('46771','1_wl-0-0','pan','pa','Magdalena - Extended Edition',4951981,'https://arc.gt/yiq1g?apiSessionId=59a9840aa67642.01659496','https://arc.gt/n721t?apiSessionId=59a9840b054cb3.02268559','https://arc.gt/ah2yu?apiSessionId=59a9840b054cb3.02268559','https://arc.gt/g0v1o?apiSessionId=59a9840b054cb3.02268559','https://arc.gt/yffgh?apiSessionId=59a9840b054cb3.02268559',NULL);
INSERT INTO "Video" VALUES('584','1_cl-0-0','por','pt','A História de Jesus para Crianças',3679829,'https://arc.gt/3gqzo?apiSessionId=59a9840c5d30e1.44451982','https://arc.gt/072p8?apiSessionId=59a9840cb301d3.79020126','https://arc.gt/squ2b?apiSessionId=59a9840cb301d3.79020126','https://arc.gt/bj66z?apiSessionId=59a9840cb301d3.79020126','https://arc.gt/c82n8?apiSessionId=59a9840cb301d3.79020126','No primeiro século, um grupo de crianças se reúne para falar sobre o que eles viram e ouviram sobre Jesus. Alguns acreditam que Jesus é o filho de Deus. Mas outros pensam que Jesus só pode estar enganando as pessoas. 

As crianças seguem Jesus, testemunham Seus milagres, e O ouvem ensiná-los. Jesus ressuscita uma menina dos mortos, chama pessoas imperfeitas como cobradores de impostos para Segui-lo, ensina a todos a serem gentis e graciosos uns com os outros e permite que uma mulher lave seus pés com lágrimas. Ele ensina em parábolas, ninguém realmente compreende, acalma uma tempestade, dá visão aos cegos e ajuda aqueles que ninguém vê que são merecedores de ajuda. Ele mostra às crianças uma maneira incrível, poderosa e amável para viver. Benjamin e Sarah conversam com as crianças assistindo suas histórias sobre Jesus e o que significa acreditar em quem Ele é e aceitá-lo como seu Salvador.');
INSERT INTO "Video" VALUES('584','1_jf-0-0','por','pt','JESUS',7673754,'https://arc.gt/1g1bz?apiSessionId=59a9840d8c0dc7.87146405','https://arc.gt/n1685?apiSessionId=59a9840e290ca6.17577622','https://arc.gt/hbby2?apiSessionId=59a9840e290ca6.17577622','https://arc.gt/r2v9u?apiSessionId=59a9840e290ca6.17577622','https://arc.gt/28b3e?apiSessionId=59a9840e290ca6.17577622','Este filme é uma introdução perfeita a Jesus através do Evangelho de Lucas. Jesus constantemente surpreende e confunde as pessoas, desde o seu nascimento milagroso até sua ascensão do túmulo. Siga sua vida através de trechos do livro de Lucas, todos os milagres, os ensinamentos e a paixão. 

Deus cria tudo e ama a humanidade. Mas a humanidade desobedece a Deus. Deus e a humanidade estão separados, mas Deus ama tanto a humanidade que Ele organiza a redenção da humanidade. Ele envia seu filho Jesus para ser um sacrifício perfeito para nos livrar. 

Antes da chegada de Jesus, Deus prepara a humanidade. Os profetas falam do nascimento, a vida e a morte de Jesus. 

Jesus atrai atenção. Ele ensina em parábolas, ninguém realmente compreende, dá visão aos cegos e ajuda àqueles que ninguém pensa que vale a pena ajudar. 

Ele assusta os líderes judeus, eles O vêem como uma ameaça. Então eles providenciam, através de Judas o traidor e seus opressores romanos, a crucificação de Jesus. Eles acham que o assunto está resolvido. Mas as mulheres que servem a Jesus descobrem uma tumba vazia. O pânico dos discípulos. Quando Jesus aparece, eles duvidam que Ele é real. Mas é o que Ele proclamou desde o início: Ele é o sacrifício perfeito, Seu Salvador, sobre a morte. Ele ascende aos céus, dizendo a Seus seguidores para contar a outros sobre Ele e Seus ensinamentos.');
INSERT INTO "Video" VALUES('584','1_wl-0-0','por','pt','Madalena - Corte do Diretor',4951981,'https://arc.gt/kpb7r?apiSessionId=59a9840f24b606.03433066','https://arc.gt/qsgru?apiSessionId=59a9840f837ab7.21797976','https://arc.gt/qj4qy?apiSessionId=59a9840f837ab7.21797976','https://arc.gt/c0g4t?apiSessionId=59a9840f837ab7.21797976','https://arc.gt/aql7x?apiSessionId=59a9840f837ab7.21797976','Madalena, um filme feito especialmente para as mulheres, compartilha de uma forma bonita o amor de Deus e o Evangelho, envolvendo as mulheres em um nível emocional com o potencial de mudar suas vidas para sempre. 

Uma história de ternura, de liberdade e de propósito, ela retrata a compaixão de Jesus para com as mulheres e os relatos históricos de suas interações com elas, como foi visto através dos olhos de Maria Madalena.');
INSERT INTO "Video" VALUES('1964','1_cl-0-0','bul','bg','The Story of JESUS for Children',3679829,'https://arc.gt/2st7m?apiSessionId=59a98410eecc68.06565716','https://arc.gt/1vx2d?apiSessionId=59a98411474912.57610250','https://arc.gt/og29v?apiSessionId=59a98411474912.57610250','https://arc.gt/ce8g6?apiSessionId=59a98411474912.57610250','https://arc.gt/xgq35?apiSessionId=59a98411474912.57610250',NULL);
INSERT INTO "Video" VALUES('1964','1_jf-0-0','bul','bg','JESUS',7673754,'https://arc.gt/ttrb9?apiSessionId=59a98412162dd6.30708061','https://arc.gt/d8k6g?apiSessionId=59a984128c6a65.46491868','https://arc.gt/xw3qf?apiSessionId=59a984128c6a65.46491868','https://arc.gt/n0brc?apiSessionId=59a984128c6a65.46491868','https://arc.gt/rsbx9?apiSessionId=59a984128c6a65.46491868',NULL);
INSERT INTO "Video" VALUES('1964','1_wl-0-0','bul','bg','Magdalena - Extended Edition',4951981,'https://arc.gt/f2mxk?apiSessionId=59a984139799a9.17271782','https://arc.gt/agc1s?apiSessionId=59a9841405a625.77295349','https://arc.gt/whsaz?apiSessionId=59a9841405a625.77295349','https://arc.gt/5tgmx?apiSessionId=59a9841405a625.77295349','https://arc.gt/r9t97?apiSessionId=59a9841405a625.77295349',NULL);
INSERT INTO "Video" VALUES('21064','1_cl-0-0','por','pt','A História de Jesus para Crianças',3679829,'https://arc.gt/og05n?apiSessionId=59a9841531bd12.16421942','https://arc.gt/1u17o?apiSessionId=59a9841592a899.60633353','https://arc.gt/ba8sh?apiSessionId=59a9841592a899.60633353','https://arc.gt/d5k8d?apiSessionId=59a9841592a899.60633353','https://arc.gt/9twyq?apiSessionId=59a9841592a899.60633353','No primeiro século, um grupo de crianças se reúne para falar sobre o que eles viram e ouviram sobre Jesus. Alguns acreditam que Jesus é o filho de Deus. Mas outros pensam que Jesus só pode estar enganando as pessoas. 

As crianças seguem Jesus, testemunham Seus milagres, e O ouvem ensiná-los. Jesus ressuscita uma menina dos mortos, chama pessoas imperfeitas como cobradores de impostos para Segui-lo, ensina a todos a serem gentis e graciosos uns com os outros e permite que uma mulher lave seus pés com lágrimas. Ele ensina em parábolas, ninguém realmente compreende, acalma uma tempestade, dá visão aos cegos e ajuda aqueles que ninguém vê que são merecedores de ajuda. Ele mostra às crianças uma maneira incrível, poderosa e amável para viver. Benjamin e Sarah conversam com as crianças assistindo suas histórias sobre Jesus e o que significa acreditar em quem Ele é e aceitá-lo como seu Salvador.');
INSERT INTO "Video" VALUES('21064','1_jf-0-0','por','pt','JESUS',7673754,'https://arc.gt/d3zgq?apiSessionId=59a98416370629.47576639','https://arc.gt/mg4x1?apiSessionId=59a98416b57338.39386418','https://arc.gt/2zs2l?apiSessionId=59a98416b57338.39386418','https://arc.gt/ajo0r?apiSessionId=59a98416b57338.39386418','https://arc.gt/uqxlq?apiSessionId=59a98416b57338.39386418','Este filme é uma introdução perfeita a Jesus através do Evangelho de Lucas. Jesus constantemente surpreende e confunde as pessoas, desde o seu nascimento milagroso até sua ascensão do túmulo. Siga sua vida através de trechos do livro de Lucas, todos os milagres, os ensinamentos e a paixão. 

Deus cria tudo e ama a humanidade. Mas a humanidade desobedece a Deus. Deus e a humanidade estão separados, mas Deus ama tanto a humanidade que Ele organiza a redenção da humanidade. Ele envia seu filho Jesus para ser um sacrifício perfeito para nos livrar. 

Antes da chegada de Jesus, Deus prepara a humanidade. Os profetas falam do nascimento, a vida e a morte de Jesus. 

Jesus atrai atenção. Ele ensina em parábolas, ninguém realmente compreende, dá visão aos cegos e ajuda àqueles que ninguém pensa que vale a pena ajudar. 

Ele assusta os líderes judeus, eles O vêem como uma ameaça. Então eles providenciam, através de Judas o traidor e seus opressores romanos, a crucificação de Jesus. Eles acham que o assunto está resolvido. Mas as mulheres que servem a Jesus descobrem uma tumba vazia. O pânico dos discípulos. Quando Jesus aparece, eles duvidam que Ele é real. Mas é o que Ele proclamou desde o início: Ele é o sacrifício perfeito, Seu Salvador, sobre a morte. Ele ascende aos céus, dizendo a Seus seguidores para contar a outros sobre Ele e Seus ensinamentos.');
INSERT INTO "Video" VALUES('13169','1_cl-0-0','tha','th','The Story of JESUS for Children',3679829,'https://arc.gt/7xuhd?apiSessionId=59a98418411805.23708148','https://arc.gt/b2s9g?apiSessionId=59a9841895fe25.91278190','https://arc.gt/mjg9a?apiSessionId=59a9841895fe25.91278190','https://arc.gt/xoo0e?apiSessionId=59a9841895fe25.91278190','https://arc.gt/dd7w3?apiSessionId=59a9841895fe25.91278190',NULL);
INSERT INTO "Video" VALUES('13169','1_jf-0-0','tha','th','JESUS',7673754,'https://arc.gt/cxg9m?apiSessionId=59a984195fc052.88097039','https://arc.gt/gqflb?apiSessionId=59a98419e9fb21.72305763','https://arc.gt/di2df?apiSessionId=59a98419e9fb21.72305763','https://arc.gt/yq4n8?apiSessionId=59a98419e9fb21.72305763','https://arc.gt/v8mg8?apiSessionId=59a98419e9fb21.72305763',NULL);
INSERT INTO "Video" VALUES('13169','1_wl-0-0','tha','th','Magdalena - Extended Edition',4951981,'https://arc.gt/tfem0?apiSessionId=59a9841ade6bf6.40694896','https://arc.gt/4bnk6?apiSessionId=59a9841b3e6143.99095868','https://arc.gt/pdaia?apiSessionId=59a9841b3e6143.99095868','https://arc.gt/m7a58?apiSessionId=59a9841b3e6143.99095868','https://arc.gt/w1v6d?apiSessionId=59a9841b3e6143.99095868',NULL);
INSERT INTO "Video" VALUES('6318','1_cl-0-0','kan','kn','The Story of JESUS for Children',3679829,'https://arc.gt/wx3zc?apiSessionId=59a9841ca867e9.88258948','https://arc.gt/w3gk4?apiSessionId=59a9841d104023.73062508','https://arc.gt/lxnbr?apiSessionId=59a9841d104023.73062508','https://arc.gt/oex9i?apiSessionId=59a9841d104023.73062508','https://arc.gt/ylvw8?apiSessionId=59a9841d104023.73062508',NULL);
INSERT INTO "Video" VALUES('6318','1_jf-0-0','kan','kn','JESUS',7673754,'https://arc.gt/1idr9?apiSessionId=59a9841dda05b9.17566718','https://arc.gt/l3rvl?apiSessionId=59a9841e624463.38627809','https://arc.gt/5x7h5?apiSessionId=59a9841e624463.38627809','https://arc.gt/1yhav?apiSessionId=59a9841e624463.38627809','https://arc.gt/c3voz?apiSessionId=59a9841e624463.38627809',NULL);
INSERT INTO "Video" VALUES('6318','1_wl-0-0','kan','kn','Magdalena - Extended Edition',4951981,'https://arc.gt/2g5lb?apiSessionId=59a9841f5293d1.82489364','https://arc.gt/k9bzg?apiSessionId=59a9841fb0cc80.11600909','https://arc.gt/jrir2?apiSessionId=59a9841fb0cc80.11600909','https://arc.gt/grkoj?apiSessionId=59a9841fb0cc80.11600909','https://arc.gt/gzngf?apiSessionId=59a9841fb0cc80.11600909',NULL);
INSERT INTO "Video" VALUES('6174','1_cl-0-0','mar','mr','The Story of JESUS for Children',3679829,'https://arc.gt/nfp2m?apiSessionId=59a98421262019.48858367','https://arc.gt/at920?apiSessionId=59a9842176df81.32433551','https://arc.gt/o6i4d?apiSessionId=59a9842176df81.32433551','https://arc.gt/yev2o?apiSessionId=59a9842176df81.32433551','https://arc.gt/wnn11?apiSessionId=59a9842176df81.32433551',NULL);
INSERT INTO "Video" VALUES('6174','1_jf-0-0','mar','mr','JESUS',7673754,'https://arc.gt/6ei8k?apiSessionId=59a9842252a622.25886727','https://arc.gt/u97jq?apiSessionId=59a98422e9c5b8.20271421','https://arc.gt/niqmb?apiSessionId=59a98422e9c5b8.20271421','https://arc.gt/d2ll0?apiSessionId=59a98422e9c5b8.20271421','https://arc.gt/73pvu?apiSessionId=59a98422e9c5b8.20271421',NULL);
INSERT INTO "Video" VALUES('6174','1_wl-0-0','mar','mr','Magdalena - Extended Edition',4951981,'https://arc.gt/951u7?apiSessionId=59a98424050f71.38304547','https://arc.gt/36423?apiSessionId=59a984246a7505.06031790','https://arc.gt/kcbw2?apiSessionId=59a984246a7505.06031790','https://arc.gt/2o53c?apiSessionId=59a984246a7505.06031790','https://arc.gt/lpfkw?apiSessionId=59a984246a7505.06031790',NULL);
INSERT INTO "Video" VALUES('21211','1_jf-0-0','cmn','zh','耶稣',7673754,'https://arc.gt/mh845?apiSessionId=59a98425a57e38.69026515','https://arc.gt/x8dqr?apiSessionId=59a98426508225.65340376','https://arc.gt/xf7kj?apiSessionId=59a98426508225.65340376','https://arc.gt/klqgo?apiSessionId=59a98426508225.65340376','https://arc.gt/4n700?apiSessionId=59a98426508225.65340376','这套电影引用了路加福音来对耶稣做了一个完美的介绍。由奇迹的出生到从坟墓里复活，耶稣不断地给人们惊喜和混乱。透过路加福音的摘要、所有的神迹、教导和热情来跟随耶稣的生活。

神创造万物和爱世人，但世人不服从神；神和世人相隔，但神实在很爱世人，祂为世人安排了救赎。祂派遣祂的儿子耶稣作出完美的牺牲使我们改过自新。

耶稣到来之前，神为世人作准备，安排先知预言耶稣的出生，生活和过世。

耶稣吸引了人们的目光，祂教导无人明白的比喻，使瞎子看见和帮助那些人们认为不值得帮助的人。

祂使犹太人的领袖感到可怕，他们视耶稣是个威胁。因此，他们透过犹大的出卖和罗马的反对派来安排耶稣钉十字架。他们认为一切都完结了，但侍奉耶稣的妇女发现空洞的墓穴。门徒们也惊慌了，当耶稣出现时，他们怀疑祂是否真实的。但这些都是祂宣称的：祂是他们完美的牺牲，他们的救主，战胜了死亡。祂升了上天国，教导祂的跟随者去宣扬祂和祂的教导。');
INSERT INTO "Video" VALUES('23061','1_cl-0-0','cmn','zh','为孩子的耶稣的故事',3679829,'https://arc.gt/fr4ve?apiSessionId=59a98427b2e3d1.24397524','https://arc.gt/rh7kv?apiSessionId=59a984281ef1d1.23798208','https://arc.gt/zd3l2?apiSessionId=59a984281ef1d1.23798208','https://arc.gt/ic7o1?apiSessionId=59a984281ef1d1.23798208','https://arc.gt/tk40n?apiSessionId=59a984281ef1d1.23798208','在第一世纪时，一群小孩聚在一起谈论关於对耶稣所见和所听的事，有些人相信耶稣是神的儿子，但其他人觉得耶稣是在玩弄人们。

小孩们伴随在耶稣的左右，见证祂行的神迹，和聆听祂的教导。耶稣叫女孩从死里复活、呼唤不完美的人如税吏去跟随祂、教导每个人对其他人仁慈和亲切和让女人用眼泪为祂洗脚。祂利用无人明白的比喻去教导、使强烈的风暴冷静下来、使瞎子看见和帮助那些被人认为不值得帮的人。祂让孩子们看见奇妙的、充满力量的和仁慈的方法去生活。便雅悯和莎拉跟那些正在看故事的小朋友们谈论耶稣，和谈论相信祂是谁，并接受祂是他们的救主有什么意义。');
INSERT INTO "Video" VALUES('23061','1_jf-0-0','cmn','zh','耶稣',7673754,'https://arc.gt/jl2m8?apiSessionId=59a98428ab6512.07156093','https://arc.gt/2dhll?apiSessionId=59a984295899b4.43279786','https://arc.gt/7jf8k?apiSessionId=59a984295899b4.43279786','https://arc.gt/0adxa?apiSessionId=59a984295899b4.43279786','https://arc.gt/nqpel?apiSessionId=59a984295899b4.43279786','这套电影引用了路加福音来对耶稣做了一个完美的介绍。由奇迹的出生到从坟墓里复活，耶稣不断地给人们惊喜和混乱。透过路加福音的摘要、所有的神迹、教导和热情来跟随耶稣的生活。

神创造万物和爱世人，但世人不服从神；神和世人相隔，但神实在很爱世人，祂为世人安排了救赎。祂派遣祂的儿子耶稣作出完美的牺牲使我们改过自新。

耶稣到来之前，神为世人作准备，安排先知预言耶稣的出生，生活和过世。

耶稣吸引了人们的目光，祂教导无人明白的比喻，使瞎子看见和帮助那些人们认为不值得帮助的人。

祂使犹太人的领袖感到可怕，他们视耶稣是个威胁。因此，他们透过犹大的出卖和罗马的反对派来安排耶稣钉十字架。他们认为一切都完结了，但侍奉耶稣的妇女发现空洞的墓穴。门徒们也惊慌了，当耶稣出现时，他们怀疑祂是否真实的。但这些都是祂宣称的：祂是他们完美的牺牲，他们的救主，战胜了死亡。祂升了上天国，教导祂的跟随者去宣扬祂和祂的教导。');
INSERT INTO "Video" VALUES('23062','1_jf-0-0','cmn','zh','耶稣',7673754,'https://arc.gt/273a9?apiSessionId=59a9842a8c56d4.26450161','https://arc.gt/nzo0m?apiSessionId=59a9842b225688.68759904','https://arc.gt/8bxei?apiSessionId=59a9842b225688.68759904','https://arc.gt/p3s3k?apiSessionId=59a9842b225688.68759904','https://arc.gt/673jz?apiSessionId=59a9842b225688.68759904','这套电影引用了路加福音来对耶稣做了一个完美的介绍。由奇迹的出生到从坟墓里复活，耶稣不断地给人们惊喜和混乱。透过路加福音的摘要、所有的神迹、教导和热情来跟随耶稣的生活。

神创造万物和爱世人，但世人不服从神；神和世人相隔，但神实在很爱世人，祂为世人安排了救赎。祂派遣祂的儿子耶稣作出完美的牺牲使我们改过自新。

耶稣到来之前，神为世人作准备，安排先知预言耶稣的出生，生活和过世。

耶稣吸引了人们的目光，祂教导无人明白的比喻，使瞎子看见和帮助那些人们认为不值得帮助的人。

祂使犹太人的领袖感到可怕，他们视耶稣是个威胁。因此，他们透过犹大的出卖和罗马的反对派来安排耶稣钉十字架。他们认为一切都完结了，但侍奉耶稣的妇女发现空洞的墓穴。门徒们也惊慌了，当耶稣出现时，他们怀疑祂是否真实的。但这些都是祂宣称的：祂是他们完美的牺牲，他们的救主，战胜了死亡。祂升了上天国，教导祂的跟随者去宣扬祂和祂的教导。');
INSERT INTO "Video" VALUES('24096','1_jf-0-0','cmn','zh','耶稣',7673754,'https://arc.gt/mnasn?apiSessionId=59a9842c78fcc3.33576865','https://arc.gt/ho0n7?apiSessionId=59a9842d06e235.60014487','https://arc.gt/3bgjf?apiSessionId=59a9842d06e235.60014487','https://arc.gt/6b04m?apiSessionId=59a9842d06e235.60014487','https://arc.gt/0xlxf?apiSessionId=59a9842d06e235.60014487','这套电影引用了路加福音来对耶稣做了一个完美的介绍。由奇迹的出生到从坟墓里复活，耶稣不断地给人们惊喜和混乱。透过路加福音的摘要、所有的神迹、教导和热情来跟随耶稣的生活。

神创造万物和爱世人，但世人不服从神；神和世人相隔，但神实在很爱世人，祂为世人安排了救赎。祂派遣祂的儿子耶稣作出完美的牺牲使我们改过自新。

耶稣到来之前，神为世人作准备，安排先知预言耶稣的出生，生活和过世。

耶稣吸引了人们的目光，祂教导无人明白的比喻，使瞎子看见和帮助那些人们认为不值得帮助的人。

祂使犹太人的领袖感到可怕，他们视耶稣是个威胁。因此，他们透过犹大的出卖和罗马的反对派来安排耶稣钉十字架。他们认为一切都完结了，但侍奉耶稣的妇女发现空洞的墓穴。门徒们也惊慌了，当耶稣出现时，他们怀疑祂是否真实的。但这些都是祂宣称的：祂是他们完美的牺牲，他们的救主，战胜了死亡。祂升了上天国，教导祂的跟随者去宣扬祂和祂的教导。');
INSERT INTO "Video" VALUES('53352','1_jf-0-0','cmn','zh','耶稣',7673754,'https://arc.gt/68xk7?apiSessionId=59a9842e505d45.22427657','https://arc.gt/7pv2r?apiSessionId=59a9842ee09fd2.27695780','https://arc.gt/rhof2?apiSessionId=59a9842ee09fd2.27695780','https://arc.gt/zrh1t?apiSessionId=59a9842ee09fd2.27695780','https://arc.gt/jl1vp?apiSessionId=59a9842ee09fd2.27695780','这套电影引用了路加福音来对耶稣做了一个完美的介绍。由奇迹的出生到从坟墓里复活，耶稣不断地给人们惊喜和混乱。透过路加福音的摘要、所有的神迹、教导和热情来跟随耶稣的生活。

神创造万物和爱世人，但世人不服从神；神和世人相隔，但神实在很爱世人，祂为世人安排了救赎。祂派遣祂的儿子耶稣作出完美的牺牲使我们改过自新。

耶稣到来之前，神为世人作准备，安排先知预言耶稣的出生，生活和过世。

耶稣吸引了人们的目光，祂教导无人明白的比喻，使瞎子看见和帮助那些人们认为不值得帮助的人。

祂使犹太人的领袖感到可怕，他们视耶稣是个威胁。因此，他们透过犹大的出卖和罗马的反对派来安排耶稣钉十字架。他们认为一切都完结了，但侍奉耶稣的妇女发现空洞的墓穴。门徒们也惊慌了，当耶稣出现时，他们怀疑祂是否真实的。但这些都是祂宣称的：祂是他们完美的牺牲，他们的救主，战胜了死亡。祂升了上天国，教导祂的跟随者去宣扬祂和祂的教导。');
INSERT INTO "Video" VALUES('53441','1_jf-0-0','arb','ar','فيلم يسوع',7673754,'https://arc.gt/6mn2e?apiSessionId=59a984314ff1f4.81502124','https://arc.gt/5sjmh?apiSessionId=59a98431daa708.20754659','https://arc.gt/r10q7?apiSessionId=59a98431daa708.20754659','https://arc.gt/r4dzb?apiSessionId=59a98431daa708.20754659','https://arc.gt/zdkym?apiSessionId=59a98431daa708.20754659','هذا الفيلم مقدمة كاملة ليسوع من خلال إنجيل لوقا. كان يسوع دائما يفاجىء ويبهر الناس، من ميلاده المعجزي الي قيامته من القبر. تابع حياته خلال خبراء من إنجيل لوقا، كل المعجزات، والتعاليم، والمشاعر.  

لقد خلق الله كل شيء وأحب الانسان. لكن الانسان عصى الله. الله والإنسان اصبحا منفصلين، لكن الله يحب الانسان جدا، ورتب الله الفداء للإنسان. أرسل الله ابنه يسوع ليكون الفداء الكامل ليعمل المصالحة لنا. 

قبل وصول يسوع، الله أعد الانسان. أنبياء يتحدثون عن الميلاد، الحياة، وموت يسوع. 

يسوع يلفت الانتباه. يعلم بأمثال لا يفهمها احد، يعطي بصر للعميان ويساعد كل الذين لا يري الآخرين انهم يستحقون المساعدة. 

لقد أرهب زعماء اليهود، لقد رأوه كتهديد لهم. لذلك رتبوا من خلال يهوذا الخائن والحكام الرومان لصلب يسوع. هم يظنون ان الموضوع انتهى. لكن النساء اللواتي كن يخدمن يسوع اكتشفن ان القبر فارغ. ارتعب التلاميذ . عند ظهور يسوع، شكوا انه حقيقي. ولكن هذا ما ادَّعاه طول الوقت: هو الفداء الكامل، مخلصهم، انتصر علي الموت. صعد الي السماء، قائلا لاتباعه ان يخبروا الآخرين عنه وعن تعاليمه.
');
INSERT INTO "Video" VALUES('53441','1_wl-0-0','arb','ar','المجدلية - نسخة المخرج',4951981,'https://arc.gt/3rjnd?apiSessionId=59a98432ac70d9.56230257','https://arc.gt/ulrui?apiSessionId=59a984331e86f4.30035864','https://arc.gt/qz8jr?apiSessionId=59a984331e86f4.30035864','https://arc.gt/y1tc0?apiSessionId=59a984331e86f4.30035864','https://arc.gt/hgamp?apiSessionId=59a984331e86f4.30035864','المجدلية، فيلم صنع خصيصا من اجل السيدات، بشارك انجيل ومحبة الله بطريقة رائعة، يشجع السيدات على التفاعل القلبي ويدفع لتغيير في حياتهن وابديتهن.

قصة للتغيير، الحرية والهدف، تقدم محبة يسوع للمرأة وتقدم سجل لمعاملاته معهن، كما رأته عيون المجدلية.');
INSERT INTO "Video" VALUES('5603','1_cl-0-0','awa','awa','The Story of JESUS for Children',3679829,'https://arc.gt/ub6p4?apiSessionId=59a984346cfb80.20549766','https://arc.gt/3i98s?apiSessionId=59a98434c0c922.39950202','https://arc.gt/17qqp?apiSessionId=59a98434c0c922.39950202','https://arc.gt/4f3pq?apiSessionId=59a98434c0c922.39950202','https://arc.gt/051eq?apiSessionId=59a98434c0c922.39950202',NULL);
INSERT INTO "Video" VALUES('5603','1_jf-0-0','awa','awa','JESUS',7673754,'https://arc.gt/7hx0y?apiSessionId=59a98435b19381.36281929','https://arc.gt/0mqlw?apiSessionId=59a9843649a350.04151523','https://arc.gt/yc4br?apiSessionId=59a9843649a350.04151523','https://arc.gt/qdzp4?apiSessionId=59a9843649a350.04151523','https://arc.gt/0cjnk?apiSessionId=59a9843649a350.04151523',NULL);
INSERT INTO "Video" VALUES('5603','1_wl-0-0','awa','awa','Magdalena - Extended Edition',4951981,'https://arc.gt/8xwjw?apiSessionId=59a984375f7f34.29423968','https://arc.gt/n2jz5?apiSessionId=59a98437b73275.50647008','https://arc.gt/p6yki?apiSessionId=59a98437b73275.50647008','https://arc.gt/88y2z?apiSessionId=59a98437b73275.50647008','https://arc.gt/j64fp?apiSessionId=59a98437b73275.50647008',NULL);
INSERT INTO "Video" VALUES('16639','1_cl-0-0','ind','id','Kisah Yesus untuk Anak-Anak',3679829,'https://arc.gt/2bs9j?apiSessionId=59a984396a3896.28683734','https://arc.gt/5s91h?apiSessionId=59a98439c280a9.60665811','https://arc.gt/sy2mk?apiSessionId=59a98439c280a9.60665811','https://arc.gt/969jj?apiSessionId=59a98439c280a9.60665811','https://arc.gt/cxxfx?apiSessionId=59a98439c280a9.60665811','Pada abad yang pertama, sebuah kelompok anak-anak bertemu untuk mendiskusikan apa yang telah mereka lihat dan dengar tentang Yesus. Beberapa percaya Yesus adalah Anak Allah. Akan tetapi beberapa orang berpendapat Yesus mungkin memperdayai orang-orang.

Anak-anak mengikuti Yesus kemanapun Yesus pergi, menjadi saksi keajaibanNya, dan mendengarkan ajaranNya. Yesus membangkitkan seorang gadis kecil dari kematian, memanggil orang-orang yang telah membuat kesalahan seperti pengumpul-pengumpul pajak untuk mengikutiNya, mengajarkan setiap orang untuk saling bebaikan dan ramah satu sama lainnya, dan Dia membiarkan seorang wanita untuk membasuh kakiNya dengan tumpahan air mata. Dia mengajarkan perumpamaan yang tidak satupun orang mengerti, menenangkan amukan badai, memberi penglihatan bagi yang buta, dan menolong mereka yang tidak seorangpun dapat melihat bahwa itu pertolongan yang berharga. Dia menunjukkan ke pada anak-anak cara hidup yang sangat mengagumkan, kuat, dan penuh kelembutan. Benyamin dan Sara berbicara kepada anak-anak yang melihat cerita mereka tentang Yesus dan apa artinya untuk mempercayai Siapa Dia dan menerimaNya sebagai Juru Selamat mereka.');
INSERT INTO "Video" VALUES('16639','1_jf-0-0','ind','id','JESUS',7673754,'https://arc.gt/vy4z6?apiSessionId=59a9843ab49785.84621397','https://arc.gt/oo0vo?apiSessionId=59a9843b517890.17054582','https://arc.gt/n88gi?apiSessionId=59a9843b517890.17054582','https://arc.gt/pk4f4?apiSessionId=59a9843b517890.17054582','https://arc.gt/h74px?apiSessionId=59a9843b517890.17054582','Film ini merupakan pengenalan yang sangat tepat terhadap Yesus melalui Ajaran Gospel Lukas. Yesus tak henti-hentinya memberikan kejutan dan bukti kejutan pada umatnya dari kelahiranNya yang ajaib hingga KebangkitanNya dari kubur. Ikuti jalan semasa hidupNya melalui kutipan-kutipan dari Kitab Lukas, semua keajaiban, ajaran, dan kata hati. 

Allah menciptakan semuanya dan sangat mencintai umat manusia. Akan tetapi umat manusia tidak mematuhi perintah Allah. Allah dan umat manusia menjadi jauh terpisah, akan tetapi Allah sangat mencintai umat manusia, Dia mengatur penebusan bagi umat manusia. Dia utus Anak Allah Yesus untuk menjadi pengorbanan suci yang tepat untuk memperbaiki kita. 

Sebelum Yesus turun, Allah mempersiapkan manusia. Para rosul berkata tentang kelahiran, kehidupan dan kematian Yesus. 

Yesus menyita perhatian. Dia mengajarkan perumpamaan-perumpamaan yang tidak satupun orang benar-benar mengerti, memberi penglihatan kepada yang buta, dan membantu mereka yang tidak seorangpun mengira berharganya bantuan itu. 

Dia membuat pemuka-pemuka agama Yahudi takut, mereka melihat-Nya sebagai ancaman. Sehingga mereka mengatur, melalui Yudas sang penghianat dan penindas Roman mereka, untuk menyalib Yesus. Mereka berfikir masalah ini telah selesai. Akan tetapi para wanita yang melayani Yesus menemukan kuburan yang kosong. Para murid-murid menjadi panic. Ketika Yesus muncul, mereka ragu-ragu jikalau Dia nyata. Akan tetapi apa yang Dia proklamirkan terus: Dia adalah pengorbanan suci yang sempurna, Juru Selamat mereka, kemenangan akan kematian. Dia naik ke Surga, meyuruh para pengikutnya untuk menceritakan kepada yang lain tentang Dia dan ajaran-ajaranNya.');
INSERT INTO "Video" VALUES('184566','1_jf-0-0','ind','id','JESUS',7673754,'https://arc.gt/lwawd?apiSessionId=59a9843c99e3e4.74661397','https://arc.gt/u1su7?apiSessionId=59a9843d2b8950.19794606','https://arc.gt/k9fi3?apiSessionId=59a9843d2b8950.19794606','https://arc.gt/rnlce?apiSessionId=59a9843d2b8950.19794606','https://arc.gt/m41st?apiSessionId=59a9843d2b8950.19794606','Film ini merupakan pengenalan yang sangat tepat terhadap Yesus melalui Ajaran Gospel Lukas. Yesus tak henti-hentinya memberikan kejutan dan bukti kejutan pada umatnya dari kelahiranNya yang ajaib hingga KebangkitanNya dari kubur. Ikuti jalan semasa hidupNya melalui kutipan-kutipan dari Kitab Lukas, semua keajaiban, ajaran, dan kata hati. 

Allah menciptakan semuanya dan sangat mencintai umat manusia. Akan tetapi umat manusia tidak mematuhi perintah Allah. Allah dan umat manusia menjadi jauh terpisah, akan tetapi Allah sangat mencintai umat manusia, Dia mengatur penebusan bagi umat manusia. Dia utus Anak Allah Yesus untuk menjadi pengorbanan suci yang tepat untuk memperbaiki kita. 

Sebelum Yesus turun, Allah mempersiapkan manusia. Para rosul berkata tentang kelahiran, kehidupan dan kematian Yesus. 

Yesus menyita perhatian. Dia mengajarkan perumpamaan-perumpamaan yang tidak satupun orang benar-benar mengerti, memberi penglihatan kepada yang buta, dan membantu mereka yang tidak seorangpun mengira berharganya bantuan itu. 

Dia membuat pemuka-pemuka agama Yahudi takut, mereka melihat-Nya sebagai ancaman. Sehingga mereka mengatur, melalui Yudas sang penghianat dan penindas Roman mereka, untuk menyalib Yesus. Mereka berfikir masalah ini telah selesai. Akan tetapi para wanita yang melayani Yesus menemukan kuburan yang kosong. Para murid-murid menjadi panic. Ketika Yesus muncul, mereka ragu-ragu jikalau Dia nyata. Akan tetapi apa yang Dia proklamirkan terus: Dia adalah pengorbanan suci yang sempurna, Juru Selamat mereka, kemenangan akan kematian. Dia naik ke Surga, meyuruh para pengikutnya untuk menceritakan kepada yang lain tentang Dia dan ajaran-ajaranNya.');
INSERT INTO "Video" VALUES('184566','1_wl-0-0','ind','id','Magdalena - Director''s Cut',4951981,'https://arc.gt/syn2q?apiSessionId=59a9843e5a8b82.49815113','https://arc.gt/lkzbr?apiSessionId=59a9843ebdf6f2.08768164','https://arc.gt/u0ckz?apiSessionId=59a9843ebdf6f2.08768164','https://arc.gt/97o2n?apiSessionId=59a9843ebdf6f2.08768164','https://arc.gt/66121?apiSessionId=59a9843ebdf6f2.08768164','Magdalena, sebuah film yang dibuat khusus untuk para wanita, yang secara cantiknya berbagi cinta Allah dan ajaran gospel, melibatkan para wanita pada level hatinya dengan potensi merubah hidup mereka selamanya. 

Sebuah cerita tentang kelembutan, kemerdekaan dan tujuan, yang memotretkan cinta kasih Yesus untuk para wanita dan sejarah transaksi interaksiNya dengan mereka, sebagaimana yang dilihat melalu mata Maria Magdalena.');
INSERT INTO "Video" VALUES('20899','1_cl-0-0','rus','ru','История Иисуса для детей',3679829,'https://arc.gt/we3zs?apiSessionId=59a9843fd9aaf3.31664364','https://arc.gt/pzlxe?apiSessionId=59a9844035d8b9.40093447','https://arc.gt/0ie69?apiSessionId=59a9844035d8b9.40093447','https://arc.gt/rr7op?apiSessionId=59a9844035d8b9.40093447','https://arc.gt/86qyb?apiSessionId=59a9844035d8b9.40093447','В первом веке небольшая группа детей встречается и они разговаривают о том, что они слышали об Иисусе. Некоторые верят в то, что Иисус - сын Божий. Другие полагают, что Иисус говорит неправду людям.

Дети повсюду следуют за Иисусом, становятся свидетелями чудес совершенных им и слушают Нго учение. Иисус воскрешает девочку, призывает неверных, таких как собиратели налогов следовать за Ним, учит всех быть добрыми и внимательными друг к другу и позволяет женщине омыть Его ноги слезами раскаяния. Он учит в притчах, которые мало, кто до конца понимает, успокаивает бурю, возвращает зрение слепому и помагает тем, кто в глазах других недостоин помощи. Он показывает детям замечательный, сильный и добрый путь жизни. Бенджамин и Сара предлагают детям посмотреть историю об Иисусе и понять, что значит верить в Него и принимать Его своим Спасителем.');
INSERT INTO "Video" VALUES('20899','1_jf-0-0','rus','ru','ИИСУС',7673754,'https://arc.gt/y8vo8?apiSessionId=59a98440c18e66.05832748','https://arc.gt/2fmnk?apiSessionId=59a98441593826.10336756','https://arc.gt/n18yx?apiSessionId=59a98441593826.10336756','https://arc.gt/pb1m2?apiSessionId=59a98441593826.10336756','https://arc.gt/hkijk?apiSessionId=59a98441593826.10336756','Этот фильм является идеальным введением в учение Иисуса через Евангелие от Луки. Иисус постоянно удивляет людей, начиная со своего волшебного рождения, заканчивая своим воскресением из мертвых. Следуйте Его жизненному пути с помощью отрывкам из книги от Луки, всем чедесам, Его учению и Его страсти.

Бог создает все вокруг и любит человеческий род. Но люди ослушиваются Бога. Люди и Бог разъединены, но Бог любит людей настолько сильно, что он придумывает план для воссоединения. Он посылает своего сына Иисуса, чтобы тот пожертвовал собой ради перемен нашего мира.

Перед тем, как Иисус приходит на Землю, Бог подготавливает людей. Провидцы говорят о рождении, жизни и смерти Иисуса.

Иисус притягивает внимание. Он учит в притчах, которые никто практически не понимает, дает зрение незрячему, помогает тем, кого все считают никчемными.

Он пугает Иудейских правителей, они видят в нем угрозу. Тогда они организуют с помощью предателя Иуды и римских угнетателей распятие Иисуса. Правители думают, что дело устроено. Но женщины оплакивающие Иисуса, обнаруживают пустую могилу. Апостолы впадают в панику и когда Иисус появляется, они не верят, что он реален.
Но он говорит, что он - их совершенное жертвоприношение, их Спаситель, победитель смерти. Он спускается с небес, говоря своим последователям рассказывать о Нем и его Учениях.');
INSERT INTO "Video" VALUES('20899','1_wl-0-0','rus','ru','Магдалена - режиссерская версия',4951981,'https://arc.gt/g5m7l?apiSessionId=59a98442362482.69683486','https://arc.gt/cwp9k?apiSessionId=59a98442a063d3.18044953','https://arc.gt/2yklf?apiSessionId=59a98442a063d3.18044953','https://arc.gt/sngxq?apiSessionId=59a98442a063d3.18044953','https://arc.gt/i2kve?apiSessionId=59a98442a063d3.18044953','“Магдалина”- фильм, созданный специально для женщин. Он красиво делится любовью Господа и Евангелия, привлекая женщин на глубоком уровне. В фильме скрыт огромный потенциал для изменения их жизни для вечности. 

История нежности, свободы и признания, которая изображает сопереживание Иисуса женщинам и отражает историческое взаимодействие Иисуса с ними через видение Марии Магдалины.');
INSERT INTO "Video" VALUES('108102','1_cl-0-0','hun','hu','The Story of JESUS for Children',3679829,'https://arc.gt/0ctzo?apiSessionId=59a984449ce0b2.39036047','https://arc.gt/kom6q?apiSessionId=59a9844511bd14.49532313','https://arc.gt/gxs14?apiSessionId=59a9844511bd14.49532313','https://arc.gt/n0rbi?apiSessionId=59a9844511bd14.49532313','https://arc.gt/1rhuw?apiSessionId=59a9844511bd14.49532313',NULL);
INSERT INTO "Video" VALUES('108102','1_jf-0-0','hun','hu','JESUS',7673754,'https://arc.gt/wo8ep?apiSessionId=59a98445a3e9b4.93888519','https://arc.gt/7wllx?apiSessionId=59a984463e3bc4.62726167','https://arc.gt/jari1?apiSessionId=59a984463e3bc4.62726167','https://arc.gt/a1uut?apiSessionId=59a984463e3bc4.62726167','https://arc.gt/8xfqx?apiSessionId=59a984463e3bc4.62726167',NULL);
INSERT INTO "Video" VALUES('23156','1_jf-0-0','eng','en','JESUS',7673754,'https://arc.gt/kj1zp?apiSessionId=59a98447a0a954.34679270','https://arc.gt/vglzv?apiSessionId=59a98448509958.36448162','https://arc.gt/5ot0p?apiSessionId=59a98448509958.36448162','https://arc.gt/85tbn?apiSessionId=59a98448509958.36448162','https://arc.gt/a30il?apiSessionId=59a98448509958.36448162','This film is a perfect introduction to Jesus through the Gospel of Luke. Jesus constantly surprises and confounds people, from His miraculous birth to His rise from the grave. Follow His life through excerpts from the Book of Luke, all the miracles, the teachings, and the passion. 

God creates everything and loves mankind. But mankind disobeys God. God and mankind are separated, but God loves mankind so much, He arranges redemption for mankind. He sends his Son Jesus to be a perfect sacrifice to make amends for us.

Before Jesus arrives, God prepares mankind. Prophets speak of the birth, the life, and the death of Jesus.

Jesus attracts attention. He teaches in parables no one really understands, gives sight to the blind, and helps those who no one sees as worth helping.

He scares the Jewish leaders, they see him as a threat. So they arrange, through Judas the traitor and their Roman oppressors, for the crucifixion of Jesus. They think the matter is settled. But the women who serve Jesus discover an empty tomb. The disciples panic. When Jesus appears, they doubt He''s real. But it''s what He proclaimed all along: He is their perfect sacrifice, their Savior, victor over death. He ascends to heaven, telling His followers to tell others about Him and His teachings.');
INSERT INTO "Video" VALUES('22500','1_cl-0-0','vie','vi','The Story of JESUS for Children',3679829,'https://arc.gt/ukdo4?apiSessionId=59a98449c69b57.59766741','https://arc.gt/88wpv?apiSessionId=59a9844a30c7b6.65044497','https://arc.gt/3ykfi?apiSessionId=59a9844a30c7b6.65044497','https://arc.gt/vdoqp?apiSessionId=59a9844a30c7b6.65044497','https://arc.gt/7sd7a?apiSessionId=59a9844a30c7b6.65044497',NULL);
INSERT INTO "Video" VALUES('22500','1_jf-0-0','vie','vi','JESUS',7673754,'https://arc.gt/dtudp?apiSessionId=59a9844ac2b530.28590252','https://arc.gt/o68p3?apiSessionId=59a9844b4ee4e3.76579734','https://arc.gt/d4404?apiSessionId=59a9844b4ee4e3.76579734','https://arc.gt/eeoc3?apiSessionId=59a9844b4ee4e3.76579734','https://arc.gt/hlawo?apiSessionId=59a9844b4ee4e3.76579734',NULL);
INSERT INTO "Video" VALUES('22500','1_wl-0-0','vie','vi','Magdalena - Extended Edition',4951981,'https://arc.gt/0c1ry?apiSessionId=59a9844c12c2c0.82376347','https://arc.gt/pxn0m?apiSessionId=59a9844c7c2885.93715347','https://arc.gt/tun5k?apiSessionId=59a9844c7c2885.93715347','https://arc.gt/tkf3i?apiSessionId=59a9844c7c2885.93715347','https://arc.gt/8y9ni?apiSessionId=59a9844c7c2885.93715347',NULL);
CREATE TABLE JesusFilm ( countryCode TEXT NOT NULL, silCode TEXT NOT NULL, languageId TEXT NOT NULL, langCode TEXT NOT NULL, langName TEXT NOT NULL, population INT NOT NULL, PRIMARY KEY(countryCode, silCode, languageId));
INSERT INTO "JesusFilm" VALUES('AL','srp','5541','sr','Serbian',297000);
INSERT INTO "JesusFilm" VALUES('DZ','arb','22658','ar','Arabic, Modern Standard',999999999);
INSERT INTO "JesusFilm" VALUES('AS','eng','529','en','English',999999999);
INSERT INTO "JesusFilm" VALUES('AD','spa','21046','es','Spanish, Castilian',777777777);
INSERT INTO "JesusFilm" VALUES('AO','cmn','20615','zh','Chinese, Mandarin',294905);
INSERT INTO "JesusFilm" VALUES('AI','eng','529','en','English',999999999);
INSERT INTO "JesusFilm" VALUES('AI','spa','21028','es','Spanish, Latin American',100);
INSERT INTO "JesusFilm" VALUES('AI','spa','21046','es','Spanish, Castilian',100);
INSERT INTO "JesusFilm" VALUES('AG','eng','529','en','English',999999999);
INSERT INTO "JesusFilm" VALUES('AR','spa','21028','es','Spanish, Latin American',999999999);
INSERT INTO "JesusFilm" VALUES('AR','spa','21046','es','Spanish, Castilian',33000000);
INSERT INTO "JesusFilm" VALUES('AR','ukr','12876','uk','Ukrainian',27000);
INSERT INTO "JesusFilm" VALUES('AM','ukr','12876','uk','Ukrainian',8000);
INSERT INTO "JesusFilm" VALUES('AW','eng','529','en','English',888888888);
INSERT INTO "JesusFilm" VALUES('AW','spa','21028','es','Spanish, Latin American',12000);
INSERT INTO "JesusFilm" VALUES('AW','spa','21046','es','Spanish, Castilian',9700);
INSERT INTO "JesusFilm" VALUES('AU','cmn','23221','zh','Chinese, Taiwanese Mandarin',218000);
INSERT INTO "JesusFilm" VALUES('AU','eng','529','en','English',999999999);
INSERT INTO "JesusFilm" VALUES('AU','hin','6464','hi','Hindi',79000);
INSERT INTO "JesusFilm" VALUES('AU','hun','1107','hu','Hungarian',21600);
INSERT INTO "JesusFilm" VALUES('AU','pes','6788','fa','Farsi, Western',22800);
INSERT INTO "JesusFilm" VALUES('AU','spa','21046','es','Spanish, Castilian',78000);
INSERT INTO "JesusFilm" VALUES('AU','srp','5541','sr','Serbian',52500);
INSERT INTO "JesusFilm" VALUES('AU','vie','3887','vi','Vietnamese',199000);
INSERT INTO "JesusFilm" VALUES('AT','hrv','1109','hr','Croatian',777777777);
INSERT INTO "JesusFilm" VALUES('AT','hun','1107','hu','Hungarian',555555555);
INSERT INTO "JesusFilm" VALUES('AT','pes','6788','fa','Farsi, Western',2000);
INSERT INTO "JesusFilm" VALUES('AZ','pes','6788','fa','Farsi, Western',1200);
INSERT INTO "JesusFilm" VALUES('AZ','rus','3934','ru','Russian',888888888);
INSERT INTO "JesusFilm" VALUES('AZ','ukr','12876','uk','Ukrainian',32000);
INSERT INTO "JesusFilm" VALUES('BS','eng','529','en','English',999999999);
INSERT INTO "JesusFilm" VALUES('BH','arb','22658','ar','Arabic, Modern Standard',999999999);
INSERT INTO "JesusFilm" VALUES('BH','eng','529','en','English',777777777);
INSERT INTO "JesusFilm" VALUES('BH','pes','6788','fa','Farsi, Western',47000);
INSERT INTO "JesusFilm" VALUES('BH','tam','5871','ta','Tamil',18000);
INSERT INTO "JesusFilm" VALUES('BH','urd','407','ur','Urdu',28800);
INSERT INTO "JesusFilm" VALUES('BD','ben','139081','bn','Bengali (Indian)',110000000);
INSERT INTO "JesusFilm" VALUES('BD','ben','139082','bn','Bengali (Bangladeshi)',999999999);
INSERT INTO "JesusFilm" VALUES('BD','hin','6464','hi','Hindi',346000);
INSERT INTO "JesusFilm" VALUES('BD','pan','46771','pa','Punjabi',23700);
INSERT INTO "JesusFilm" VALUES('BB','eng','529','en','English',999999999);
INSERT INTO "JesusFilm" VALUES('BY','rus','3934','ru','Russian',888888888);
INSERT INTO "JesusFilm" VALUES('BY','ukr','12876','uk','Ukrainian',291000);
INSERT INTO "JesusFilm" VALUES('BZ','eng','529','en','English',999999999);
INSERT INTO "JesusFilm" VALUES('BZ','hin','6464','hi','Hindi',0);
INSERT INTO "JesusFilm" VALUES('BZ','spa','21028','es','Spanish, Latin American',101000);
INSERT INTO "JesusFilm" VALUES('BZ','spa','21046','es','Spanish, Castilian',101000);
INSERT INTO "JesusFilm" VALUES('BE','spa','21046','es','Spanish, Castilian',70000);
INSERT INTO "JesusFilm" VALUES('BM','eng','529','en','English',999999999);
INSERT INTO "JesusFilm" VALUES('BT','eng','529','en','English',888888888);
INSERT INTO "JesusFilm" VALUES('BT','hin','6464','hi','Hindi',11000);
INSERT INTO "JesusFilm" VALUES('BO','spa','21028','es','Spanish, Latin American',999999999);
INSERT INTO "JesusFilm" VALUES('BO','spa','21046','es','Spanish, Castilian',3480000);
INSERT INTO "JesusFilm" VALUES('BQ','eng','529','en','English',888888888);
INSERT INTO "JesusFilm" VALUES('BQ','spa','21028','es','Spanish, Latin American',2100);
INSERT INTO "JesusFilm" VALUES('BQ','spa','21046','es','Spanish, Castilian',2100);
INSERT INTO "JesusFilm" VALUES('BA','hrv','1109','hr','Croatian',777777777);
INSERT INTO "JesusFilm" VALUES('BA','srp','5541','sr','Serbian',888888888);
INSERT INTO "JesusFilm" VALUES('BW','eng','529','en','English',888888888);
INSERT INTO "JesusFilm" VALUES('BW','hin','6464','hi','Hindi',100);
INSERT INTO "JesusFilm" VALUES('BW','urd','407','ur','Urdu',100);
INSERT INTO "JesusFilm" VALUES('BR','por','584','pt','Portuguese, Brazil',999999999);
INSERT INTO "JesusFilm" VALUES('BR','ukr','12876','uk','Ukrainian',31000);
INSERT INTO "JesusFilm" VALUES('IO','eng','529','en','English',777777777);
INSERT INTO "JesusFilm" VALUES('BN','cmn','23221','zh','Chinese, Taiwanese Mandarin',10600);
INSERT INTO "JesusFilm" VALUES('BN','eng','529','en','English',888888888);
INSERT INTO "JesusFilm" VALUES('BG','bul','1964','bg','Bulgarian',999999999);
INSERT INTO "JesusFilm" VALUES('BG','srp','5541','sr','Serbian',9000);
INSERT INTO "JesusFilm" VALUES('CV','por','21064','pt','Portuguese, Portugal',999999999);
INSERT INTO "JesusFilm" VALUES('KH','cmn','20615','zh','Chinese, Mandarin',148000);
INSERT INTO "JesusFilm" VALUES('KH','cmn','23221','zh','Chinese, Taiwanese Mandarin',0);
INSERT INTO "JesusFilm" VALUES('KH','eng','529','en','English',888888888);
INSERT INTO "JesusFilm" VALUES('KH','tha','13169','th','Thai',2460);
INSERT INTO "JesusFilm" VALUES('KH','vie','3887','vi','Vietnamese',72800);
INSERT INTO "JesusFilm" VALUES('CM','eng','529','en','English',4400);
INSERT INTO "JesusFilm" VALUES('CA','ben','139081','bn','Bengali (Indian)',64500);
INSERT INTO "JesusFilm" VALUES('CA','bul','1964','bg','Bulgarian',19630);
INSERT INTO "JesusFilm" VALUES('CA','cmn','23221','zh','Chinese, Taiwanese Mandarin',255000);
INSERT INTO "JesusFilm" VALUES('CA','eng','529','en','English',999999999);
INSERT INTO "JesusFilm" VALUES('CA','hin','6464','hi','Hindi',106000);
INSERT INTO "JesusFilm" VALUES('CA','hrv','1109','hr','Croatian',52300);
INSERT INTO "JesusFilm" VALUES('CA','hun','1107','hu','Hungarian',71100);
INSERT INTO "JesusFilm" VALUES('CA','kan','6318','kn','Kannada',3140);
INSERT INTO "JesusFilm" VALUES('CA','mar','6174','mr','Marathi',6660);
INSERT INTO "JesusFilm" VALUES('CA','pan','46771','pa','Punjabi',460000);
INSERT INTO "JesusFilm" VALUES('CA','pes','6788','fa','Farsi, Western',177000);
INSERT INTO "JesusFilm" VALUES('CA','rus','3934','ru','Russian',170000);
INSERT INTO "JesusFilm" VALUES('CA','spa','21028','es','Spanish, Latin American',611000);
INSERT INTO "JesusFilm" VALUES('CA','spa','21046','es','Spanish, Castilian',611000);
INSERT INTO "JesusFilm" VALUES('CA','srp','5541','sr','Serbian',58500);
INSERT INTO "JesusFilm" VALUES('CA','tam','5871','ta','Tamil',143000);
INSERT INTO "JesusFilm" VALUES('CA','tha','13169','th','Thai',8420);
INSERT INTO "JesusFilm" VALUES('CA','ukr','12876','uk','Ukrainian',120000);
INSERT INTO "JesusFilm" VALUES('CA','urd','407','ur','Urdu',194000);
INSERT INTO "JesusFilm" VALUES('CA','vie','3887','vi','Vietnamese',153000);
INSERT INTO "JesusFilm" VALUES('KY','eng','529','en','English',999999999);
INSERT INTO "JesusFilm" VALUES('KY','spa','21028','es','Spanish, Latin American',2210);
INSERT INTO "JesusFilm" VALUES('KY','spa','21046','es','Spanish, Castilian',2210);
INSERT INTO "JesusFilm" VALUES('CL','hrv','1109','hr','Croatian',100);
INSERT INTO "JesusFilm" VALUES('CL','spa','21028','es','Spanish, Latin American',999999999);
INSERT INTO "JesusFilm" VALUES('CL','spa','21046','es','Spanish, Castilian',13800000);
INSERT INTO "JesusFilm" VALUES('CN','cmn','20615','zh','Chinese, Mandarin',999999999);
INSERT INTO "JesusFilm" VALUES('CN','cmn','21211','zh','Chinese, Hui',10676500);
INSERT INTO "JesusFilm" VALUES('CN','cmn','23061','zh','Chinese, Yunnan (Kunming)',884078936);
INSERT INTO "JesusFilm" VALUES('CN','cmn','23062','zh','Chinese, Sichuan',884078936);
INSERT INTO "JesusFilm" VALUES('CN','cmn','23221','zh','Chinese, Taiwanese Mandarin',840000000);
INSERT INTO "JesusFilm" VALUES('CN','cmn','24096','zh','Chinese, Qinghai',0);
INSERT INTO "JesusFilm" VALUES('CN','cmn','53352','zh','Chinese, Guiliu',4000000);
INSERT INTO "JesusFilm" VALUES('CN','eng','529','en','English',777777777);
INSERT INTO "JesusFilm" VALUES('CN','por','21064','pt','Portuguese, Portugal',8980);
INSERT INTO "JesusFilm" VALUES('CN','rus','3934','ru','Russian',2940);
INSERT INTO "JesusFilm" VALUES('CN','vie','3887','vi','Vietnamese',7200);
INSERT INTO "JesusFilm" VALUES('CN','cmn','21753','zh','Chinese, Traditional',840000000);
INSERT INTO "JesusFilm" VALUES('CN','cmn','21754','zh','Chinese, Simplified',840000000);
INSERT INTO "JesusFilm" VALUES('CO','spa','21028','es','Spanish, Latin American',999999999);
INSERT INTO "JesusFilm" VALUES('CO','spa','21046','es','Spanish, Castilian',34000000);
INSERT INTO "JesusFilm" VALUES('KM','arb','22658','ar','Arabic, Modern Standard',999999999);
INSERT INTO "JesusFilm" VALUES('CK','eng','529','en','English',999999999);
INSERT INTO "JesusFilm" VALUES('CK','spa','21028','es','Spanish, Latin American',3300000);
INSERT INTO "JesusFilm" VALUES('CR','spa','21028','es','Spanish, Latin American',999999999);
INSERT INTO "JesusFilm" VALUES('CR','spa','21046','es','Spanish, Castilian',3300000);
INSERT INTO "JesusFilm" VALUES('CI','vie','3887','vi','Vietnamese',100);
INSERT INTO "JesusFilm" VALUES('HR','bul','1964','bg','Bulgarian',330);
INSERT INTO "JesusFilm" VALUES('HR','hrv','1109','hr','Croatian',999999999);
INSERT INTO "JesusFilm" VALUES('HR','hun','1107','hu','Hungarian',16600);
INSERT INTO "JesusFilm" VALUES('HR','srp','5541','sr','Serbian',203900);
INSERT INTO "JesusFilm" VALUES('HR','ukr','12876','uk','Ukrainian',1980);
INSERT INTO "JesusFilm" VALUES('CU','spa','21028','es','Spanish, Latin American',999999999);
INSERT INTO "JesusFilm" VALUES('CU','spa','21046','es','Spanish, Castilian',10000000);
INSERT INTO "JesusFilm" VALUES('CW','eng','529','en','English',777777777);
INSERT INTO "JesusFilm" VALUES('CZ','bul','1964','bg','Bulgarian',4360);
INSERT INTO "JesusFilm" VALUES('CZ','hrv','1109','hr','Croatian',1590);
INSERT INTO "JesusFilm" VALUES('CZ','hun','1107','hu','Hungarian',14700);
INSERT INTO "JesusFilm" VALUES('CZ','srp','5541','sr','Serbian',1800);
INSERT INTO "JesusFilm" VALUES('CZ','ukr','12876','uk','Ukrainian',22100);
INSERT INTO "JesusFilm" VALUES('CZ','vie','3887','vi','Vietnamese',17500);
INSERT INTO "JesusFilm" VALUES('DK','hrv','1109','hr','Croatian',10000);
INSERT INTO "JesusFilm" VALUES('DK','pes','6788','fa','Farsi, Western',12000);
INSERT INTO "JesusFilm" VALUES('DK','srp','5541','sr','Serbian',15000);
INSERT INTO "JesusFilm" VALUES('DK','tam','5871','ta','Tamil',9000);
INSERT INTO "JesusFilm" VALUES('DK','tha','13169','th','Thai',7000);
INSERT INTO "JesusFilm" VALUES('DK','urd','407','ur','Urdu',15000);
INSERT INTO "JesusFilm" VALUES('DK','vie','3887','vi','Vietnamese',12000);
INSERT INTO "JesusFilm" VALUES('DJ','arb','22658','ar','Arabic, Modern Standard',888888888);
INSERT INTO "JesusFilm" VALUES('DJ','hin','6464','hi','Hindi',600);
INSERT INTO "JesusFilm" VALUES('DM','eng','529','en','English',999999999);
INSERT INTO "JesusFilm" VALUES('DO','eng','529','en','English',8000);
INSERT INTO "JesusFilm" VALUES('DO','spa','21028','es','Spanish, Latin American',6890000);
INSERT INTO "JesusFilm" VALUES('DO','spa','21046','es','Spanish, Castilian',6890000);
INSERT INTO "JesusFilm" VALUES('EC','spa','21028','es','Spanish, Latin American',999999999);
INSERT INTO "JesusFilm" VALUES('EC','spa','21046','es','Spanish, Castilian',9500000);
INSERT INTO "JesusFilm" VALUES('EG','arb','53441','ar','Arabic, Egyptian Modern Standard',20000000);
INSERT INTO "JesusFilm" VALUES('SV','spa','21028','es','Spanish, Latin American',999999999);
INSERT INTO "JesusFilm" VALUES('SV','spa','21046','es','Spanish, Castilian',5900000);
INSERT INTO "JesusFilm" VALUES('GQ','spa','21028','es','Spanish, Latin American',11500);
INSERT INTO "JesusFilm" VALUES('GQ','spa','21046','es','Spanish, Castilian',999999999);
INSERT INTO "JesusFilm" VALUES('ER','arb','22658','ar','Arabic, Modern Standard',888888888);
INSERT INTO "JesusFilm" VALUES('ER','eng','529','en','English',777777777);
INSERT INTO "JesusFilm" VALUES('EE','rus','3934','ru','Russian',888888888);
INSERT INTO "JesusFilm" VALUES('ET','eng','529','en','English',1990);
INSERT INTO "JesusFilm" VALUES('FK','eng','529','en','English',999999999);
INSERT INTO "JesusFilm" VALUES('FJ','eng','529','en','English',999999999);
INSERT INTO "JesusFilm" VALUES('FJ','pan','46771','pa','Punjabi',8800);
INSERT INTO "JesusFilm" VALUES('FJ','tam','5871','ta','Tamil',76000);
INSERT INTO "JesusFilm" VALUES('FJ','urd','407','ur','Urdu',4400);
INSERT INTO "JesusFilm" VALUES('FI','spa','21046','es','Spanish, Castilian',3900);
INSERT INTO "JesusFilm" VALUES('FI','vie','3887','vi','Vietnamese',4600);
INSERT INTO "JesusFilm" VALUES('FR','pes','6788','fa','Farsi, Western',40000);
INSERT INTO "JesusFilm" VALUES('FR','spa','21046','es','Spanish, Castilian',759000);
INSERT INTO "JesusFilm" VALUES('GM','eng','529','en','English',999999999);
INSERT INTO "JesusFilm" VALUES('GE','rus','3934','ru','Russian',888888888);
INSERT INTO "JesusFilm" VALUES('GE','ukr','12876','uk','Ukrainian',52000);
INSERT INTO "JesusFilm" VALUES('DE','hin','6464','hi','Hindi',24500);
INSERT INTO "JesusFilm" VALUES('DE','hrv','1109','hr','Croatian',652000);
INSERT INTO "JesusFilm" VALUES('DE','pes','6788','fa','Farsi, Western',90000);
INSERT INTO "JesusFilm" VALUES('DE','spa','21046','es','Spanish, Castilian',134000);
INSERT INTO "JesusFilm" VALUES('DE','tam','5871','ta','Tamil',35000);
INSERT INTO "JesusFilm" VALUES('DE','urd','407','ur','Urdu',23000);
INSERT INTO "JesusFilm" VALUES('DE','vie','3887','vi','Vietnamese',60000);
INSERT INTO "JesusFilm" VALUES('GH','eng','529','en','English',999999999);
INSERT INTO "JesusFilm" VALUES('GI','eng','529','en','English',999999999);
INSERT INTO "JesusFilm" VALUES('GI','spa','21046','es','Spanish, Castilian',888888888);
INSERT INTO "JesusFilm" VALUES('GR','bul','1964','bg','Bulgarian',30000);
INSERT INTO "JesusFilm" VALUES('GR','pes','6788','fa','Farsi, Western',10000);
INSERT INTO "JesusFilm" VALUES('GR','srp','5541','sr','Serbian',0);
INSERT INTO "JesusFilm" VALUES('GD','eng','529','en','English',999999999);
INSERT INTO "JesusFilm" VALUES('GU','eng','529','en','English',999999999);
INSERT INTO "JesusFilm" VALUES('GT','spa','21028','es','Spanish, Latin American',999999999);
INSERT INTO "JesusFilm" VALUES('GT','spa','21046','es','Spanish, Castilian',4670000);
INSERT INTO "JesusFilm" VALUES('GY','eng','529','en','English',999999999);
INSERT INTO "JesusFilm" VALUES('GY','hin','6464','hi','Hindi',0);
INSERT INTO "JesusFilm" VALUES('HN','eng','529','en','English',31500);
INSERT INTO "JesusFilm" VALUES('HN','spa','21028','es','Spanish, Latin American',999999999);
INSERT INTO "JesusFilm" VALUES('HN','spa','21046','es','Spanish, Castilian',5600000);
INSERT INTO "JesusFilm" VALUES('HK','cmn','23221','zh','Chinese, Taiwanese Mandarin',60900);
INSERT INTO "JesusFilm" VALUES('HK','eng','529','en','English',888888888);
INSERT INTO "JesusFilm" VALUES('HU','bul','1964','bg','Bulgarian',1300);
INSERT INTO "JesusFilm" VALUES('HU','hrv','1109','hr','Croatian',14300);
INSERT INTO "JesusFilm" VALUES('HU','hun','1107','hu','Hungarian',999999999);
INSERT INTO "JesusFilm" VALUES('HU','srp','5541','sr','Serbian',3390);
INSERT INTO "JesusFilm" VALUES('HU','ukr','12876','uk','Ukrainian',4890);
INSERT INTO "JesusFilm" VALUES('IN','awa','5603','awa','Awadhi',2530000);
INSERT INTO "JesusFilm" VALUES('IN','ben','139081','bn','Bengali (Indian)',555555555);
INSERT INTO "JesusFilm" VALUES('IN','eng','529','en','English',350000);
INSERT INTO "JesusFilm" VALUES('IN','hin','6464','hi','Hindi',999999999);
INSERT INTO "JesusFilm" VALUES('IN','kan','6318','kn','Kannada',37700000);
INSERT INTO "JesusFilm" VALUES('IN','mar','6174','mr','Marathi',71700000);
INSERT INTO "JesusFilm" VALUES('IN','pan','46771','pa','Punjabi',28200000);
INSERT INTO "JesusFilm" VALUES('IN','pes','6788','fa','Farsi, Western',18000);
INSERT INTO "JesusFilm" VALUES('IN','tam','5871','ta','Tamil',60700000);
INSERT INTO "JesusFilm" VALUES('IN','urd','407','ur','Urdu',51500000);
INSERT INTO "JesusFilm" VALUES('ID','cmn','23221','zh','Chinese, Taiwanese Mandarin',460000);
INSERT INTO "JesusFilm" VALUES('ID','ind','16639','id','Indonesian (Yesus)',999999999);
INSERT INTO "JesusFilm" VALUES('ID','ind','184566','id','Indonesian (Isa)',999999);
INSERT INTO "JesusFilm" VALUES('IR','pes','6788','fa','Farsi, Western',999999999);
INSERT INTO "JesusFilm" VALUES('IQ','arb','22658','ar','Arabic, Modern Standard',999999999);
INSERT INTO "JesusFilm" VALUES('IQ','pes','6788','fa','Farsi, Western',227000);
INSERT INTO "JesusFilm" VALUES('IE','eng','529','en','English',888888888);
INSERT INTO "JesusFilm" VALUES('IM','eng','529','en','English',999999999);
INSERT INTO "JesusFilm" VALUES('IL','arb','22658','ar','Arabic, Modern Standard',888888888);
INSERT INTO "JesusFilm" VALUES('IL','bul','1964','bg','Bulgarian',100);
INSERT INTO "JesusFilm" VALUES('IL','eng','529','en','English',555555555);
INSERT INTO "JesusFilm" VALUES('IL','hun','1107','hu','Hungarian',70000);
INSERT INTO "JesusFilm" VALUES('IL','mar','6174','mr','Marathi',8000);
INSERT INTO "JesusFilm" VALUES('IL','pes','6788','fa','Farsi, Western',100);
INSERT INTO "JesusFilm" VALUES('IL','rus','3934','ru','Russian',750000);
INSERT INTO "JesusFilm" VALUES('IL','spa','21046','es','Spanish, Castilian',60000);
INSERT INTO "JesusFilm" VALUES('IT','hrv','1109','hr','Croatian',1000);
INSERT INTO "JesusFilm" VALUES('JM','eng','529','en','English',999999999);
INSERT INTO "JesusFilm" VALUES('JM','spa','21028','es','Spanish, Latin American',8000);
INSERT INTO "JesusFilm" VALUES('JM','spa','21046','es','Spanish, Castilian',8000);
INSERT INTO "JesusFilm" VALUES('JO','arb','22658','ar','Arabic, Modern Standard',999999999);
INSERT INTO "JesusFilm" VALUES('KZ','rus','3934','ru','Russian',888888888);
INSERT INTO "JesusFilm" VALUES('KZ','rus','20899','ru','Russian, Central Asian',3882000);
INSERT INTO "JesusFilm" VALUES('KZ','ukr','12876','uk','Ukrainian',898000);
INSERT INTO "JesusFilm" VALUES('KE','eng','529','en','English',999999999);
INSERT INTO "JesusFilm" VALUES('KE','hin','6464','hi','Hindi',5300);
INSERT INTO "JesusFilm" VALUES('KE','pan','46771','pa','Punjabi',10000);
INSERT INTO "JesusFilm" VALUES('KI','eng','529','en','English',999999999);
INSERT INTO "JesusFilm" VALUES('KR','cmn','23221','zh','Chinese, Taiwanese Mandarin',181000);
INSERT INTO "JesusFilm" VALUES('KW','arb','22658','ar','Arabic, Modern Standard',999999999);
INSERT INTO "JesusFilm" VALUES('KG','rus','3934','ru','Russian',888888888);
INSERT INTO "JesusFilm" VALUES('KG','ukr','12876','uk','Ukrainian',109000);
INSERT INTO "JesusFilm" VALUES('LA','cmn','20615','zh','Chinese, Mandarin',9800);
INSERT INTO "JesusFilm" VALUES('LA','cmn','23221','zh','Chinese, Taiwanese Mandarin',0);
INSERT INTO "JesusFilm" VALUES('LA','vie','3887','vi','Vietnamese',76000);
INSERT INTO "JesusFilm" VALUES('LV','rus','3934','ru','Russian',888888888);
INSERT INTO "JesusFilm" VALUES('LV','ukr','12876','uk','Ukrainian',78000);
INSERT INTO "JesusFilm" VALUES('LB','arb','22658','ar','Arabic, Modern Standard',999999999);
INSERT INTO "JesusFilm" VALUES('LB','eng','529','en','English',777777777);
INSERT INTO "JesusFilm" VALUES('LS','eng','529','en','English',888888888);
INSERT INTO "JesusFilm" VALUES('LR','eng','529','en','English',999999999);
INSERT INTO "JesusFilm" VALUES('LY','arb','22658','ar','Arabic, Modern Standard',999999999);
INSERT INTO "JesusFilm" VALUES('LY','bul','1964','bg','Bulgarian',2700);
INSERT INTO "JesusFilm" VALUES('LY','cmn','23221','zh','Chinese, Taiwanese Mandarin',1730);
INSERT INTO "JesusFilm" VALUES('LY','eng','529','en','English',10200);
INSERT INTO "JesusFilm" VALUES('LY','pan','46771','pa','Punjabi',54000);
INSERT INTO "JesusFilm" VALUES('LY','srp','5541','sr','Serbian',21500);
INSERT INTO "JesusFilm" VALUES('LT','rus','3934','ru','Russian',888888888);
INSERT INTO "JesusFilm" VALUES('LT','ukr','12876','uk','Ukrainian',45000);
INSERT INTO "JesusFilm" VALUES('MO','cmn','23221','zh','Chinese, Taiwanese Mandarin',6660);
INSERT INTO "JesusFilm" VALUES('MK','srp','5541','sr','Serbian',33300);
INSERT INTO "JesusFilm" VALUES('MG','eng','529','en','English',777777777);
INSERT INTO "JesusFilm" VALUES('MW','ben','139081','bn','Bengali (Indian)',100);
INSERT INTO "JesusFilm" VALUES('MW','eng','529','en','English',999999999);
INSERT INTO "JesusFilm" VALUES('MW','urd','407','ur','Urdu',100);
INSERT INTO "JesusFilm" VALUES('MY','cmn','20615','zh','Chinese, Mandarin',777777777);
INSERT INTO "JesusFilm" VALUES('MY','cmn','23221','zh','Chinese, Taiwanese Mandarin',0);
INSERT INTO "JesusFilm" VALUES('MY','eng','529','en','English',888888888);
INSERT INTO "JesusFilm" VALUES('MY','pan','46771','pa','Punjabi',56400);
INSERT INTO "JesusFilm" VALUES('MY','tam','5871','ta','Tamil',3780000);
INSERT INTO "JesusFilm" VALUES('MV','eng','529','en','English',888888888);
INSERT INTO "JesusFilm" VALUES('MT','eng','529','en','English',888888888);
INSERT INTO "JesusFilm" VALUES('MH','eng','529','en','English',999999999);
INSERT INTO "JesusFilm" VALUES('MQ','vie','3887','vi','Vietnamese',330);
INSERT INTO "JesusFilm" VALUES('MU','cmn','20615','zh','Chinese, Mandarin',1300);
INSERT INTO "JesusFilm" VALUES('MU','cmn','23221','zh','Chinese, Taiwanese Mandarin',0);
INSERT INTO "JesusFilm" VALUES('MU','eng','529','en','English',999999999);
INSERT INTO "JesusFilm" VALUES('MU','mar','6174','mr','Marathi',11800);
INSERT INTO "JesusFilm" VALUES('MU','pan','46771','pa','Punjabi',26000);
INSERT INTO "JesusFilm" VALUES('MU','tam','5871','ta','Tamil',31000);
INSERT INTO "JesusFilm" VALUES('MU','urd','407','ur','Urdu',64000);
INSERT INTO "JesusFilm" VALUES('MX','spa','21028','es','Spanish, Latin American',999999999);
INSERT INTO "JesusFilm" VALUES('MX','spa','21046','es','Spanish, Castilian',86200000);
INSERT INTO "JesusFilm" VALUES('FM','eng','529','en','English',999999999);
INSERT INTO "JesusFilm" VALUES('MD','bul','1964','bg','Bulgarian',395000);
INSERT INTO "JesusFilm" VALUES('MD','rus','3934','ru','Russian',888888888);
INSERT INTO "JesusFilm" VALUES('MD','ukr','12876','uk','Ukrainian',600000);
INSERT INTO "JesusFilm" VALUES('MN','cmn','23221','zh','Chinese, Taiwanese Mandarin',35000);
INSERT INTO "JesusFilm" VALUES('MN','rus','3934','ru','Russian',888888888);
INSERT INTO "JesusFilm" VALUES('ME','hrv','1109','hr','Croatian',888888888);
INSERT INTO "JesusFilm" VALUES('MS','eng','529','en','English',999999999);
INSERT INTO "JesusFilm" VALUES('MA','arb','22658','ar','Arabic, Modern Standard',999999999);
INSERT INTO "JesusFilm" VALUES('MA','spa','21046','es','Spanish, Castilian',20000);
INSERT INTO "JesusFilm" VALUES('MZ','por','139136','pt','Portuguese, Mozambique',15000000);
INSERT INTO "JesusFilm" VALUES('MM','cmn','23221','zh','Chinese, Taiwanese Mandarin',500000);
INSERT INTO "JesusFilm" VALUES('NA','eng','529','en','English',999999999);
INSERT INTO "JesusFilm" VALUES('NR','eng','529','en','English',888888888);
INSERT INTO "JesusFilm" VALUES('NP','ben','139081','bn','Bengali (Indian)',23600);
INSERT INTO "JesusFilm" VALUES('NP','hin','6464','hi','Hindi',888888888);
INSERT INTO "JesusFilm" VALUES('NP','urd','407','ur','Urdu',175000);
INSERT INTO "JesusFilm" VALUES('NL','ind','16639','id','Indonesian (Yesus)',300000);
INSERT INTO "JesusFilm" VALUES('NL','pes','6788','fa','Farsi, Western',5000);
INSERT INTO "JesusFilm" VALUES('NL','tam','5871','ta','Tamil',7000);
INSERT INTO "JesusFilm" VALUES('NL','vie','3887','vi','Vietnamese',16000);
INSERT INTO "JesusFilm" VALUES('NC','vie','3887','vi','Vietnamese',2360);
INSERT INTO "JesusFilm" VALUES('NZ','eng','529','en','English',999999999);
INSERT INTO "JesusFilm" VALUES('NZ','hin','6464','hi','Hindi',11200);
INSERT INTO "JesusFilm" VALUES('NI','spa','21028','es','Spanish, Latin American',999999999);
INSERT INTO "JesusFilm" VALUES('NI','spa','21046','es','Spanish, Castilian',4350000);
INSERT INTO "JesusFilm" VALUES('NG','eng','529','en','English',999999999);
INSERT INTO "JesusFilm" VALUES('NU','eng','529','en','English',999999999);
INSERT INTO "JesusFilm" VALUES('NF','eng','529','en','English',999999999);
INSERT INTO "JesusFilm" VALUES('MP','eng','529','en','English',2800);
INSERT INTO "JesusFilm" VALUES('NO','spa','21046','es','Spanish, Castilian',6500);
INSERT INTO "JesusFilm" VALUES('NO','urd','407','ur','Urdu',29000);
INSERT INTO "JesusFilm" VALUES('NO','vie','3887','vi','Vietnamese',99000);
INSERT INTO "JesusFilm" VALUES('OM','arb','22658','ar','Arabic, Modern Standard',999999999);
INSERT INTO "JesusFilm" VALUES('OM','eng','529','en','English',888888888);
INSERT INTO "JesusFilm" VALUES('OM','pes','6788','fa','Farsi, Western',25000);
INSERT INTO "JesusFilm" VALUES('OM','urd','407','ur','Urdu',30000);
INSERT INTO "JesusFilm" VALUES('PK','eng','529','en','English',888888888);
INSERT INTO "JesusFilm" VALUES('PK','urd','407','ur','Urdu',999999999);
INSERT INTO "JesusFilm" VALUES('PW','eng','529','en','English',999999999);
INSERT INTO "JesusFilm" VALUES('PS','arb','22658','ar','Arabic, Modern Standard',999999999);
INSERT INTO "JesusFilm" VALUES('PA','spa','21028','es','Spanish, Latin American',999999999);
INSERT INTO "JesusFilm" VALUES('PA','spa','21046','es','Spanish, Castilian',2100000);
INSERT INTO "JesusFilm" VALUES('PG','eng','529','en','English',888888888);
INSERT INTO "JesusFilm" VALUES('PY','spa','21028','es','Spanish, Latin American',999999999);
INSERT INTO "JesusFilm" VALUES('PY','spa','21046','es','Spanish, Castilian',3500000);
INSERT INTO "JesusFilm" VALUES('PE','spa','21028','es','Spanish, Latin American',999999999);
INSERT INTO "JesusFilm" VALUES('PE','spa','21046','es','Spanish, Castilian',20000000);
INSERT INTO "JesusFilm" VALUES('PH','cmn','23221','zh','Chinese, Taiwanese Mandarin',500);
INSERT INTO "JesusFilm" VALUES('PH','eng','529','en','English',888888888);
INSERT INTO "JesusFilm" VALUES('PH','hin','6464','hi','Hindi',2420);
INSERT INTO "JesusFilm" VALUES('PH','ind','16639','id','Indonesian (Yesus)',2580);
INSERT INTO "JesusFilm" VALUES('PH','spa','21028','es','Spanish, Latin American',2660);
INSERT INTO "JesusFilm" VALUES('PH','spa','21046','es','Spanish, Castilian',2660);
INSERT INTO "JesusFilm" VALUES('PH','vie','3887','vi','Vietnamese',100);
INSERT INTO "JesusFilm" VALUES('PN','eng','529','en','English',999999999);
INSERT INTO "JesusFilm" VALUES('PL','ukr','12876','uk','Ukrainian',150000);
INSERT INTO "JesusFilm" VALUES('PT','por','21064','pt','Portuguese, Portugal',999999999);
INSERT INTO "JesusFilm" VALUES('PR','eng','529','en','English',888888888);
INSERT INTO "JesusFilm" VALUES('PR','spa','21028','es','Spanish, Latin American',999999999);
INSERT INTO "JesusFilm" VALUES('PR','spa','21046','es','Spanish, Castilian',3440000);
INSERT INTO "JesusFilm" VALUES('QA','arb','22658','ar','Arabic, Modern Standard',999999999);
INSERT INTO "JesusFilm" VALUES('QA','pes','6788','fa','Farsi, Western',73000);
INSERT INTO "JesusFilm" VALUES('QA','tam','5871','ta','Tamil',2200);
INSERT INTO "JesusFilm" VALUES('QA','urd','407','ur','Urdu',20000);
INSERT INTO "JesusFilm" VALUES('RE','tam','5871','ta','Tamil',43000);
INSERT INTO "JesusFilm" VALUES('RO','bul','1964','bg','Bulgarian',6750);
INSERT INTO "JesusFilm" VALUES('RO','hun','1107','hu','Hungarian',1450000);
INSERT INTO "JesusFilm" VALUES('RO','hun','108102','hu','Csango',65000);
INSERT INTO "JesusFilm" VALUES('RO','srp','5541','sr','Serbian',27000);
INSERT INTO "JesusFilm" VALUES('RO','ukr','12876','uk','Ukrainian',57600);
INSERT INTO "JesusFilm" VALUES('RU','bul','1964','bg','Bulgarian',22900);
INSERT INTO "JesusFilm" VALUES('RU','cmn','20615','zh','Chinese, Mandarin',100);
INSERT INTO "JesusFilm" VALUES('RU','hun','1107','hu','Hungarian',6890);
INSERT INTO "JesusFilm" VALUES('RU','rus','3934','ru','Russian',999999999);
INSERT INTO "JesusFilm" VALUES('RU','srp','5541','sr','Serbian',11000);
INSERT INTO "JesusFilm" VALUES('RU','ukr','12876','uk','Ukrainian',1130000);
INSERT INTO "JesusFilm" VALUES('RU','vie','3887','vi','Vietnamese',10100);
INSERT INTO "JesusFilm" VALUES('RW','eng','529','en','English',777777777);
INSERT INTO "JesusFilm" VALUES('BL','eng','529','en','English',100);
INSERT INTO "JesusFilm" VALUES('SH','eng','529','en','English',5400);
INSERT INTO "JesusFilm" VALUES('KN','eng','529','en','English',999999999);
INSERT INTO "JesusFilm" VALUES('LC','eng','529','en','English',999999999);
INSERT INTO "JesusFilm" VALUES('MF','eng','529','en','English',888888888);
INSERT INTO "JesusFilm" VALUES('PM','eng','529','en','English',190);
INSERT INTO "JesusFilm" VALUES('VC','eng','529','en','English',999999999);
INSERT INTO "JesusFilm" VALUES('WS','eng','529','en','English',888888888);
INSERT INTO "JesusFilm" VALUES('SA','arb','22658','ar','Arabic, Modern Standard',999999999);
INSERT INTO "JesusFilm" VALUES('SA','ben','139081','bn','Bengali (Indian)',15000);
INSERT INTO "JesusFilm" VALUES('SA','eng','529','en','English',60000);
INSERT INTO "JesusFilm" VALUES('SA','ind','16639','id','Indonesian (Yesus)',37000);
INSERT INTO "JesusFilm" VALUES('SA','pes','6788','fa','Farsi, Western',102000);
INSERT INTO "JesusFilm" VALUES('SA','urd','407','ur','Urdu',382000);
INSERT INTO "JesusFilm" VALUES('SN','vie','3887','vi','Vietnamese',100);
INSERT INTO "JesusFilm" VALUES('RS','bul','1964','bg','Bulgarian',60000);
INSERT INTO "JesusFilm" VALUES('RS','hrv','1109','hr','Croatian',114000);
INSERT INTO "JesusFilm" VALUES('RS','hun','1107','hu','Hungarian',287000);
INSERT INTO "JesusFilm" VALUES('RS','srp','5541','sr','Serbian',999999999);
INSERT INTO "JesusFilm" VALUES('RS','ukr','12876','uk','Ukrainian',2960);
INSERT INTO "JesusFilm" VALUES('SC','eng','529','en','English',777777777);
INSERT INTO "JesusFilm" VALUES('SL','eng','529','en','English',999999999);
INSERT INTO "JesusFilm" VALUES('SG','ben','139081','bn','Bengali (Indian)',600);
INSERT INTO "JesusFilm" VALUES('SG','cmn','23221','zh','Chinese, Taiwanese Mandarin',1210000);
INSERT INTO "JesusFilm" VALUES('SG','eng','529','en','English',555555555);
INSERT INTO "JesusFilm" VALUES('SG','hin','6464','hi','Hindi',9000);
INSERT INTO "JesusFilm" VALUES('SG','ind','16639','id','Indonesian (Yesus)',5300);
INSERT INTO "JesusFilm" VALUES('SG','pan','46771','pa','Punjabi',9500);
INSERT INTO "JesusFilm" VALUES('SG','tam','5871','ta','Tamil',777777777);
INSERT INTO "JesusFilm" VALUES('SG','tha','13169','th','Thai',30000);
INSERT INTO "JesusFilm" VALUES('SG','urd','407','ur','Urdu',3000);
INSERT INTO "JesusFilm" VALUES('SX','eng','529','en','English',888888888);
INSERT INTO "JesusFilm" VALUES('SK','bul','1964','bg','Bulgarian',1180);
INSERT INTO "JesusFilm" VALUES('SK','hrv','1109','hr','Croatian',890);
INSERT INTO "JesusFilm" VALUES('SK','hun','1107','hu','Hungarian',521000);
INSERT INTO "JesusFilm" VALUES('SK','ukr','12876','uk','Ukrainian',10800);
INSERT INTO "JesusFilm" VALUES('SI','hrv','1109','hr','Croatian',155000);
INSERT INTO "JesusFilm" VALUES('SI','hun','1107','hu','Hungarian',9240);
INSERT INTO "JesusFilm" VALUES('SB','eng','529','en','English',999999999);
INSERT INTO "JesusFilm" VALUES('SO','eng','529','en','English',777777777);
INSERT INTO "JesusFilm" VALUES('ZA','eng','529','en','English',888888888);
INSERT INTO "JesusFilm" VALUES('ZA','hin','6464','hi','Hindi',361000);
INSERT INTO "JesusFilm" VALUES('ZA','tam','5871','ta','Tamil',26000);
INSERT INTO "JesusFilm" VALUES('ZA','urd','407','ur','Urdu',12000);
INSERT INTO "JesusFilm" VALUES('SS','eng','529','en','English',999999999);
INSERT INTO "JesusFilm" VALUES('ES','pes','6788','fa','Farsi, Western',25000);
INSERT INTO "JesusFilm" VALUES('ES','spa','21046','es','Spanish, Castilian',999999999);
INSERT INTO "JesusFilm" VALUES('LK','eng','529','en','English',777777777);
INSERT INTO "JesusFilm" VALUES('LK','tam','5871','ta','Tamil',888888888);
INSERT INTO "JesusFilm" VALUES('SD','arb','22658','ar','Arabic, Modern Standard',999999999);
INSERT INTO "JesusFilm" VALUES('SD','eng','529','en','English',777777777);
INSERT INTO "JesusFilm" VALUES('SZ','eng','529','en','English',999999999);
INSERT INTO "JesusFilm" VALUES('SE','pes','6788','fa','Farsi, Western',74000);
INSERT INTO "JesusFilm" VALUES('SE','spa','21046','es','Spanish, Castilian',35000);
INSERT INTO "JesusFilm" VALUES('CH','spa','21046','es','Spanish, Castilian',117000);
INSERT INTO "JesusFilm" VALUES('CH','srp','5541','sr','Serbian',142000);
INSERT INTO "JesusFilm" VALUES('SY','arb','22658','ar','Arabic, Modern Standard',999999999);
INSERT INTO "JesusFilm" VALUES('SY','pes','6788','fa','Farsi, Western',53000);
INSERT INTO "JesusFilm" VALUES('TW','cmn','23221','zh','Chinese, Taiwanese Mandarin',999999999);
INSERT INTO "JesusFilm" VALUES('TW','vie','3887','vi','Vietnamese',119000);
INSERT INTO "JesusFilm" VALUES('TJ','pes','6788','fa','Farsi, Western',777777777);
INSERT INTO "JesusFilm" VALUES('TJ','rus','3934','ru','Russian',888888888);
INSERT INTO "JesusFilm" VALUES('TJ','ukr','12876','uk','Ukrainian',41000);
INSERT INTO "JesusFilm" VALUES('TZ','arb','22658','ar','Arabic, Modern Standard',99000);
INSERT INTO "JesusFilm" VALUES('TZ','eng','529','en','English',888888888);
INSERT INTO "JesusFilm" VALUES('TH','cmn','23221','zh','Chinese, Taiwanese Mandarin',5880);
INSERT INTO "JesusFilm" VALUES('TH','tam','5871','ta','Tamil',35000);
INSERT INTO "JesusFilm" VALUES('TH','tha','13169','th','Thai',999999999);
INSERT INTO "JesusFilm" VALUES('TH','urd','407','ur','Urdu',7300);
INSERT INTO "JesusFilm" VALUES('TH','vie','3887','vi','Vietnamese',123000);
INSERT INTO "JesusFilm" VALUES('TK','eng','529','en','English',888888888);
INSERT INTO "JesusFilm" VALUES('TO','eng','529','en','English',888888888);
INSERT INTO "JesusFilm" VALUES('TT','eng','529','en','English',999999999);
INSERT INTO "JesusFilm" VALUES('TT','spa','21028','es','Spanish, Latin American',4100);
INSERT INTO "JesusFilm" VALUES('TT','spa','21046','es','Spanish, Castilian',4100);
INSERT INTO "JesusFilm" VALUES('TN','arb','22658','ar','Arabic, Modern Standard',999999999);
INSERT INTO "JesusFilm" VALUES('TR','bul','1964','bg','Bulgarian',300000);
INSERT INTO "JesusFilm" VALUES('TR','pes','6788','fa','Farsi, Western',500000);
INSERT INTO "JesusFilm" VALUES('TR','srp','5541','sr','Serbian',20000);
INSERT INTO "JesusFilm" VALUES('TM','pes','6788','fa','Farsi, Western',8000);
INSERT INTO "JesusFilm" VALUES('TM','rus','3934','ru','Russian',888888888);
INSERT INTO "JesusFilm" VALUES('TM','ukr','12876','uk','Ukrainian',37100);
INSERT INTO "JesusFilm" VALUES('TC','eng','529','en','English',999999999);
INSERT INTO "JesusFilm" VALUES('TV','eng','529','en','English',888888888);
INSERT INTO "JesusFilm" VALUES('UG','eng','529','en','English',999999999);
INSERT INTO "JesusFilm" VALUES('UA','bul','1964','bg','Bulgarian',234000);
INSERT INTO "JesusFilm" VALUES('UA','hun','1107','hu','Hungarian',157000);
INSERT INTO "JesusFilm" VALUES('UA','rus','3934','ru','Russian',888888888);
INSERT INTO "JesusFilm" VALUES('UA','srp','5541','sr','Serbian',5000);
INSERT INTO "JesusFilm" VALUES('UA','ukr','12876','uk','Ukrainian',999999999);
INSERT INTO "JesusFilm" VALUES('AE','arb','22658','ar','Arabic, Modern Standard',999999999);
INSERT INTO "JesusFilm" VALUES('AE','ben','139081','bn','Bengali (Indian)',70000);
INSERT INTO "JesusFilm" VALUES('AE','eng','529','en','English',777777777);
INSERT INTO "JesusFilm" VALUES('AE','hin','6464','hi','Hindi',82000);
INSERT INTO "JesusFilm" VALUES('AE','pan','46771','pa','Punjabi',244000);
INSERT INTO "JesusFilm" VALUES('AE','pes','6788','fa','Farsi, Western',80000);
INSERT INTO "JesusFilm" VALUES('AE','srp','5541','sr','Serbian',100);
INSERT INTO "JesusFilm" VALUES('AE','tam','5871','ta','Tamil',100);
INSERT INTO "JesusFilm" VALUES('AE','tha','13169','th','Thai',3000);
INSERT INTO "JesusFilm" VALUES('AE','urd','407','ur','Urdu',12000);
INSERT INTO "JesusFilm" VALUES('GB','ben','139081','bn','Bengali (Indian)',400000);
INSERT INTO "JesusFilm" VALUES('GB','eng','529','en','English',999999999);
INSERT INTO "JesusFilm" VALUES('GB','hin','6464','hi','Hindi',480000);
INSERT INTO "JesusFilm" VALUES('GB','pan','46771','pa','Punjabi',471000);
INSERT INTO "JesusFilm" VALUES('GB','pes','6788','fa','Farsi, Western',12000);
INSERT INTO "JesusFilm" VALUES('GB','tam','5871','ta','Tamil',119000);
INSERT INTO "JesusFilm" VALUES('GB','urd','407','ur','Urdu',400000);
INSERT INTO "JesusFilm" VALUES('GB','vie','3887','vi','Vietnamese',22000);
INSERT INTO "JesusFilm" VALUES('US','ben','139081','bn','Bengali (Indian)',190000);
INSERT INTO "JesusFilm" VALUES('US','bul','1964','bg','Bulgarian',57000);
INSERT INTO "JesusFilm" VALUES('US','cmn','23221','zh','Chinese, Taiwanese Mandarin',381000);
INSERT INTO "JesusFilm" VALUES('US','eng','529','en','English',999999999);
INSERT INTO "JesusFilm" VALUES('US','eng','23156','en','English, Native North American',423000);
INSERT INTO "JesusFilm" VALUES('US','hin','6464','hi','Hindi',531000);
INSERT INTO "JesusFilm" VALUES('US','hrv','1109','hr','Croatian',57600);
INSERT INTO "JesusFilm" VALUES('US','hun','1107','hu','Hungarian',94100);
INSERT INTO "JesusFilm" VALUES('US','ind','16639','id','Indonesian (Yesus)',60700);
INSERT INTO "JesusFilm" VALUES('US','kan','6318','kn','Kannada',35900);
INSERT INTO "JesusFilm" VALUES('US','mar','6174','mr','Marathi',54200);
INSERT INTO "JesusFilm" VALUES('US','pan','46771','pa','Punjabi',208000);
INSERT INTO "JesusFilm" VALUES('US','pes','6788','fa','Farsi, Western',359000);
INSERT INTO "JesusFilm" VALUES('US','rus','3934','ru','Russian',846000);
INSERT INTO "JesusFilm" VALUES('US','spa','21028','es','Spanish, Latin American',28100000);
INSERT INTO "JesusFilm" VALUES('US','spa','21046','es','Spanish, Castilian',28100000);
INSERT INTO "JesusFilm" VALUES('US','srp','5541','sr','Serbian',63800);
INSERT INTO "JesusFilm" VALUES('US','tam','5871','ta','Tamil',131000);
INSERT INTO "JesusFilm" VALUES('US','tha','13169','th','Thai',140000);
INSERT INTO "JesusFilm" VALUES('US','ukr','12876','uk','Ukrainian',143000);
INSERT INTO "JesusFilm" VALUES('US','urd','407','ur','Urdu',335000);
INSERT INTO "JesusFilm" VALUES('US','vie','3887','vi','Vietnamese',1204000);
INSERT INTO "JesusFilm" VALUES('UY','spa','21028','es','Spanish, Latin American',999999999);
INSERT INTO "JesusFilm" VALUES('UY','spa','21046','es','Spanish, Castilian',3000000);
INSERT INTO "JesusFilm" VALUES('UZ','pes','6788','fa','Farsi, Western',31100);
INSERT INTO "JesusFilm" VALUES('UZ','rus','3934','ru','Russian',888888888);
INSERT INTO "JesusFilm" VALUES('UZ','ukr','12876','uk','Ukrainian',153000);
INSERT INTO "JesusFilm" VALUES('VU','eng','529','en','English',999999999);
INSERT INTO "JesusFilm" VALUES('VU','vie','3887','vi','Vietnamese',770);
INSERT INTO "JesusFilm" VALUES('VE','spa','21028','es','Spanish, Latin American',999999999);
INSERT INTO "JesusFilm" VALUES('VE','spa','21046','es','Spanish, Castilian',21500000);
INSERT INTO "JesusFilm" VALUES('VN','cmn','20615','zh','Chinese, Mandarin',100);
INSERT INTO "JesusFilm" VALUES('VN','cmn','23221','zh','Chinese, Taiwanese Mandarin',0);
INSERT INTO "JesusFilm" VALUES('VN','vie','3887','vi','Vietnamese',999999999);
INSERT INTO "JesusFilm" VALUES('VN','vie','22500','vi','Vietnamese, Northern',23000000);
INSERT INTO "JesusFilm" VALUES('VG','eng','529','en','English',999999999);
INSERT INTO "JesusFilm" VALUES('VI','eng','529','en','English',999999999);
INSERT INTO "JesusFilm" VALUES('VI','spa','21028','es','Spanish, Latin American',4440);
INSERT INTO "JesusFilm" VALUES('VI','spa','21046','es','Spanish, Castilian',4440);
INSERT INTO "JesusFilm" VALUES('YE','arb','22658','ar','Arabic, Modern Standard',999999999);
INSERT INTO "JesusFilm" VALUES('YE','hin','6464','hi','Hindi',233000);
INSERT INTO "JesusFilm" VALUES('ZM','cmn','23221','zh','Chinese, Taiwanese Mandarin',20000);
INSERT INTO "JesusFilm" VALUES('ZM','eng','529','en','English',999999999);
INSERT INTO "JesusFilm" VALUES('ZM','hin','6464','hi','Hindi',100);
INSERT INTO "JesusFilm" VALUES('ZM','srp','5541','sr','Serbian',2000);
INSERT INTO "JesusFilm" VALUES('ZM','urd','407','ur','Urdu',100);
INSERT INTO "JesusFilm" VALUES('ZW','eng','529','en','English',999999999);
CREATE TABLE Identity( versionCode TEXT NOT NULL PRIMARY KEY, filename TEXT NOT NULL, bibleVersion TEXT NOT NULL, datetime TEXT NOT NULL, appVersion TEXT NOT NULL, publisher TEXT NOT NULL);
INSERT INTO "Identity" VALUES('ARBVDPD','ARBVDPD.db','1.1','2016-12-19T15:47','1.6.2','garygriswold');
INSERT INTO "Identity" VALUES('ERV-ARB','ERV-ARB.db','1.1','2016-12-19T15:47','1.6.2','garygriswold');
INSERT INTO "Identity" VALUES('ERV-AWA','ERV-AWA.db','1.1','2016-12-19T15:47','1.6.2','garygriswold');
INSERT INTO "Identity" VALUES('ERV-BEN','ERV-BEN.db','1.1','2016-12-19T15:47','1.6.2','garygriswold');
INSERT INTO "Identity" VALUES('ERV-BUL','ERV-BUL.db','1.1','2016-12-19T15:47','1.6.2','garygriswold');
INSERT INTO "Identity" VALUES('ERV-CMN','ERV-CMN.db','1.1','2016-12-19T15:47','1.6.2','garygriswold');
INSERT INTO "Identity" VALUES('ERV-ENG','ERV-ENG.db','1.1','2016-12-19T15:47','1.6.2','garygriswold');
INSERT INTO "Identity" VALUES('ERV-HIN','ERV-HIN.db','1.1','2016-12-19T15:47','1.6.2','garygriswold');
INSERT INTO "Identity" VALUES('ERV-HRV','ERV-HRV.db','1.1','2016-12-19T15:47','1.6.2','garygriswold');
INSERT INTO "Identity" VALUES('ERV-HUN','ERV-HUN.db','1.1','2016-12-19T15:47','1.6.2','garygriswold');
INSERT INTO "Identity" VALUES('ERV-IND','ERV-IND.db','1.1','2016-12-19T15:47','1.6.2','garygriswold');
INSERT INTO "Identity" VALUES('ERV-KAN','ERV-KAN.db','1.1','2016-12-19T15:47','1.6.2','garygriswold');
INSERT INTO "Identity" VALUES('ERV-MAR','ERV-MAR.db','1.1','2016-12-19T15:47','1.6.2','garygriswold');
INSERT INTO "Identity" VALUES('ERV-NEP','ERV-NEP.db','1.1','2016-12-19T15:47','1.6.2','garygriswold');
INSERT INTO "Identity" VALUES('ERV-ORI','ERV-ORI.db','1.1','2016-12-19T15:47','1.6.2','garygriswold');
INSERT INTO "Identity" VALUES('ERV-PAN','ERV-PAN.db','1.1','2016-12-19T15:47','1.6.2','garygriswold');
INSERT INTO "Identity" VALUES('ERV-POR','ERV-POR.db','1.1','2016-12-19T15:47','1.6.2','garygriswold');
INSERT INTO "Identity" VALUES('ERV-RUS','ERV-RUS.db','1.1','2016-12-19T15:47','1.6.2','garygriswold');
INSERT INTO "Identity" VALUES('ERV-SPA','ERV-SPA.db','1.1','2016-12-19T15:47','1.6.2','garygriswold');
INSERT INTO "Identity" VALUES('ERV-SRP','ERV-SRP.db','1.1','2016-12-19T15:47','1.6.2','garygriswold');
INSERT INTO "Identity" VALUES('ERV-TAM','ERV-TAM.db','1.1','2016-12-19T15:47','1.6.2','garygriswold');
INSERT INTO "Identity" VALUES('ERV-THA','ERV-THA.db','1.1','2016-12-19T15:47','1.6.2','garygriswold');
INSERT INTO "Identity" VALUES('ERV-UKR','ERV-UKR.db','1.1','2016-12-19T15:47','1.6.2','garygriswold');
INSERT INTO "Identity" VALUES('ERV-URD','ERV-URD.db','1.1','2016-12-19T15:47','1.6.2','garygriswold');
INSERT INTO "Identity" VALUES('ERV-VIE','ERV-VIE.db','1.1','2016-12-19T15:47','1.6.2','garygriswold');
INSERT INTO "Identity" VALUES('KJVPD','KJVPD.db','1.1','2016-12-19T15:47','1.6.2','garygriswold');
INSERT INTO "Identity" VALUES('NMV','NMV.db','1.1','2016-12-19T15:47','1.6.2','garygriswold');
INSERT INTO "Identity" VALUES('WEB','WEB.db','1.1','2016-12-19T15:47','1.6.2','garygriswold');
CREATE INDEX Version_silCode_index ON Version(silCode);
CREATE INDEX Version_ownerCode_index ON Version(ownerCode);
CREATE INDEX Region_awsRegion_index ON Region(awsRegion);
CREATE INDEX DownloadURL_awsRegion_index ON DownloadURL(awsRegion);
CREATE INDEX CountryVersion_versionCode_index ON CountryVersion(versionCode);
CREATE INDEX DefaultVersion_filename_index ON DefaultVersion(filename);
CREATE INDEX Video_langCode ON Video (langCode);
COMMIT;
